date,city,name,platform,address,neighborhood,food_type,categories,rating,num_ratings,price_range,delivery_fee,delivery_time,min_order,is_promoted,is_new,latitude,longitude,restaurant_url,image_url,source_url,crawl_id
,,800 Burgers 🍔,Just Eat,"Calle Chantada, 16, Madrid, 28029",Madrid,Hamburguesas,Hamburguesas|Americana,4.1,2,,,,,False,False,,,https://www.just-eat.es/restaurants-800-burgers-madrid/menu,"https://just-eat-prod-eu-res.cloudinary.com/image/upload/c_fill,f_auto,q_auto,w_1200,h_630,d_es:cuisines:hamburguesas-5.jpg/v1/es/restaurants/64845.jpg",https://www.just-eat.es/restaurants-800-burgers-madrid/menu,CC-MAIN-2023-23
,,10/18 Pizza,Just Eat,"Calle Mónaco, 17, Las Rozas, 28232",Las Rozas,Pizza,Pizza|Italiana,4.4,323,,,,,False,False,,,https://www.just-eat.es/restaurants-1018pizzalasrozas/menu,"https://just-eat-prod-eu-res.cloudinary.com/image/upload/c_fill,f_auto,q_auto,w_1200,h_630,d_es:cuisines:pizza-5.jpg/v1/es/restaurants/25855.jpg",https://www.just-eat.es/restaurants-1018pizzalasrozas/,CC-MAIN-2023-23
,,100 Montaditos Atienza,Just Eat,"Calle Atienza, 1, Alcalá de Henares, 28805",Alcalá de Henares,Bocadillos/Wraps,Bocadillos/Wraps|Española,4.5,64,,,,,False,False,,,https://www.just-eat.es/restaurants-100-montaditos-atienza-alcala-de-henares/menu,"https://just-eat-prod-eu-res.cloudinary.com/image/upload/c_fill,f_auto,q_auto,w_1200,h_630,d_es:cuisines:bocadillos-wraps-1.jpg/v1/es/restaurants/35511.jpg",https://www.just-eat.es/restaurants-100-montaditos-atienza-alcala-de-henares/menu,CC-MAIN-2023-23
,,Dirty Vegan Burgers by Taster - Cornellà,Just Eat,"Carrer de Cornellà Modern, 62, Cornellà de Llobregat, 08940",Cornellà de Llobregat,Americana,Americana|Hamburguesas,,,,,,,False,False,,,https://www.just-eat.es/restaurants-a-burgers---dirty-vegan-burgers-by-taster-08940/menu,"https://just-eat-prod-eu-res.cloudinary.com/image/upload/c_fill,f_auto,q_auto,w_1200,h_630,d_es:cuisines:americana-6.jpg/v1/es/restaurants/74736.jpg",https://www.just-eat.es/restaurants-a-burgers---dirty-vegan-burgers-by-taster-08940/menu,CC-MAIN-2023-23
,,13 Repulgues Gastronomía Argentina,Just Eat,"Carrer dels Serrans, 20, València, 46003",València,Argentina,Argentina|Empanadas,4.1,9,,,,,False,False,,,https://www.just-eat.es/restaurants-13-repulgues-gastronomia-argentina-46003/menu,"https://just-eat-prod-eu-res.cloudinary.com/image/upload/c_fill,f_auto,q_auto,w_1200,h_630,d_es:cuisines:argentina-9.jpg/v1/es/restaurants/74659.jpg",https://www.just-eat.es/restaurants-13-repulgues-gastronomia-argentina-46003/menu,CC-MAIN-2023-23
,A Coruna,Apodemia,Glovo,,,,,,,,,,,False,False,,,https://glovoapp.com/es/es/a-coruna/,"https://res.cloudinary.com/glovoapp/image/fetch/f_svg,q_auto:low/https://glovoapp.com/images/svg/top-banner-background.svg",https://glovoapp.com/es/es/a-coruna/apodemia-a-coruna/,CC-MAIN-2023-23
,A Coruna,New in,Glovo,,,,,,,,,,,False,False,,,https://glovoapp.com/es/es/a-coruna/apodemia-a-coruna/,"https://res.cloudinary.com/glovoapp/image/fetch/f_svg,q_auto:low/https://glovoapp.com/images/svg/sections-square.svg",https://glovoapp.com/es/es/a-coruna/apodemia-a-coruna/,CC-MAIN-2023-23
,A Coruna,Preguntas frecuentes,Glovo,,,,,,,,,,,False,False,,,,"https://res.cloudinary.com/glovoapp/image/fetch/f_svg,q_auto:low/https://glovoapp.com/images/svg/faq-icon.svg",https://glovoapp.com/es/es/a-coruna/apodemia-a-coruna/,CC-MAIN-2023-23
,A Coruna,Oro,Glovo,,,,,,,,,,,False,False,,,https://glovoapp.com/es/es/a-coruna/apodemia-a-coruna/,"https://res.cloudinary.com/glovoapp/image/fetch/f_svg,q_auto:low/https://glovoapp.com/images/svg/sections-square.svg",https://glovoapp.com/es/es/a-coruna/apodemia-a-coruna/?content=best-sellers-sc.227523444%2Fcollares-c.1250109959,CC-MAIN-2023-23
,Alcala De Henares,Kebab Nazar,Glovo,,,Arabe 34690,,4.75,270,,,,,False,False,,,https://glovoapp.com/es/es/alcala-de-henares/kebab-nazar-alcala-de-henares/,"https://res.cloudinary.com/glovoapp/image/fetch/f_svg,c_pad,q_auto:low,h_179,w_351,b_transparent/https://glovoapp.com/images/svg/bckg-pattern.svg",https://glovoapp.com/es/es/alcala-de-henares/restaurantes_1/arabe_34690/,CC-MAIN-2023-23
,Alcala De Henares,King Doner Kebab,Glovo,,,Arabe 34690,,4.75,76,,,,,False,False,,,https://glovoapp.com/es/es/alcala-de-henares/king-doner-kebab-alcala-de-henares/,"https://res.cloudinary.com/glovoapp/image/fetch/f_svg,c_pad,q_auto:low,h_179,w_351,b_transparent/https://glovoapp.com/images/svg/bckg-pattern.svg",https://glovoapp.com/es/es/alcala-de-henares/restaurantes_1/arabe_34690/,CC-MAIN-2023-23
,Alcala De Henares,Kebab Constitución,Glovo,,,Arabe 34690,,4.6,176,,,,,False,False,,,https://glovoapp.com/es/es/alcala-de-henares/kebab-constitucion-alcala-de-henares/,"https://res.cloudinary.com/glovoapp/image/fetch/f_svg,c_pad,q_auto:low,h_179,w_351,b_transparent/https://glovoapp.com/images/svg/bckg-pattern.svg",https://glovoapp.com/es/es/alcala-de-henares/restaurantes_1/arabe_34690/,CC-MAIN-2023-23
,Alcala De Henares,The Urban Kebab,Glovo,,,Arabe 34690,,,,,,,,False,False,,,https://glovoapp.com/es/es/alcala-de-henares/the-urban-kebab-alcala-de-henares/,"https://res.cloudinary.com/glovoapp/image/fetch/f_svg,c_pad,q_auto:low,h_179,w_351,b_transparent/https://glovoapp.com/images/svg/bckg-pattern.svg",https://glovoapp.com/es/es/alcala-de-henares/restaurantes_1/arabe_34690/,CC-MAIN-2023-23
,Alcala De Henares,Kebabish,Glovo,,,Arabe 34690,,4.3,46,,,,,False,False,,,https://glovoapp.com/es/es/alcala-de-henares/kebabish-hen/,"https://res.cloudinary.com/glovoapp/image/fetch/f_svg,c_pad,q_auto:low,h_179,w_351,b_transparent/https://glovoapp.com/images/svg/bckg-pattern.svg",https://glovoapp.com/es/es/alcala-de-henares/restaurantes_1/arabe_34690/,CC-MAIN-2023-23
,Alcala De Henares,Dubai Kebab,Glovo,,,Arabe 34690,,4.7,68,,,,,False,False,,,https://glovoapp.com/es/es/alcala-de-henares/dubai-kebab-alcala-de-henares/,"https://res.cloudinary.com/glovoapp/image/fetch/f_svg,c_pad,q_auto:low,h_179,w_351,b_transparent/https://glovoapp.com/images/svg/bckg-pattern.svg",https://glovoapp.com/es/es/alcala-de-henares/restaurantes_1/arabe_34690/,CC-MAIN-2023-23
,Alcala De Henares,Pareesa Kebab,Glovo,,,Arabe 34690,,4.35,33,,,,,False,False,,,https://glovoapp.com/es/es/alcala-de-henares/pareesa-kebab-alcala-de-henares/,"https://res.cloudinary.com/glovoapp/image/fetch/f_svg,c_pad,q_auto:low,h_179,w_351,b_transparent/https://glovoapp.com/images/svg/bckg-pattern.svg",https://glovoapp.com/es/es/alcala-de-henares/restaurantes_1/arabe_34690/,CC-MAIN-2023-23
,Alcala De Henares,Walibaba Kebab House,Glovo,,,Arabe 34690,,4.4,10,,,,,False,False,,,https://glovoapp.com/es/es/alcala-de-henares/walibaba-kebab-house-alcala-de-hernares/,"https://res.cloudinary.com/glovoapp/image/fetch/f_svg,c_pad,q_auto:low,h_179,w_351,b_transparent/https://glovoapp.com/images/svg/bckg-pattern.svg",https://glovoapp.com/es/es/alcala-de-henares/restaurantes_1/arabe_34690/,CC-MAIN-2023-23
,Alcala De Henares,Torrejon Doner Kebab House,Glovo,,,Arabe 34690,,4.2,30,,,,,False,False,,,https://glovoapp.com/es/es/alcala-de-henares/torrejon-doner-kebab-house-alcala-de-henares/,"https://res.cloudinary.com/glovoapp/image/fetch/f_svg,c_pad,q_auto:low,h_179,w_351,b_transparent/https://glovoapp.com/images/svg/bckg-pattern.svg",https://glovoapp.com/es/es/alcala-de-henares/restaurantes_1/arabe_34690/,CC-MAIN-2023-23
,Alcala De Henares,Kebab Barbacoa Alcalá De Henares,Glovo,,,Arabe 34690,,4.1,47,,,,,False,False,,,https://glovoapp.com/es/es/alcala-de-henares/kebab-barbacoa-alcala-de-henares/,"https://res.cloudinary.com/glovoapp/image/fetch/f_svg,c_pad,q_auto:low,h_179,w_351,b_transparent/https://glovoapp.com/images/svg/bckg-pattern.svg",https://glovoapp.com/es/es/alcala-de-henares/restaurantes_1/arabe_34690/,CC-MAIN-2023-23
,Alcala De Henares,Más Kebab Alcalá,Glovo,,,Arabe 34690,,4.8,86,,,,,False,False,,,https://glovoapp.com/es/es/alcala-de-henares/mas-kebab-alcala-alcala-de-henares/,"https://res.cloudinary.com/glovoapp/image/fetch/f_svg,c_pad,q_auto:low,h_179,w_351,b_transparent/https://glovoapp.com/images/svg/bckg-pattern.svg",https://glovoapp.com/es/es/alcala-de-henares/restaurantes_1/arabe_34690/,CC-MAIN-2023-23
,Alcala De Henares,Taj Mahal Blue,Glovo,,,Arabe 34690,,5.0,10,,,,,False,False,,,https://glovoapp.com/es/es/alcala-de-henares/taj-mahal-blue-restaurant-alcala-de-henares/,"https://res.cloudinary.com/glovoapp/image/fetch/f_svg,c_pad,q_auto:low,h_179,w_351,b_transparent/https://glovoapp.com/images/svg/bckg-pattern.svg",https://glovoapp.com/es/es/alcala-de-henares/restaurantes_1/arabe_34690/,CC-MAIN-2023-23
,Alcala De Henares,Moti Kebab House,Glovo,,,Arabe 34690,,4.75,39,,,,,False,False,,,https://glovoapp.com/es/es/alcala-de-henares/moti-kebab-house-alcala-de-henares/,"https://res.cloudinary.com/glovoapp/image/fetch/f_svg,c_pad,q_auto:low,h_179,w_351,b_transparent/https://glovoapp.com/images/svg/bckg-pattern.svg",https://glovoapp.com/es/es/alcala-de-henares/restaurantes_1/arabe_34690/,CC-MAIN-2023-23
,Alcala De Henares,Kebab Alcalá,Glovo,,,Arabe 34690,,4.75,22,,,,,False,False,,,https://glovoapp.com/es/es/alcala-de-henares/kebab-alcala-alcala-de-henares/,"https://res.cloudinary.com/glovoapp/image/fetch/f_svg,c_pad,q_auto:low,h_179,w_351,b_transparent/https://glovoapp.com/images/svg/bckg-pattern.svg",https://glovoapp.com/es/es/alcala-de-henares/restaurantes_1/arabe_34690/,CC-MAIN-2023-23
,Alcala De Henares,Kebab House,Glovo,,,Arabe 34690,,4.6,11,,,,,False,False,,,https://glovoapp.com/es/es/alcala-de-henares/kebab-house-alcala-de-henares/,"https://res.cloudinary.com/glovoapp/image/fetch/f_svg,c_pad,q_auto:low,h_179,w_351,b_transparent/https://glovoapp.com/images/svg/bckg-pattern.svg",https://glovoapp.com/es/es/alcala-de-henares/restaurantes_1/arabe_34690/,CC-MAIN-2023-23
,Alcala De Henares,Doner Garden,Glovo,,,Arabe 34690,,4.55,88,,,,,False,False,,,https://glovoapp.com/es/es/alcala-de-henares/doner-garden-alcala-henares/,"https://res.cloudinary.com/glovoapp/image/fetch/f_svg,c_pad,q_auto:low,h_179,w_351,b_transparent/https://glovoapp.com/images/svg/bckg-pattern.svg",https://glovoapp.com/es/es/alcala-de-henares/restaurantes_1/arabe_34690/,CC-MAIN-2023-23
,Alcala De Henares,Shawarma 28,Glovo,,,Arabe 34690,,4.6,33,,,,,False,False,,,https://glovoapp.com/es/es/alcala-de-henares/shawarma-28-alcala-de-henares/,"https://res.cloudinary.com/glovoapp/image/fetch/f_svg,c_pad,q_auto:low,h_179,w_351,b_transparent/https://glovoapp.com/images/svg/bckg-pattern.svg",https://glovoapp.com/es/es/alcala-de-henares/restaurantes_1/arabe_34690/,CC-MAIN-2023-23
,Alcala De Henares,Madrid Kebab,Glovo,,,Arabe 34690,,4.5,17,,,,,False,False,,,https://glovoapp.com/es/es/alcala-de-henares/madrid-kebab-alcala-de-henares/,"https://res.cloudinary.com/glovoapp/image/fetch/f_svg,c_pad,q_auto:low,h_179,w_351,b_transparent/https://glovoapp.com/images/svg/bckg-pattern.svg",https://glovoapp.com/es/es/alcala-de-henares/restaurantes_1/arabe_34690/,CC-MAIN-2023-23
,Alcala De Henares,Kebab Parsa,Glovo,,,Arabe 34690,,,,,,,,False,False,,,https://glovoapp.com/es/es/alcala-de-henares/kebab-parsa-alcala-de-henares/,"https://res.cloudinary.com/glovoapp/image/fetch/f_svg,c_pad,q_auto:low,h_179,w_351,b_transparent/https://glovoapp.com/images/svg/bckg-pattern.svg",https://glovoapp.com/es/es/alcala-de-henares/restaurantes_1/arabe_34690/,CC-MAIN-2023-23
,Alcala De Henares,Kebab Ela,Glovo,,,Arabe 34690,,4.3,10,,,,,False,False,,,https://glovoapp.com/es/es/alcala-de-henares/kebab-ela-alcala-de-henares/,"https://res.cloudinary.com/glovoapp/image/fetch/f_svg,c_pad,q_auto:low,h_179,w_351,b_transparent/https://glovoapp.com/images/svg/bckg-pattern.svg",https://glovoapp.com/es/es/alcala-de-henares/restaurantes_1/arabe_34690/,CC-MAIN-2023-23
,Alcala De Henares,Doner kebab,Glovo,,,Arabe 34690,,,,,,,,False,False,,,https://glovoapp.com/es/es/alcala-de-henares/doner-kebab-alcala-de-henares/,"https://res.cloudinary.com/glovoapp/image/fetch/f_svg,c_pad,q_auto:low,h_179,w_351,b_transparent/https://glovoapp.com/images/svg/bckg-pattern.svg",https://glovoapp.com/es/es/alcala-de-henares/restaurantes_1/arabe_34690/,CC-MAIN-2023-23
,Alcala De Henares,Dubai Kebab Y Pizza,Glovo,,,Arabe 34690,,2.95,22,,,,,False,False,,,https://glovoapp.com/es/es/alcala-de-henares/dubai-kebab-y-pizza-acala-de-henares-y-torrejon-de-ardoz/,"https://res.cloudinary.com/glovoapp/image/fetch/f_svg,c_pad,q_auto:low,h_179,w_351,b_transparent/https://glovoapp.com/images/svg/bckg-pattern.svg",https://glovoapp.com/es/es/alcala-de-henares/restaurantes_1/arabe_34690/,CC-MAIN-2023-23
,Alcala De Henares,Tui Kebab Pizzería,Glovo,,,Arabe 34690,,4.65,41,,,,,False,False,,,https://glovoapp.com/es/es/alcala-de-henares/tui-kebab-pizzeria-alcala-de-henares/,"https://res.cloudinary.com/glovoapp/image/fetch/f_svg,c_pad,q_auto:low,h_179,w_351,b_transparent/https://glovoapp.com/images/svg/bckg-pattern.svg",https://glovoapp.com/es/es/alcala-de-henares/restaurantes_1/arabe_34690/,CC-MAIN-2023-23
,Alcala De Henares,La Estrella Fried Bar,Glovo,,,Arabe 34690,,4.65,10,,,,,False,False,,,https://glovoapp.com/es/es/alcala-de-henares/la-estrella-fried-bar-alcala-de-henares/,"https://res.cloudinary.com/glovoapp/image/fetch/f_svg,c_pad,q_auto:low,h_179,w_351,b_transparent/https://glovoapp.com/images/svg/bckg-pattern.svg",https://glovoapp.com/es/es/alcala-de-henares/restaurantes_1/arabe_34690/,CC-MAIN-2023-23
,Alcala De Henares,La Estrella Hamburguesa Bar,Glovo,,,Arabe 34690,,,,,,,,False,False,,,https://glovoapp.com/es/es/alcala-de-henares/la-estrella-hamburguesa-bar-alcala-de-henares/,"https://res.cloudinary.com/glovoapp/image/fetch/f_svg,c_pad,q_auto:low,h_179,w_351,b_transparent/https://glovoapp.com/images/svg/bckg-pattern.svg",https://glovoapp.com/es/es/alcala-de-henares/restaurantes_1/arabe_34690/,CC-MAIN-2023-23
,Alcala De Henares,TC Shawarmas,Glovo,,,Arabe 34690,,4.6,35,,,,,False,False,,,https://glovoapp.com/es/es/alcala-de-henares/tc-shawarmas-alcala-de-henares/,"https://res.cloudinary.com/glovoapp/image/fetch/f_svg,c_pad,q_auto:low,h_179,w_351,b_transparent/https://glovoapp.com/images/svg/bckg-pattern.svg",https://glovoapp.com/es/es/alcala-de-henares/restaurantes_1/arabe_34690/,CC-MAIN-2023-23
,Alcala De Henares,Beykebap Oasiz,Glovo,,,Arabe 34690,,4.7,72,,,,,False,False,,,https://glovoapp.com/es/es/alcala-de-henares/beykebap-oasiz-alcala-de-henares/,"https://res.cloudinary.com/glovoapp/image/fetch/f_svg,c_pad,q_auto:low,h_179,w_351,b_transparent/https://glovoapp.com/images/svg/bckg-pattern.svg",https://glovoapp.com/es/es/alcala-de-henares/restaurantes_1/arabe_34690/,CC-MAIN-2023-23
,Alcala De Henares,La Cocina De Ela,Glovo,,,Arabe 34690,,,,,,,,False,False,,,https://glovoapp.com/es/es/alcala-de-henares/la-cocina-de-ela-alcala-de-henares/,"https://res.cloudinary.com/glovoapp/image/fetch/f_svg,c_pad,q_auto:low,h_179,w_351,b_transparent/https://glovoapp.com/images/svg/bckg-pattern.svg",https://glovoapp.com/es/es/alcala-de-henares/restaurantes_1/arabe_34690/,CC-MAIN-2023-23
,Alcala De Henares,Asia Doner Kebab 2,Glovo,,,Arabe 34690,,4.75,66,,,,,False,False,,,https://glovoapp.com/es/es/alcala-de-henares/asia-doner-kebab-2-alcala-de-henares/,"https://res.cloudinary.com/glovoapp/image/fetch/f_svg,c_pad,q_auto:low,h_179,w_351,b_transparent/https://glovoapp.com/images/svg/bckg-pattern.svg",https://glovoapp.com/es/es/alcala-de-henares/restaurantes_1/arabe_34690/,CC-MAIN-2023-23
,Alcala De Henares,Estrella Bar - Kebab,Glovo,,,Arabe 34690,,,,,,,,False,False,,,https://glovoapp.com/es/es/alcala-de-henares/estrella-bar-kebab-alcala-de-henares/,"https://res.cloudinary.com/glovoapp/image/fetch/f_svg,c_pad,q_auto:low,h_179,w_351,b_transparent/https://glovoapp.com/images/svg/bckg-pattern.svg",https://glovoapp.com/es/es/alcala-de-henares/restaurantes_1/arabe_34690/,CC-MAIN-2023-23
,Alcala De Henares,Pizzería La Bufala & Kebab House,Glovo,,,Arabe 34690,,,,,,,,False,False,,,https://glovoapp.com/es/es/alcala-de-henares/pizzeria-la-bufala-and-kebab-house-hen/,"https://res.cloudinary.com/glovoapp/image/fetch/f_svg,c_pad,q_auto:low,h_179,w_351,b_transparent/https://glovoapp.com/images/svg/bckg-pattern.svg",https://glovoapp.com/es/es/alcala-de-henares/restaurantes_1/arabe_34690/,CC-MAIN-2023-23
,A Coruna,Gasthof,Glovo,,,,,4.95,390,,,,,False,False,,,https://glovoapp.com/es/es/a-coruna/gasthof-a-grela-a-coruna/,"https://res.cloudinary.com/glovoapp/image/fetch/f_svg,c_pad,q_auto:low,h_179,w_351,b_transparent/https://glovoapp.com/images/svg/bckg-pattern.svg",https://glovoapp.com/es/es/a-coruna/restaurantes_1/search-glovo/gasthof/,CC-MAIN-2023-23
,Alcala De Henares,Pomodoro,Glovo,,,Pizza 34701,,4.8,129,,,,,False,False,,,https://glovoapp.com/es/es/alcala-de-henares/pomodoro-alcala-de-henares/,"https://res.cloudinary.com/glovoapp/image/fetch/f_svg,c_pad,q_auto:low,h_179,w_351,b_transparent/https://glovoapp.com/images/svg/bckg-pattern.svg",https://glovoapp.com/es/es/alcala-de-henares/restaurantes_1/pizza_34701/,CC-MAIN-2023-23
,Alcala De Henares,Pizzería Alcalá,Glovo,,,Pizza 34701,,4.55,125,,,,,False,False,,,https://glovoapp.com/es/es/alcala-de-henares/pizzeria-alcala-alcala-de-henares-y-torrejon-de-ardoz/,"https://res.cloudinary.com/glovoapp/image/fetch/f_svg,c_pad,q_auto:low,h_179,w_351,b_transparent/https://glovoapp.com/images/svg/bckg-pattern.svg",https://glovoapp.com/es/es/alcala-de-henares/restaurantes_1/pizza_34701/,CC-MAIN-2023-23
,Alcala De Henares,Pizza Hut,Glovo,,,Pizza 34701,,4.65,176,,,,,False,False,,,https://glovoapp.com/es/es/alcala-de-henares/pizza-hut-alcal-de-henares/,"https://res.cloudinary.com/glovoapp/image/fetch/f_svg,c_pad,q_auto:low,h_179,w_351,b_transparent/https://glovoapp.com/images/svg/bckg-pattern.svg",https://glovoapp.com/es/es/alcala-de-henares/restaurantes_1/pizza_34701/,CC-MAIN-2023-23
,Alcala De Henares,Pizzería Carlos,Glovo,,,Pizza 34701,,4.9,134,,,,,False,False,,,https://glovoapp.com/es/es/alcala-de-henares/pizzeria-carlos-alcala-de-henares/,"https://res.cloudinary.com/glovoapp/image/fetch/f_svg,c_pad,q_auto:low,h_179,w_351,b_transparent/https://glovoapp.com/images/svg/bckg-pattern.svg",https://glovoapp.com/es/es/alcala-de-henares/restaurantes_1/pizza_34701/,CC-MAIN-2023-23
,Alcala De Henares,Papizza,Glovo,,,Pizza 34701,,4.9,41,,,,,False,False,,,https://glovoapp.com/es/es/alcala-de-henares/papizza-hen/,"https://res.cloudinary.com/glovoapp/image/fetch/f_svg,c_pad,q_auto:low,h_179,w_351,b_transparent/https://glovoapp.com/images/svg/bckg-pattern.svg",https://glovoapp.com/es/es/alcala-de-henares/restaurantes_1/pizza_34701/,CC-MAIN-2023-23
,Alcala De Henares,L'Impasto Pizzería,Glovo,,,Pizza 34701,,4.75,80,,,,,False,False,,,https://glovoapp.com/es/es/alcala-de-henares/limpasto-pizzeria-alcala-de-henares-y-torrejon-de-ardoz/,"https://res.cloudinary.com/glovoapp/image/fetch/f_svg,c_pad,q_auto:low,h_179,w_351,b_transparent/https://glovoapp.com/images/svg/bckg-pattern.svg",https://glovoapp.com/es/es/alcala-de-henares/restaurantes_1/pizza_34701/,CC-MAIN-2023-23
,Alcala De Henares,King Kebab Pizzeria,Glovo,,,Pizza 34701,,5.0,27,,,,,False,False,,,https://glovoapp.com/es/es/alcala-de-henares/king-kebab-pizzeria-alcala-de-henares/,"https://res.cloudinary.com/glovoapp/image/fetch/f_svg,c_pad,q_auto:low,h_179,w_351,b_transparent/https://glovoapp.com/images/svg/bckg-pattern.svg",https://glovoapp.com/es/es/alcala-de-henares/restaurantes_1/pizza_34701/,CC-MAIN-2023-23
,Alcala De Henares,Sabora Pizza,Glovo,,,Pizza 34701,,4.75,35,,,,,False,False,,,https://glovoapp.com/es/es/alcala-de-henares/sabora-pizza-alcala-de-henares/,"https://res.cloudinary.com/glovoapp/image/fetch/f_svg,c_pad,q_auto:low,h_179,w_351,b_transparent/https://glovoapp.com/images/svg/bckg-pattern.svg",https://glovoapp.com/es/es/alcala-de-henares/restaurantes_1/pizza_34701/,CC-MAIN-2023-23
,Alcala De Henares,Puerto Madero - Alcalá De Henares,Glovo,,,Pizza 34701,,5.0,39,,,,,False,False,,,https://glovoapp.com/es/es/alcala-de-henares/puerto-madero-alcala-de-henares-alcala-de-henares/,"https://res.cloudinary.com/glovoapp/image/fetch/f_svg,c_pad,q_auto:low,h_179,w_351,b_transparent/https://glovoapp.com/images/svg/bckg-pattern.svg",https://glovoapp.com/es/es/alcala-de-henares/restaurantes_1/pizza_34701/,CC-MAIN-2023-23
,Alcala De Henares,Pizza Nápoles Alcalá,Glovo,,,Pizza 34701,,,,,,,,False,False,,,https://glovoapp.com/es/es/alcala-de-henares/pizza-napoles-alcala-alcala-de-henares/,"https://res.cloudinary.com/glovoapp/image/fetch/f_svg,c_pad,q_auto:low,h_179,w_351,b_transparent/https://glovoapp.com/images/svg/bckg-pattern.svg",https://glovoapp.com/es/es/alcala-de-henares/restaurantes_1/pizza_34701/,CC-MAIN-2023-23
,Alcala De Henares,Pizzería Hot&Cold,Glovo,,,Pizza 34701,,5.0,14,,,,,False,False,,,https://glovoapp.com/es/es/alcala-de-henares/pizzeria-hotandcold-alcala-de-henares/,"https://res.cloudinary.com/glovoapp/image/fetch/f_svg,c_pad,q_auto:low,h_179,w_351,b_transparent/https://glovoapp.com/images/svg/bckg-pattern.svg",https://glovoapp.com/es/es/alcala-de-henares/restaurantes_1/pizza_34701/,CC-MAIN-2023-23
,Alcala De Henares,Papa John's,Glovo,,,Pizza 34701,,4.7,182,,,,,False,False,,,https://glovoapp.com/es/es/alcala-de-henares/papa-john-s-hen/,"https://res.cloudinary.com/glovoapp/image/fetch/f_svg,c_pad,q_auto:low,h_179,w_351,b_transparent/https://glovoapp.com/images/svg/bckg-pattern.svg",https://glovoapp.com/es/es/alcala-de-henares/restaurantes_1/pizza_34701/,CC-MAIN-2023-23
,Alcala De Henares,IT - Italian Trattoria,Glovo,,,Pizza 34701,,3.9,55,,,,,False,False,,,https://glovoapp.com/es/es/alcala-de-henares/it-italian-trattoria-alcala-de-henares-y-torrejon-de-ardoz/,"https://res.cloudinary.com/glovoapp/image/fetch/f_svg,c_pad,q_auto:low,h_179,w_351,b_transparent/https://glovoapp.com/images/svg/bckg-pattern.svg",https://glovoapp.com/es/es/alcala-de-henares/restaurantes_1/pizza_34701/,CC-MAIN-2023-23
,Alcala De Henares,Ca'Tabla,Glovo,,,Pizza 34701,,4.8,65,,,,,False,False,,,https://glovoapp.com/es/es/alcala-de-henares/ca-tabla-alcala-de-henares-y-torrejon-de-ardoz/,"https://res.cloudinary.com/glovoapp/image/fetch/f_svg,c_pad,q_auto:low,h_179,w_351,b_transparent/https://glovoapp.com/images/svg/bckg-pattern.svg",https://glovoapp.com/es/es/alcala-de-henares/restaurantes_1/pizza_34701/,CC-MAIN-2023-23
,Alcala De Henares,Pizzería Bella Napoli,Glovo,,,Pizza 34701,,4.8,36,,,,,False,False,,,https://glovoapp.com/es/es/alcala-de-henares/pizzeria-bella-napoli-alcala-de-hernares/,"https://res.cloudinary.com/glovoapp/image/fetch/f_svg,c_pad,q_auto:low,h_179,w_351,b_transparent/https://glovoapp.com/images/svg/bckg-pattern.svg",https://glovoapp.com/es/es/alcala-de-henares/restaurantes_1/pizza_34701/,CC-MAIN-2023-23
,Alcala De Henares,Pizzería Turca,Glovo,,,Pizza 34701,,,,,,,,False,False,,,https://glovoapp.com/es/es/alcala-de-henares/pizzeria-turca-alcala-de-henares/,"https://res.cloudinary.com/glovoapp/image/fetch/f_svg,c_pad,q_auto:low,h_179,w_351,b_transparent/https://glovoapp.com/images/svg/bckg-pattern.svg",https://glovoapp.com/es/es/alcala-de-henares/restaurantes_1/pizza_34701/,CC-MAIN-2023-23
,Alcala De Henares,Domino's Pizza,Glovo,,,Pizza 34701,,4.8,87,,,,,False,False,,,https://glovoapp.com/es/es/alcala-de-henares/dominos-pizza-alcala-de-henares/,"https://res.cloudinary.com/glovoapp/image/fetch/f_svg,c_pad,q_auto:low,h_179,w_351,b_transparent/https://glovoapp.com/images/svg/bckg-pattern.svg",https://glovoapp.com/es/es/alcala-de-henares/restaurantes_1/pizza_34701/,CC-MAIN-2023-23
,Alcala De Henares,Francesco's Pizza,Glovo,,,Pizza 34701,,4.7,117,,,,,False,False,,,https://glovoapp.com/es/es/alcala-de-henares/francescos-pizza/,"https://res.cloudinary.com/glovoapp/image/fetch/f_svg,c_pad,q_auto:low,h_179,w_351,b_transparent/https://glovoapp.com/images/svg/bckg-pattern.svg",https://glovoapp.com/es/es/alcala-de-henares/restaurantes_1/pizza_34701/,CC-MAIN-2023-23
,Alcala De Henares,Telepizza,Glovo,,,Pizza 34701,,4.85,43,,,,,False,False,,,https://glovoapp.com/es/es/alcala-de-henares/telepizza-alcaladehenares/,"https://res.cloudinary.com/glovoapp/image/fetch/f_svg,c_pad,q_auto:low,h_179,w_351,b_transparent/https://glovoapp.com/images/svg/bckg-pattern.svg",https://glovoapp.com/es/es/alcala-de-henares/restaurantes_1/pizza_34701/,CC-MAIN-2023-23
,Alcala De Henares,Bresca,Glovo,,,Pizza 34701,,4.85,92,,,,,False,False,,,https://glovoapp.com/es/es/alcala-de-henares/bresca-henares/,"https://res.cloudinary.com/glovoapp/image/fetch/f_svg,c_pad,q_auto:low,h_179,w_351,b_transparent/https://glovoapp.com/images/svg/bckg-pattern.svg",https://glovoapp.com/es/es/alcala-de-henares/restaurantes_1/pizza_34701/,CC-MAIN-2023-23
,Alcala De Henares,Green Pizza,Glovo,,,Pizza 34701,,5.0,19,,,,,False,False,,,https://glovoapp.com/es/es/alcala-de-henares/green-pizza-alcala-de-henares/,"https://res.cloudinary.com/glovoapp/image/fetch/f_svg,c_pad,q_auto:low,h_179,w_351,b_transparent/https://glovoapp.com/images/svg/bckg-pattern.svg",https://glovoapp.com/es/es/alcala-de-henares/restaurantes_1/pizza_34701/,CC-MAIN-2023-23
,Alcala De Henares,Asador Colhen,Glovo,,,Pizza 34701,,,,,,,,False,False,,,https://glovoapp.com/es/es/alcala-de-henares/asador-colhen-alcala-de-henares/,"https://res.cloudinary.com/glovoapp/image/fetch/f_svg,c_pad,q_auto:low,h_179,w_351,b_transparent/https://glovoapp.com/images/svg/bckg-pattern.svg",https://glovoapp.com/es/es/alcala-de-henares/restaurantes_1/pizza_34701/,CC-MAIN-2023-23
,Alcala De Henares,Bellísima Pizza Alcalá,Glovo,,,Pizza 34701,,,,,,,,False,False,,,https://glovoapp.com/es/es/alcala-de-henares/bellisima-pizza-alcala-alcala-de-henares/,"https://res.cloudinary.com/glovoapp/image/fetch/f_svg,c_pad,q_auto:low,h_179,w_351,b_transparent/https://glovoapp.com/images/svg/bckg-pattern.svg",https://glovoapp.com/es/es/alcala-de-henares/restaurantes_1/pizza_34701/,CC-MAIN-2023-23
,Alcala De Henares,Buenaventura Alcalá,Glovo,,,Pizza 34701,,,,,,,,False,False,,,https://glovoapp.com/es/es/alcala-de-henares/buenaventura-alcala-alcala-de-henares/,"https://res.cloudinary.com/glovoapp/image/fetch/f_svg,c_pad,q_auto:low,h_179,w_351,b_transparent/https://glovoapp.com/images/svg/bckg-pattern.svg",https://glovoapp.com/es/es/alcala-de-henares/restaurantes_1/pizza_34701/,CC-MAIN-2023-23
,Alcala De Henares,La Melanzana,Glovo,,,Pizza 34701,,5.0,35,,,,,False,False,,,https://glovoapp.com/es/es/alcala-de-henares/la-melanzana-alcala-de-henares-y-torrejon-de-ardoz/,"https://res.cloudinary.com/glovoapp/image/fetch/f_svg,c_pad,q_auto:low,h_179,w_351,b_transparent/https://glovoapp.com/images/svg/bckg-pattern.svg",https://glovoapp.com/es/es/alcala-de-henares/restaurantes_1/pizza_34701/,CC-MAIN-2023-23
,Alcala De Henares,Alcavalo,Glovo,,,Pizza 34701,,4.7,47,,,,,False,False,,,https://glovoapp.com/es/es/alcala-de-henares/alcavalo-alcala-de-henares/,"https://res.cloudinary.com/glovoapp/image/fetch/f_svg,c_pad,q_auto:low,h_179,w_351,b_transparent/https://glovoapp.com/images/svg/bckg-pattern.svg",https://glovoapp.com/es/es/alcala-de-henares/restaurantes_1/pizza_34701/,CC-MAIN-2023-23
,Alcala De Henares,Pizzeria dino,Glovo,,,Pizza 34701,,4.55,49,,,,,False,False,,,https://glovoapp.com/es/es/alcala-de-henares/pizzeria-dino/,"https://res.cloudinary.com/glovoapp/image/fetch/f_svg,c_pad,q_auto:low,h_179,w_351,b_transparent/https://glovoapp.com/images/svg/bckg-pattern.svg",https://glovoapp.com/es/es/alcala-de-henares/restaurantes_1/pizza_34701/,CC-MAIN-2023-23
,Alcala De Henares,All Natural Pizzería,Glovo,,,Pizza 34701,,,,,,,,False,False,,,https://glovoapp.com/es/es/alcala-de-henares/all-natural-pizzeria-alcala-de-henares/,"https://res.cloudinary.com/glovoapp/image/fetch/f_svg,c_pad,q_auto:low,h_179,w_351,b_transparent/https://glovoapp.com/images/svg/bckg-pattern.svg",https://glovoapp.com/es/es/alcala-de-henares/restaurantes_1/pizza_34701/,CC-MAIN-2023-23
,Alcala De Henares,La Familia,Glovo,,,Pizza 34701,,,,,,,,False,False,,,https://glovoapp.com/es/es/alcala-de-henares/la-familia-alcala-de-henares-y-torrejon-de-ardoz/,"https://res.cloudinary.com/glovoapp/image/fetch/f_svg,c_pad,q_auto:low,h_179,w_351,b_transparent/https://glovoapp.com/images/svg/bckg-pattern.svg",https://glovoapp.com/es/es/alcala-de-henares/restaurantes_1/pizza_34701/,CC-MAIN-2023-23
,Alcala De Henares,Pizza & Grill,Glovo,,,Pizza 34701,,4.8,54,,,,,False,False,,,https://glovoapp.com/es/es/alcala-de-henares/pizza-grill-alcala-de-henares/,"https://res.cloudinary.com/glovoapp/image/fetch/f_svg,c_pad,q_auto:low,h_179,w_351,b_transparent/https://glovoapp.com/images/svg/bckg-pattern.svg",https://glovoapp.com/es/es/alcala-de-henares/restaurantes_1/pizza_34701/,CC-MAIN-2023-23
,Alcala De Henares,Pizzería Búfala,Glovo,,,Pizza 34701,,,,,,,,False,False,,,https://glovoapp.com/es/es/alcala-de-henares/pizzeria-bufala-alcala-de-henares/,"https://res.cloudinary.com/glovoapp/image/fetch/f_svg,c_pad,q_auto:low,h_179,w_351,b_transparent/https://glovoapp.com/images/svg/bckg-pattern.svg",https://glovoapp.com/es/es/alcala-de-henares/restaurantes_1/pizza_34701/,CC-MAIN-2023-23
,Alcala De Henares,Tomate Y Queso,Glovo,,,Pizza 34701,,4.8,29,,,,,False,False,,,https://glovoapp.com/es/es/alcala-de-henares/tomate-y-queso-alcala-de-henares/,"https://res.cloudinary.com/glovoapp/image/fetch/f_svg,c_pad,q_auto:low,h_179,w_351,b_transparent/https://glovoapp.com/images/svg/bckg-pattern.svg",https://glovoapp.com/es/es/alcala-de-henares/restaurantes_1/pizza_34701/,CC-MAIN-2023-23
,Alcala De Henares,La Nonna Pizzeria,Glovo,,,Pizza 34701,,,,,,,,False,False,,,https://glovoapp.com/es/es/alcala-de-henares/la-nonna-alcala-de-henares-y-torrejon-de-ardoz/,"https://res.cloudinary.com/glovoapp/image/fetch/f_svg,c_pad,q_auto:low,h_179,w_351,b_transparent/https://glovoapp.com/images/svg/bckg-pattern.svg",https://glovoapp.com/es/es/alcala-de-henares/restaurantes_1/pizza_34701/,CC-MAIN-2023-23
,Albacete,Reyna Istanbul,Glovo,,,,,4.05,43,,,,,False,False,,,https://glovoapp.com/es/es/albacete/reyna-istanbul-albacete/,"https://res.cloudinary.com/glovoapp/image/fetch/f_svg,c_pad,q_auto:low,h_179,w_351,b_transparent/https://glovoapp.com/images/svg/bckg-pattern.svg",https://glovoapp.com/es/es/albacete/restaurantes_1/,CC-MAIN-2023-23
,Albacete,Restaurante Casa de Oro II,Glovo,,,,,4.45,,,,,,False,False,,,https://glovoapp.com/es/es/albacete/restaurante-casa-de-oro-ii-albacete/,"https://res.cloudinary.com/glovoapp/image/fetch/f_svg,c_pad,q_auto:low,h_179,w_351,b_transparent/https://glovoapp.com/images/svg/bckg-pattern.svg",https://glovoapp.com/es/es/albacete/restaurantes_1/,CC-MAIN-2023-23
,Albacete,Taco Bell,Glovo,,,,,4.8,,,,,,False,False,,,https://glovoapp.com/es/es/albacete/taco-bell-alb/,"https://res.cloudinary.com/glovoapp/image/fetch/f_svg,c_pad,q_auto:low,h_179,w_351,b_transparent/https://glovoapp.com/images/svg/bckg-pattern.svg",https://glovoapp.com/es/es/albacete/restaurantes_1/,CC-MAIN-2023-23
,Albacete,Domino's Pizza,Glovo,,,,,4.85,61,,,,,False,False,,,https://glovoapp.com/es/es/albacete/dominos-pizza-albacete/,"https://res.cloudinary.com/glovoapp/image/fetch/f_svg,c_pad,q_auto:low,h_179,w_351,b_transparent/https://glovoapp.com/images/svg/bckg-pattern.svg",https://glovoapp.com/es/es/albacete/restaurantes_1/,CC-MAIN-2023-23
,Albacete,Camperos Gigantes Malagueños,Glovo,,,,,,,,,,,False,False,,,https://glovoapp.com/es/es/albacete/camperos-gigantes-malaguenos-albacete/,"https://res.cloudinary.com/glovoapp/image/fetch/f_svg,c_pad,q_auto:low,h_179,w_351,b_transparent/https://glovoapp.com/images/svg/bckg-pattern.svg",https://glovoapp.com/es/es/albacete/restaurantes_1/,CC-MAIN-2023-23
,Albacete,Healthy Hunters,Glovo,,,,,4.7,113,,,,,False,False,,,https://glovoapp.com/es/es/albacete/healthy-hunters-albacete/,"https://res.cloudinary.com/glovoapp/image/fetch/f_svg,c_pad,q_auto:low,h_179,w_351,b_transparent/https://glovoapp.com/images/svg/bckg-pattern.svg",https://glovoapp.com/es/es/albacete/restaurantes_1/,CC-MAIN-2023-23
,Albacete,McDonald's®,Glovo,,,,,4.45,,,,,,False,False,,,https://glovoapp.com/es/es/albacete/mcdonald-s-albacete/,"https://res.cloudinary.com/glovoapp/image/fetch/f_svg,c_pad,q_auto:low,h_179,w_351,b_transparent/https://glovoapp.com/images/svg/bckg-pattern.svg",https://glovoapp.com/es/es/albacete/restaurantes_1/,CC-MAIN-2023-23
,Albacete,Pollos Olga,Glovo,,,,,4.75,131,,,,,False,False,,,https://glovoapp.com/es/es/albacete/pollos-olga-albacete/,"https://res.cloudinary.com/glovoapp/image/fetch/f_svg,c_pad,q_auto:low,h_179,w_351,b_transparent/https://glovoapp.com/images/svg/bckg-pattern.svg",https://glovoapp.com/es/es/albacete/restaurantes_1/,CC-MAIN-2023-23
,Albacete,La Cocina Al Día,Glovo,,,,,4.85,53,,,,,False,False,,,https://glovoapp.com/es/es/albacete/la-cocina-al-dia-albacete/,"https://res.cloudinary.com/glovoapp/image/fetch/f_svg,c_pad,q_auto:low,h_179,w_351,b_transparent/https://glovoapp.com/images/svg/bckg-pattern.svg",https://glovoapp.com/es/es/albacete/restaurantes_1/,CC-MAIN-2023-23
,Albacete,Burger King,Glovo,,,,,4.7,364,,,,,False,False,,,https://glovoapp.com/es/es/albacete/burger-king-albacete/,"https://res.cloudinary.com/glovoapp/image/fetch/f_svg,c_pad,q_auto:low,h_179,w_351,b_transparent/https://glovoapp.com/images/svg/bckg-pattern.svg",https://glovoapp.com/es/es/albacete/restaurantes_1/,CC-MAIN-2023-23
,Albacete,Pomodoro,Glovo,,,,,4.15,49,,,,,False,False,,,https://glovoapp.com/es/es/albacete/pomodoro-albacete/,"https://res.cloudinary.com/glovoapp/image/fetch/f_svg,c_pad,q_auto:low,h_179,w_351,b_transparent/https://glovoapp.com/images/svg/bckg-pattern.svg",https://glovoapp.com/es/es/albacete/restaurantes_1/,CC-MAIN-2023-23
,Albacete,Restaurante Sushi Chan,Glovo,,,,,4.75,66,,,,,False,False,,,https://glovoapp.com/es/es/albacete/restaurante-sushi-chan-albacete/,"https://res.cloudinary.com/glovoapp/image/fetch/f_svg,c_pad,q_auto:low,h_179,w_351,b_transparent/https://glovoapp.com/images/svg/bckg-pattern.svg",https://glovoapp.com/es/es/albacete/restaurantes_1/,CC-MAIN-2023-23
,Albacete,llaollao,Glovo,,,,,4.8,29,,,,,False,False,,,https://glovoapp.com/es/es/albacete/llaollao-albacete/,"https://res.cloudinary.com/glovoapp/image/fetch/f_svg,c_pad,q_auto:low,h_179,w_351,b_transparent/https://glovoapp.com/images/svg/bckg-pattern.svg",https://glovoapp.com/es/es/albacete/restaurantes_1/,CC-MAIN-2023-23
,Albacete,Baru Coffee Estate,Glovo,,,,,5.0,13,,,,,False,False,,,https://glovoapp.com/es/es/albacete/baru-coffee-estate-albacete/,"https://res.cloudinary.com/glovoapp/image/fetch/f_svg,c_pad,q_auto:low,h_179,w_351,b_transparent/https://glovoapp.com/images/svg/bckg-pattern.svg",https://glovoapp.com/es/es/albacete/restaurantes_1/,CC-MAIN-2023-23
,Albacete,Al Punto,Glovo,,,,,4.9,26,,,,,False,False,,,https://glovoapp.com/es/es/albacete/al-punto-albacete/,"https://res.cloudinary.com/glovoapp/image/fetch/f_svg,c_pad,q_auto:low,h_179,w_351,b_transparent/https://glovoapp.com/images/svg/bckg-pattern.svg",https://glovoapp.com/es/es/albacete/restaurantes_1/,CC-MAIN-2023-23
,Albacete,Sesamum,Glovo,,,,,4.5,18,,,,,False,False,,,https://glovoapp.com/es/es/albacete/sesamum-albacete/,"https://res.cloudinary.com/glovoapp/image/fetch/f_svg,c_pad,q_auto:low,h_179,w_351,b_transparent/https://glovoapp.com/images/svg/bckg-pattern.svg",https://glovoapp.com/es/es/albacete/restaurantes_1/,CC-MAIN-2023-23
,Albacete,Don Pollo,Glovo,,,,,5.0,120,,,,,False,False,,,https://glovoapp.com/es/es/albacete/don-pollo-albacete/,"https://res.cloudinary.com/glovoapp/image/fetch/f_svg,c_pad,q_auto:low,h_179,w_351,b_transparent/https://glovoapp.com/images/svg/bckg-pattern.svg",https://glovoapp.com/es/es/albacete/restaurantes_1/,CC-MAIN-2023-23
,Albacete,Bar Los Corzos,Glovo,,,,,5.0,50,,,,,False,False,,,https://glovoapp.com/es/es/albacete/bar-los-corzos-albacete/,"https://res.cloudinary.com/glovoapp/image/fetch/f_svg,c_pad,q_auto:low,h_179,w_351,b_transparent/https://glovoapp.com/images/svg/bckg-pattern.svg",https://glovoapp.com/es/es/albacete/restaurantes_1/,CC-MAIN-2023-23
,Albacete,Buddy Boy,Glovo,,,,,4.45,34,,,,,False,False,,,https://glovoapp.com/es/es/albacete/buddy-boy-albacete/,"https://res.cloudinary.com/glovoapp/image/fetch/f_svg,c_pad,q_auto:low,h_179,w_351,b_transparent/https://glovoapp.com/images/svg/bckg-pattern.svg",https://glovoapp.com/es/es/albacete/restaurantes_1/,CC-MAIN-2023-23
,Albacete,Cafetería Sampa,Glovo,,,,,4.8,10,,,,,False,False,,,https://glovoapp.com/es/es/albacete/cafeteria-sampa-albacete/,"https://res.cloudinary.com/glovoapp/image/fetch/f_svg,c_pad,q_auto:low,h_179,w_351,b_transparent/https://glovoapp.com/images/svg/bckg-pattern.svg",https://glovoapp.com/es/es/albacete/restaurantes_1/,CC-MAIN-2023-23
,Albacete,Top Chef Kebab,Glovo,,,,,4.8,44,,,,,False,False,,,https://glovoapp.com/es/es/albacete/top-chef-kebab-albacete/,"https://res.cloudinary.com/glovoapp/image/fetch/f_svg,c_pad,q_auto:low,h_179,w_351,b_transparent/https://glovoapp.com/images/svg/bckg-pattern.svg",https://glovoapp.com/es/es/albacete/restaurantes_1/,CC-MAIN-2023-23
,Albacete,El Pollo Asado De Albacete,Glovo,,,,,3.65,10,,,,,False,False,,,https://glovoapp.com/es/es/albacete/el-pollo-asado-de-albacete-albacete/,"https://res.cloudinary.com/glovoapp/image/fetch/f_svg,c_pad,q_auto:low,h_179,w_351,b_transparent/https://glovoapp.com/images/svg/bckg-pattern.svg",https://glovoapp.com/es/es/albacete/restaurantes_1/,CC-MAIN-2023-23
,Albacete,Ben & Jerry's y Magnum,Glovo,,,,,4.6,53,,,,,False,False,,,https://glovoapp.com/es/es/albacete/unilever-albacete/,"https://res.cloudinary.com/glovoapp/image/fetch/f_svg,c_pad,q_auto:low,h_179,w_351,b_transparent/https://glovoapp.com/images/svg/bckg-pattern.svg",https://glovoapp.com/es/es/albacete/restaurantes_1/,CC-MAIN-2023-23
,Albacete,Kebab Aladino Tejares,Glovo,,,,,4.75,76,,,,,False,False,,,https://glovoapp.com/es/es/albacete/kebab-aladino-tejares-alb/,"https://res.cloudinary.com/glovoapp/image/fetch/f_svg,c_pad,q_auto:low,h_179,w_351,b_transparent/https://glovoapp.com/images/svg/bckg-pattern.svg",https://glovoapp.com/es/es/albacete/restaurantes_1/,CC-MAIN-2023-23
,Albacete,Restaurante Árabe Ouzoud,Glovo,,,,,,,,,,,False,False,,,https://glovoapp.com/es/es/albacete/restaurante-arabe-ouzoud-albacete/,"https://res.cloudinary.com/glovoapp/image/fetch/f_svg,c_pad,q_auto:low,h_179,w_351,b_transparent/https://glovoapp.com/images/svg/bckg-pattern.svg",https://glovoapp.com/es/es/albacete/restaurantes_1/,CC-MAIN-2023-23
,Albacete,Churrería Alvarez,Glovo,,,,,4.3,15,,,,,False,False,,,https://glovoapp.com/es/es/albacete/churreria-alvarez-albacete/,"https://res.cloudinary.com/glovoapp/image/fetch/f_svg,c_pad,q_auto:low,h_179,w_351,b_transparent/https://glovoapp.com/images/svg/bckg-pattern.svg",https://glovoapp.com/es/es/albacete/restaurantes_1/,CC-MAIN-2023-23
,Albacete,Platos Preparados El Corte Inglés,Glovo,,,,,4.6,45,,,,,False,False,,,https://glovoapp.com/es/es/albacete/platos-preparados-el-corte-ingles-albacete/,"https://res.cloudinary.com/glovoapp/image/fetch/f_svg,c_pad,q_auto:low,h_179,w_351,b_transparent/https://glovoapp.com/images/svg/bckg-pattern.svg",https://glovoapp.com/es/es/albacete/restaurantes_1/,CC-MAIN-2023-23
,Albacete,Bar Pancho's,Glovo,,,,,4.95,87,,,,,False,False,,,https://glovoapp.com/es/es/albacete/bar-panchos-albacete/,"https://res.cloudinary.com/glovoapp/image/fetch/f_svg,c_pad,q_auto:low,h_179,w_351,b_transparent/https://glovoapp.com/images/svg/bckg-pattern.svg",https://glovoapp.com/es/es/albacete/restaurantes_1/,CC-MAIN-2023-23
,Albacete,Wok Family,Glovo,,,,,3.95,11,,,,,False,False,,,https://glovoapp.com/es/es/albacete/wok-family-albacete/,"https://res.cloudinary.com/glovoapp/image/fetch/f_svg,c_pad,q_auto:low,h_179,w_351,b_transparent/https://glovoapp.com/images/svg/bckg-pattern.svg",https://glovoapp.com/es/es/albacete/restaurantes_1/,CC-MAIN-2023-23
,Albacete,Restaurante Asiático Kyoto,Glovo,,,,,5.0,27,,,,,False,False,,,https://glovoapp.com/es/es/albacete/restaurante-asiatico-kyoto-albacete/,"https://res.cloudinary.com/glovoapp/image/fetch/f_svg,c_pad,q_auto:low,h_179,w_351,b_transparent/https://glovoapp.com/images/svg/bckg-pattern.svg",https://glovoapp.com/es/es/albacete/restaurantes_1/,CC-MAIN-2023-23
,Albacete,Bocamadre,Glovo,,,,,4.8,10,,,,,False,False,,,https://glovoapp.com/es/es/albacete/bocamadre-alb/,"https://res.cloudinary.com/glovoapp/image/fetch/f_svg,c_pad,q_auto:low,h_179,w_351,b_transparent/https://glovoapp.com/images/svg/bckg-pattern.svg",https://glovoapp.com/es/es/albacete/restaurantes_1/,CC-MAIN-2023-23
,Albacete,Mexican Lovers,Glovo,,,,,4.75,12,,,,,False,False,,,https://glovoapp.com/es/es/albacete/mexican-lovers-alb/,"https://res.cloudinary.com/glovoapp/image/fetch/f_svg,c_pad,q_auto:low,h_179,w_351,b_transparent/https://glovoapp.com/images/svg/bckg-pattern.svg",https://glovoapp.com/es/es/albacete/restaurantes_1/,CC-MAIN-2023-23
,Albacete,The Tapa Negra,Glovo,,,,,4.45,10,,,,,False,False,,,https://glovoapp.com/es/es/albacete/the-tapa-negra-albacete/,"https://res.cloudinary.com/glovoapp/image/fetch/f_svg,c_pad,q_auto:low,h_179,w_351,b_transparent/https://glovoapp.com/images/svg/bckg-pattern.svg",https://glovoapp.com/es/es/albacete/restaurantes_1/,CC-MAIN-2023-23
,Albacete,100 Montaditos,Glovo,,,,,4.8,43,,,,,False,False,,,https://glovoapp.com/es/es/albacete/100-montaditos-albacete/,"https://res.cloudinary.com/glovoapp/image/fetch/f_svg,c_pad,q_auto:low,h_179,w_351,b_transparent/https://glovoapp.com/images/svg/bckg-pattern.svg",https://glovoapp.com/es/es/albacete/restaurantes_1/,CC-MAIN-2023-23
,Albacete,Restaurante Cortijo El Aguila,Glovo,,,,,4.85,10,,,,,False,False,,,https://glovoapp.com/es/es/albacete/restaurante-cortijo-el-aguila-albacete/,"https://res.cloudinary.com/glovoapp/image/fetch/f_svg,c_pad,q_auto:low,h_179,w_351,b_transparent/https://glovoapp.com/images/svg/bckg-pattern.svg",https://glovoapp.com/es/es/albacete/restaurantes_1/,CC-MAIN-2023-23
,Albacete,Cafetería Fútbol Base,Glovo,,,,,4.45,58,,,,,False,False,,,https://glovoapp.com/es/es/albacete/cafeteria-futbol-base-albacete/,"https://res.cloudinary.com/glovoapp/image/fetch/f_svg,c_pad,q_auto:low,h_179,w_351,b_transparent/https://glovoapp.com/images/svg/bckg-pattern.svg",https://glovoapp.com/es/es/albacete/restaurantes_1/,CC-MAIN-2023-23
,Albacete,Gran Muralla Green,Glovo,,,,,4.9,35,,,,,False,False,,,https://glovoapp.com/es/es/albacete/gran-muralla-green-albacete/,"https://res.cloudinary.com/glovoapp/image/fetch/f_svg,c_pad,q_auto:low,h_179,w_351,b_transparent/https://glovoapp.com/images/svg/bckg-pattern.svg",https://glovoapp.com/es/es/albacete/restaurantes_1/,CC-MAIN-2023-23
,Albacete,Restaurante Chino Hong Kong,Glovo,,,,,4.85,113,,,,,False,False,,,https://glovoapp.com/es/es/albacete/restaurante-chino-hong-kong-albacete/,"https://res.cloudinary.com/glovoapp/image/fetch/f_svg,c_pad,q_auto:low,h_179,w_351,b_transparent/https://glovoapp.com/images/svg/bckg-pattern.svg",https://glovoapp.com/es/es/albacete/restaurantes_1/,CC-MAIN-2023-23
,Albacete,"Fogón Andino ""Sabor y Tradición""",Glovo,,,,,4.85,64,,,,,False,False,,,https://glovoapp.com/es/es/albacete/fogon-andino-sabor-y-tradicion-albacete/,"https://res.cloudinary.com/glovoapp/image/fetch/f_svg,c_pad,q_auto:low,h_179,w_351,b_transparent/https://glovoapp.com/images/svg/bckg-pattern.svg",https://glovoapp.com/es/es/albacete/restaurantes_1/,CC-MAIN-2023-23
,Albacete,Restaurante Bendix,Glovo,,,,,,,,,,,False,False,,,https://glovoapp.com/es/es/albacete/restaurante-bendix-albacete/,"https://res.cloudinary.com/glovoapp/image/fetch/f_svg,c_pad,q_auto:low,h_179,w_351,b_transparent/https://glovoapp.com/images/svg/bckg-pattern.svg",https://glovoapp.com/es/es/albacete/restaurantes_1/,CC-MAIN-2023-23
,Albacete,Bollywood Restaurante Hindú,Glovo,,,,,5.0,21,,,,,False,False,,,https://glovoapp.com/es/es/albacete/bollywood-restaurante-hindu-albacete/,"https://res.cloudinary.com/glovoapp/image/fetch/f_svg,c_pad,q_auto:low,h_179,w_351,b_transparent/https://glovoapp.com/images/svg/bckg-pattern.svg",https://glovoapp.com/es/es/albacete/restaurantes_1/,CC-MAIN-2023-23
,Albacete,Nimax,Glovo,,,,,4.9,66,,,,,False,False,,,https://glovoapp.com/es/es/albacete/nimax-albacete/,"https://res.cloudinary.com/glovoapp/image/fetch/f_svg,c_pad,q_auto:low,h_179,w_351,b_transparent/https://glovoapp.com/images/svg/bckg-pattern.svg",https://glovoapp.com/es/es/albacete/restaurantes_1/,CC-MAIN-2023-23
,Albacete,VIPS,Glovo,,,,,4.35,102,,,,,False,False,,,https://glovoapp.com/es/es/albacete/vips-albacete2/,"https://res.cloudinary.com/glovoapp/image/fetch/f_svg,c_pad,q_auto:low,h_179,w_351,b_transparent/https://glovoapp.com/images/svg/bckg-pattern.svg",https://glovoapp.com/es/es/albacete/restaurantes_1/,CC-MAIN-2023-23
,Albacete,Chino Gran Muralla,Glovo,,,,,4.45,49,,,,,False,False,,,https://glovoapp.com/es/es/albacete/chino-gran-muralla-albacete/,"https://res.cloudinary.com/glovoapp/image/fetch/f_svg,c_pad,q_auto:low,h_179,w_351,b_transparent/https://glovoapp.com/images/svg/bckg-pattern.svg",https://glovoapp.com/es/es/albacete/restaurantes_1/,CC-MAIN-2023-23
,Albacete,Ginos,Glovo,,,,,4.2,34,,,,,False,False,,,https://glovoapp.com/es/es/albacete/ginos-albacete/,"https://res.cloudinary.com/glovoapp/image/fetch/f_svg,c_pad,q_auto:low,h_179,w_351,b_transparent/https://glovoapp.com/images/svg/bckg-pattern.svg",https://glovoapp.com/es/es/albacete/restaurantes_1/,CC-MAIN-2023-23
,Albacete,Candela Eats,Glovo,,,,,4.8,15,,,,,False,False,,,https://glovoapp.com/es/es/albacete/candela-eats-albacete/,"https://res.cloudinary.com/glovoapp/image/fetch/f_svg,c_pad,q_auto:low,h_179,w_351,b_transparent/https://glovoapp.com/images/svg/bckg-pattern.svg",https://glovoapp.com/es/es/albacete/restaurantes_1/,CC-MAIN-2023-23
,Albacete,Khan Kebab,Glovo,,,,,4.6,110,,,,,False,False,,,https://glovoapp.com/es/es/albacete/khan-kebab-albacete/,"https://res.cloudinary.com/glovoapp/image/fetch/f_svg,c_pad,q_auto:low,h_179,w_351,b_transparent/https://glovoapp.com/images/svg/bckg-pattern.svg",https://glovoapp.com/es/es/albacete/restaurantes_1/,CC-MAIN-2023-23
,A Coruna,Restaurant Wok Big Escena,Glovo,,,Asiatica 34834,,4.6,58,,,,,False,False,,,https://glovoapp.com/es/es/a-coruna/restaurant-wok-big-escena-a-coruna/,"https://res.cloudinary.com/glovoapp/image/fetch/f_svg,c_pad,q_auto:low,h_179,w_351,b_transparent/https://glovoapp.com/images/svg/bckg-pattern.svg",https://glovoapp.com/es/es/a-coruna/restaurantes_1/asiatica_34834/,CC-MAIN-2023-23
,A Coruna,Restaurante Fusigriasa,Glovo,,,Asiatica 34834,,,,,,,,False,False,,,https://glovoapp.com/es/es/a-coruna/restaurante-fusigriasa-a-coruna/,"https://res.cloudinary.com/glovoapp/image/fetch/f_svg,c_pad,q_auto:low,h_179,w_351,b_transparent/https://glovoapp.com/images/svg/bckg-pattern.svg",https://glovoapp.com/es/es/a-coruna/restaurantes_1/asiatica_34834/,CC-MAIN-2023-23
,A Coruna,Té Oriental,Glovo,,,Asiatica 34834,,4.65,190,,,,,False,False,,,https://glovoapp.com/es/es/a-coruna/te-oriental-a-coruna/,"https://res.cloudinary.com/glovoapp/image/fetch/f_svg,c_pad,q_auto:low,h_179,w_351,b_transparent/https://glovoapp.com/images/svg/bckg-pattern.svg",https://glovoapp.com/es/es/a-coruna/restaurantes_1/asiatica_34834/,CC-MAIN-2023-23
,A Coruna,Gran Escena,Glovo,,,Asiatica 34834,,4.85,132,,,,,False,False,,,https://glovoapp.com/es/es/a-coruna/gran-escena-a-coruna/,"https://res.cloudinary.com/glovoapp/image/fetch/f_svg,c_pad,q_auto:low,h_179,w_351,b_transparent/https://glovoapp.com/images/svg/bckg-pattern.svg",https://glovoapp.com/es/es/a-coruna/restaurantes_1/asiatica_34834/,CC-MAIN-2023-23
,A Coruna,KohLanta,Glovo,,,Asiatica 34834,,4.9,,,,,,False,False,,,https://glovoapp.com/es/es/a-coruna/kohlanta-a-coruna/,"https://res.cloudinary.com/glovoapp/image/fetch/f_svg,c_pad,q_auto:low,h_179,w_351,b_transparent/https://glovoapp.com/images/svg/bckg-pattern.svg",https://glovoapp.com/es/es/a-coruna/restaurantes_1/asiatica_34834/,CC-MAIN-2023-23
,A Coruna,Restaurante Shouri,Glovo,,,Asiatica 34834,,4.95,47,,,,,False,False,,,https://glovoapp.com/es/es/a-coruna/restaurante-shouri-a-coruna/,"https://res.cloudinary.com/glovoapp/image/fetch/f_svg,c_pad,q_auto:low,h_179,w_351,b_transparent/https://glovoapp.com/images/svg/bckg-pattern.svg",https://glovoapp.com/es/es/a-coruna/restaurantes_1/asiatica_34834/,CC-MAIN-2023-23
,A Coruna,Kamado,Glovo,,,Asiatica 34834,,4.7,117,,,,,False,False,,,https://glovoapp.com/es/es/a-coruna/kamado-lcg/,"https://res.cloudinary.com/glovoapp/image/fetch/f_svg,c_pad,q_auto:low,h_179,w_351,b_transparent/https://glovoapp.com/images/svg/bckg-pattern.svg",https://glovoapp.com/es/es/a-coruna/restaurantes_1/asiatica_34834/,CC-MAIN-2023-23
,A Coruna,Town,Glovo,,,Asiatica 34834,,4.75,232,,,,,False,False,,,https://glovoapp.com/es/es/a-coruna/town-a-coruna/,"https://res.cloudinary.com/glovoapp/image/fetch/f_svg,c_pad,q_auto:low,h_179,w_351,b_transparent/https://glovoapp.com/images/svg/bckg-pattern.svg",https://glovoapp.com/es/es/a-coruna/restaurantes_1/asiatica_34834/,CC-MAIN-2023-23
,A Coruna,Wok Wang,Glovo,,,Asiatica 34834,,4.8,379,,,,,False,False,,,https://glovoapp.com/es/es/a-coruna/wok-wang/,"https://res.cloudinary.com/glovoapp/image/fetch/f_svg,c_pad,q_auto:low,h_179,w_351,b_transparent/https://glovoapp.com/images/svg/bckg-pattern.svg",https://glovoapp.com/es/es/a-coruna/restaurantes_1/asiatica_34834/,CC-MAIN-2023-23
,A Coruna,Aloha Poké,Glovo,,,Asiatica 34834,,,,,,,,False,False,,,https://glovoapp.com/es/es/a-coruna/aloha-poke-coruna/,"https://res.cloudinary.com/glovoapp/image/fetch/f_svg,c_pad,q_auto:low,h_179,w_351,b_transparent/https://glovoapp.com/images/svg/bckg-pattern.svg",https://glovoapp.com/es/es/a-coruna/restaurantes_1/asiatica_34834/,CC-MAIN-2023-23
,A Coruna,Chirashizushi Express,Glovo,,,Asiatica 34834,,4.8,22,,,,,False,False,,,https://glovoapp.com/es/es/a-coruna/chirashizushi-express-a-coruna/,"https://res.cloudinary.com/glovoapp/image/fetch/f_svg,c_pad,q_auto:low,h_179,w_351,b_transparent/https://glovoapp.com/images/svg/bckg-pattern.svg",https://glovoapp.com/es/es/a-coruna/restaurantes_1/asiatica_34834/,CC-MAIN-2023-23
,A Coruna,Monkee Ramen Bar,Glovo,,,Asiatica 34834,,4.8,40,,,,,False,False,,,https://glovoapp.com/es/es/a-coruna/monke-ramen-bar-a-coruna/,"https://res.cloudinary.com/glovoapp/image/fetch/f_svg,c_pad,q_auto:low,h_179,w_351,b_transparent/https://glovoapp.com/images/svg/bckg-pattern.svg",https://glovoapp.com/es/es/a-coruna/restaurantes_1/asiatica_34834/,CC-MAIN-2023-23
,A Coruna,Fujiyama,Glovo,,,Asiatica 34834,,5.0,68,,,,,False,False,,,https://glovoapp.com/es/es/a-coruna/fujiyama-3/,"https://res.cloudinary.com/glovoapp/image/fetch/f_svg,c_pad,q_auto:low,h_179,w_351,b_transparent/https://glovoapp.com/images/svg/bckg-pattern.svg",https://glovoapp.com/es/es/a-coruna/restaurantes_1/asiatica_34834/,CC-MAIN-2023-23
,A Coruna,Zhang Sushi,Glovo,,,Asiatica 34834,,4.65,49,,,,,False,False,,,https://glovoapp.com/es/es/a-coruna/zhang-sushi-a-coruna/,"https://res.cloudinary.com/glovoapp/image/fetch/f_svg,c_pad,q_auto:low,h_179,w_351,b_transparent/https://glovoapp.com/images/svg/bckg-pattern.svg",https://glovoapp.com/es/es/a-coruna/restaurantes_1/asiatica_34834/,CC-MAIN-2023-23
,A Coruna,Como En Casa,Glovo,,,Asiatica 34834,,,,,,,,False,False,,,https://glovoapp.com/es/es/a-coruna/como-en-casa-a-coruna/,"https://res.cloudinary.com/glovoapp/image/fetch/f_svg,c_pad,q_auto:low,h_179,w_351,b_transparent/https://glovoapp.com/images/svg/bckg-pattern.svg",https://glovoapp.com/es/es/a-coruna/restaurantes_1/asiatica_34834/,CC-MAIN-2023-23
,A Coruna,Nakama Sushi Fusión,Glovo,,,Asiatica 34834,,4.5,11,,,,,False,False,,,https://glovoapp.com/es/es/a-coruna/nakama-sushi-fusion-a-coruna/,"https://res.cloudinary.com/glovoapp/image/fetch/f_svg,c_pad,q_auto:low,h_179,w_351,b_transparent/https://glovoapp.com/images/svg/bckg-pattern.svg",https://glovoapp.com/es/es/a-coruna/restaurantes_1/asiatica_34834/,CC-MAIN-2023-23
,A Coruna,Uno Sushi,Glovo,,,Asiatica 34834,,,,,,,,False,False,,,https://glovoapp.com/es/es/a-coruna/uno-sushi-a-coruna/,"https://res.cloudinary.com/glovoapp/image/fetch/f_svg,c_pad,q_auto:low,h_179,w_351,b_transparent/https://glovoapp.com/images/svg/bckg-pattern.svg",https://glovoapp.com/es/es/a-coruna/restaurantes_1/asiatica_34834/,CC-MAIN-2023-23
,A Coruna,Wok King,Glovo,,,Asiatica 34834,,4.75,149,,,,,False,False,,,https://glovoapp.com/es/es/a-coruna/wok-king-a-coruna/,"https://res.cloudinary.com/glovoapp/image/fetch/f_svg,c_pad,q_auto:low,h_179,w_351,b_transparent/https://glovoapp.com/images/svg/bckg-pattern.svg",https://glovoapp.com/es/es/a-coruna/restaurantes_1/asiatica_34834/,CC-MAIN-2023-23
,A Coruna,Thai Market,Glovo,,,Asiatica 34834,,4.8,96,,,,,False,False,,,https://glovoapp.com/es/es/a-coruna/thai-market-a-coruna/,"https://res.cloudinary.com/glovoapp/image/fetch/f_svg,c_pad,q_auto:low,h_179,w_351,b_transparent/https://glovoapp.com/images/svg/bckg-pattern.svg",https://glovoapp.com/es/es/a-coruna/restaurantes_1/asiatica_34834/,CC-MAIN-2023-23
,A Coruna,Restaurante Hong Kong,Glovo,,,Asiatica 34834,,4.8,324,,,,,False,False,,,https://glovoapp.com/es/es/a-coruna/restaurante-hong-kong-a-coruna/,"https://res.cloudinary.com/glovoapp/image/fetch/f_svg,c_pad,q_auto:low,h_179,w_351,b_transparent/https://glovoapp.com/images/svg/bckg-pattern.svg",https://glovoapp.com/es/es/a-coruna/restaurantes_1/asiatica_34834/,CC-MAIN-2023-23
,Vitoria,Amore Bar Doner Pizzeria,Uber Eats,"Calle Panama, Navarro Villoslada Kalea, 18, Vitoria, 01012",Vitoria,Burgers,Burgers|Turkish|Pizza|Kebab|Mediterranean|Middle Eastern,,,$,,,,False,False,,,,"['https://tb-static.uber.com/prod/image-proc/processed_images/761577b919e9cb03e1eb695cc538639f/97ef7458dde62fa918635bc21265d9f5.jpeg', 'https://tb-static.uber.com/prod/image-proc/processed_images/761577b919e9cb03e1eb695cc538639f/a70f5c9df440d10213e93244e9eb7cad.jpeg', 'https://tb-static.uber.com/prod/image-proc/processed_images/761577b919e9cb03e1eb695cc538639f/97e6648b3593c29cb4a6335f976e6d84.jpeg', 'https://tb-static.uber.com/prod/image-proc/processed_images/761577b919e9cb03e1eb695cc538639f/93b5fd796682c6d5302cd5bec164fe90.jpeg', 'https://tb-static.uber.com/prod/image-proc/processed_images/761577b919e9cb03e1eb695cc538639f/719c6bd2757b08684c0faae44d43159d.jpeg', 'https://tb-static.uber.com/prod/image-proc/processed_images/761577b919e9cb03e1eb695cc538639f/3ac2b39ad528f8c8c5dc77c59abb683d.jpeg']",https://www.ubereats.com/es-en/store/amore-bar-doner-pizzeria/kl4A8fWmXdOmAqGppBtFZg,CC-MAIN-2023-23
,Pulianas,Burger Almunia,Uber Eats,"Calle Periodista Eugenio Selles, 10, Granada, 18014, EMEA 18014, Granada, 18014",Granada,Americana,Americana|Comida rápida|Tapas,,,€,,,,False,False,,,https://www.ubereats.com/es-en/store/burger-almunia/ff872b04-0553-5b5c-88d0-20a766575d61,https://tb-static.uber.com/prod/image-proc/processed_images/ac6e5cad21955c995444f05a488a7caf/a70f5c9df440d10213e93244e9eb7cad.jpeg,https://www.ubereats.com/es-en/city/pulianas-es-an,CC-MAIN-2023-23
,Pulianas,Kebab Almunia,Uber Eats,"Calle Periodista Eugenio Selles, 6, Granada, Andalucía 18014, Granada, 18014",Granada,Comida rápida,Comida rápida|Halal|Kebab|Turca,,,€,,,,False,False,,,https://www.ubereats.com/es-en/store/kebab-almunia/a12263f6-0e27-4afd-9ad8-09aa556b2cc3,https://tb-static.uber.com/prod/image-proc/processed_images/81134a043673253464e7fdfac912a3d4/a70f5c9df440d10213e93244e9eb7cad.jpeg,https://www.ubereats.com/es-en/city/pulianas-es-an,CC-MAIN-2023-23
,Pulianas,Fundación Infantil Ronald McDonald - Granada,Uber Eats,"Camino De La Zarzuela 21 2c, 28023, Madrid, Spain 28023, Madrid, 28023",Madrid,Americana,Americana,,,€,,,,False,False,,,https://www.ubereats.com/es-en/store/fundacion-infantil-ronald-mcdonald-granada/083e4d41-04a1-4c6c-900c-0fcbcd2eb445,https://d1ralsognjng37.cloudfront.net/88a84f1d-41cc-4943-92a6-757a778eabed.jpeg,https://www.ubereats.com/es-en/city/pulianas-es-an,CC-MAIN-2023-23
,Pulianas,Shawarma Kebab,Uber Eats,"Calle Almenillas N 4, Granada, AN 18003, Granada, 18003",Granada,Árabe,Árabe|Pizza|Ensaladas,,,€,,,,False,False,,,https://www.ubereats.com/es-en/store/shawarma-kebab/39952067-3fac-426e-8de5-4d1c690a94d7,https://d1ralsognjng37.cloudfront.net/6e96213c-b938-4087-81b7-57d1d4349908.jpeg,https://www.ubereats.com/es-en/city/pulianas-es-an,CC-MAIN-2023-23
,Pulianas,Shawarma Kebab Doma,Uber Eats,"Calle Almenillas , 4, Granada, AN 18003, Granada, 18003",Granada,Falafel,Falafel|Kebab|Turca,,,€,,,,False,False,,,https://www.ubereats.com/es-en/store/shawarma-kebab-doma/f23318d4-68b1-57a1-ac99-ec8ff920c09f,https://tb-static.uber.com/prod/image-proc/processed_images/b48e998f6a4dcb653bf20d4f0d314865/820883a48567670acbd720bc76391291.jpeg,https://www.ubereats.com/es-en/city/pulianas-es-an,CC-MAIN-2023-23
,Pulianas,Casa de Pizza y Kebab - Granada,Uber Eats,"Calle Joaquina Eguaras, 23, Granada, EMEA 18013, Granada, 18013",Granada,Halal,Halal|Kebab|Turca,,,€,,,,False,False,,,https://www.ubereats.com/es-en/store/casa-de-pizza-y-kebab-granada/8abe284b-b927-4e64-99bb-e8379148fdef,https://d1ralsognjng37.cloudfront.net/eb1333a6-200d-4f2c-b956-de14792c7a6b.jpeg,https://www.ubereats.com/es-en/city/pulianas-es-an,CC-MAIN-2023-23
,Pulianas,Royal Pizza,Uber Eats,"Plaza Del Dr. López Neyra, 3, 18012, Granada, 18012",Granada,Italiana,Italiana|Pizza|Comida rápida,,,€,,,,False,False,,,https://www.ubereats.com/es-en/store/royal-pizza/97bf87fc-472e-4338-b5b7-0bdb3fe048e4,https://tb-static.uber.com/prod/image-proc/processed_images/a14f9c6d99ae5d5034d278930d045a3c/a70f5c9df440d10213e93244e9eb7cad.jpeg,https://www.ubereats.com/es-en/city/pulianas-es-an,CC-MAIN-2023-23
,Pulianas,Subarashi Sushi,Uber Eats,"Calle Dr. Oloriz, 14, Granada, AL 18012, Granada, 18012",Granada,Asiática,Asiática|Sushi,,,€,,,,False,False,,,https://www.ubereats.com/es-en/store/subarashi-sushi/72ed7fba-5750-47ee-89a8-edb6c80a8be8,https://d1ralsognjng37.cloudfront.net/ae447511-a6c7-4bb0-966a-76c8348737b1.jpeg,https://www.ubereats.com/es-en/city/pulianas-es-an,CC-MAIN-2023-23
,Pulianas,Carl's Jr - Granaíta,Uber Eats,"Parque Comercial Granaíta - Calle Luis Buñuel, 6, Granada, Spain 18197, Granada, 18197",Granada,Americana,Americana,,,€,,,,False,False,,,https://www.ubereats.com/es-en/store/carls-jr-granaita/1cdf5225-aa00-5ed9-a429-91cf664f5c3c,https://d1ralsognjng37.cloudfront.net/7efd4888-f22b-4ced-9dd5-48f79d52ec9c.jpeg,https://www.ubereats.com/es-en/city/pulianas-es-an,CC-MAIN-2023-23
,Pulianas,Grazie Mille Granada,Uber Eats,"Calle Periodista Jose María Carulla, N°2, Granada, EMEA 18014, Granada, 18014",Granada,Italiana,Italiana|Pasta,,,€,,,,False,False,,,https://www.ubereats.com/es-en/store/grazie-mille-granada/b7c0260b-1189-4019-90b6-f32b1c56dda1,https://d1ralsognjng37.cloudfront.net/1c57311e-2b63-4977-b702-11d742a05c22.jpeg,https://www.ubereats.com/es-en/city/pulianas-es-an,CC-MAIN-2023-23
,Pulianas,Al Pan Pan y Al Vino Vino BURGERS &amp; MORE,Uber Eats,"Calle Horno De Haza, S/N, Granada, EMEA 18002, Granada, 18002",Granada,Americana,Americana|Barbacoa|Comida rápida|Alitas de pollo,,,€,,,,False,False,,,https://www.ubereats.com/es-en/store/al-pan-pan-y-al-vino-vino-burgers-&amp;-more/51e1c0e9-61dd-479a-8d07-94a4e9ebf7b3,https://d1ralsognjng37.cloudfront.net/2c828d26-e103-4924-a8a0-93f216aa8067.jpeg,https://www.ubereats.com/es-en/city/pulianas-es-an,CC-MAIN-2023-23
,Pulianas,Localino Italiano,Uber Eats,"Plaza Barranco N1, Local 3, Granada, EMEA 18200, Granada, 18200",Granada,Italiana,Italiana|Pasta|Ensaladas,,,€,,,,False,False,,,https://www.ubereats.com/es-en/store/localino-italiano/f590e353-12ed-4008-b6ff-9e15645d7a73,https://d1ralsognjng37.cloudfront.net/9da6c166-2c1a-43fe-b6e5-18209e93c3b0.webp,https://www.ubereats.com/es-en/city/pulianas-es-an,CC-MAIN-2023-23
,Pulianas,No Mames Wey - Granada,Uber Eats,"Calle Del Doctor Marañón 8, Granada, AN 18012, Granada, 18012",Granada,Mexicana,Mexicana|Tacos|Burritos|Nueva cocina mexicana|De Latinoamérica,,,,,,,False,False,,,https://www.ubereats.com/es-en/store/no-mames-wey-granada/56f5802e-d310-5e11-a71a-d95ac031695f,https://tb-static.uber.com/prod/image-proc/processed_images/4ba33d719a029e732918327ae5eb6700/a70f5c9df440d10213e93244e9eb7cad.jpeg,https://www.ubereats.com/es-en/city/pulianas-es-an,CC-MAIN-2023-23
,Pulianas,Restaurante Chino Oriental 🍜,Uber Eats,"Avenida De Juan Pablo Ii 94, Granada, EMEA 18013, Granada, 18013",Granada,Asiática,Asiática|Platos con arroz,,,,,,,False,False,,,https://www.ubereats.com/es-en/store/restaurante-chino-oriental/4893436a-cee7-57d6-be21-24a51019d6b0,https://tb-static.uber.com/prod/image-proc/processed_images/dd822968eb5fb197bb44baea982fbeb0/69ad85cd7b39888042b3bbf1c22d630d.webp,https://www.ubereats.com/es-en/city/pulianas-es-an,CC-MAIN-2023-23
,Pulianas,D' Tacos,Uber Eats,"Plaza Del Dr. López Neyra, 3, 18012, Granada, 18012",Granada,Comida rápida,Comida rápida|Kebab|Turca,,,€,,,,False,False,,,https://www.ubereats.com/es-en/store/d-tacos/3a74b287-e7fc-4930-bd64-2b338c74f6e4,https://d1ralsognjng37.cloudfront.net/3b911c49-9de7-49f6-bc59-3e7cacd018a8.jpeg,https://www.ubereats.com/es-en/city/pulianas-es-an,CC-MAIN-2023-23
,Pulianas,Freiduría Lute y Jesús Granada Norte,Uber Eats,"C. Arzobispo Pedro De Castro, 23, Granada, EMEA 18013, Granada, 18013",Granada,Española,Española|Marisco|Mediterránea,,,€,,,,False,False,,,https://www.ubereats.com/es-en/store/freiduria-lute-y-jesus-granada-norte/f2e65ec0-755b-5a0e-99a2-1bdfd49dde7e,https://tb-static.uber.com/prod/image-proc/processed_images/ca350c4eee1bc08385fd5aa13bf05967/a70f5c9df440d10213e93244e9eb7cad.jpeg,https://www.ubereats.com/es-en/city/pulianas-es-an,CC-MAIN-2023-23
,Pulianas,Burguer Kebab,Uber Eats,"Carretera De Málaga 86, Granada, EMEA 18015, Granada, 18015",Granada,Turca,Turca|Kebab,,,,,,,False,False,,,https://www.ubereats.com/es-en/store/burguer-kebab/bbb71f2d-5228-54a2-af0c-a1ca6577af73,https://tb-static.uber.com/prod/image-proc/processed_images/e5bd1199e948cf36932e0539260af106/a70f5c9df440d10213e93244e9eb7cad.jpeg,https://www.ubereats.com/es-en/city/pulianas-es-an,CC-MAIN-2023-23
,Pulianas,Cafeteria EXIT,Uber Eats,"Av. De Juan Pablo Ii, 33,, Granada, EMEA 18014, Granada, 18014",Granada,Desayuno y brunch,Desayuno y brunch|Café,,,€,,,,False,False,,,https://www.ubereats.com/es-en/store/cafeteria-exit/e8b3fa2c-ef4c-5cab-81a0-efd9566f54c7,https://tb-static.uber.com/prod/image-proc/processed_images/11018adc8691668c4830bedba0708dc8/69ad85cd7b39888042b3bbf1c22d630d.webp,https://www.ubereats.com/es-en/city/pulianas-es-an,CC-MAIN-2023-23
,Pulianas,California Chicken - Granaíta,Uber Eats,"Parque Comercial Granaíta - Calle Luis Buñuel, 6, Granada, EMEA 18197, Granada, 18197",Granada,Americana,Americana|Pollo,,,€,,,,False,False,,,https://www.ubereats.com/es-en/store/california-chicken-granaita/5d83bd7d-f6b5-5b89-bc22-7fb9425c86d5,https://tb-static.uber.com/prod/image-proc/processed_images/e51934b19a01f28827eaa0aac92cd36d/a70f5c9df440d10213e93244e9eb7cad.jpeg,https://www.ubereats.com/es-en/city/pulianas-es-an,CC-MAIN-2023-23
,Pulianas,Greens - Granada,Uber Eats,"Avenida De José Comino, Maracena, Granada 18200, Maracena, 18200",Maracena,Burritos,Burritos|Hawaiana|Saludable|Poke,,,,,,,False,False,,,https://www.ubereats.com/es-en/store/greens-granada/fd1adc97-f44f-5d0c-97bb-d0f663cd020a,https://tb-static.uber.com/prod/image-proc/processed_images/b00cf24fcc2e15e3f5224bea47118d40/4f48e715b6c05b9b00c3fc436b4eb65f.jpeg,https://www.ubereats.com/es-en/city/pulianas-es-an,CC-MAIN-2023-23
,Pulianas,Mundo Kebab Pizza Halal,Uber Eats,"Calle Santa Brígida 2, Maracena, EMEA 18200, Maracena, 18200",Maracena,Kebab,Kebab|Turca,,,€,,,,False,False,,,https://www.ubereats.com/es-en/store/mundo-kebab-pizza-halal/0f13a5d5-a335-53b2-a71c-5af9afad63b4,https://tb-static.uber.com/prod/image-proc/processed_images/b4b06a1dcd2eae58d74c94186817b5a2/a70f5c9df440d10213e93244e9eb7cad.jpeg,https://www.ubereats.com/es-en/city/pulianas-es-an,CC-MAIN-2023-23
,Pulianas,Kabab King N2,Uber Eats,"Calle Andalucía, 4, Maracena, EMEA 18200, Maracena, 18200",Maracena,Árabe,Árabe|Comida rápida|Halal|Sándwich,,,€,,,,False,False,,,https://www.ubereats.com/es-en/store/kabab-king-n2/875887d9-7817-47d1-a6fe-01cddf144a37,https://d1ralsognjng37.cloudfront.net/255bb587-44e4-40cc-97ba-11df3cbeef46.jpeg,https://www.ubereats.com/es-en/city/pulianas-es-an,CC-MAIN-2023-23
,Pulianas,Churreria Mari Paz 5,Uber Eats,"Calle Emilia Pardo Bazan N 8, Granada, EMEA 18013, Granada, 18013",Granada,Americana,Americana|Sándwich,,,€,,,,False,False,,,https://www.ubereats.com/es-en/store/churreria-mari-paz-5/085551a5-804e-491e-8021-6e76ba21dff9,https://d1ralsognjng37.cloudfront.net/c46263a1-8291-445f-b4d2-953ba7b5e242.webp,https://www.ubereats.com/es-en/city/pulianas-es-an,CC-MAIN-2023-23
,Pulianas,Pizzería Vulcano,Uber Eats,"Calle San Ambrosio, 29, Granada, 18013, Granada, 18013",Granada,Italiana,Italiana|Pizza,,,€,,,,False,False,,,https://www.ubereats.com/es-en/store/pizzeria-vulcano/b10d54ed-b0bd-43d1-841d-410c15797a36,https://duyt4h9nfnj50.cloudfront.net/resized/1528386878492-w2880-2c.jpg,https://www.ubereats.com/es-en/city/pulianas-es-an,CC-MAIN-2023-23
,Pulianas,Steak Burger Maracena,Uber Eats,"C. Encrucijada, 19,, Maracena,, EMEA 18200, Maracena,, 18200","Maracena,",Española,Española|Carne|Hamburguesas,,,€€,,,,False,False,,,https://www.ubereats.com/es-en/store/steak-burger-maracena/246b42a9-3c4e-5481-b0ae-9eef336266f9,https://tb-static.uber.com/prod/image-proc/processed_images/2ea649fb283aaa1ed660ccabaf6c7b7c/a70f5c9df440d10213e93244e9eb7cad.jpeg,https://www.ubereats.com/es-en/city/pulianas-es-an,CC-MAIN-2023-23
,Pulianas,SuperCamperos by Native 🔥,Uber Eats,"Calle Gonzalo Gallas 17, Granada, EMEA 18003, Granada, 18003",Granada,Hamburguesas,Hamburguesas|Mediterránea|Pizza,,,€,,,,False,False,,,https://www.ubereats.com/es-en/store/supercamperos-by-native/2831f8ee-96ba-5daf-9e24-79576bee04c8,https://tb-static.uber.com/prod/image-proc/processed_images/772f207c65bfe1a90799f134bceed884/a70f5c9df440d10213e93244e9eb7cad.jpeg,https://www.ubereats.com/es-en/city/pulianas-es-an,CC-MAIN-2023-23
,Pulianas,Shawarma Estambul,Uber Eats,"Plaza De Tartesos, 4, 18200, Maracena, 18200",Maracena,Comida rápida,Comida rápida|Turca|Ensaladas|Pizza,,,€,,,,False,False,,,https://www.ubereats.com/es-en/store/shawarma-estambul/5de059b4-4619-4af3-965a-b8ade749b8ab,https://d1ralsognjng37.cloudfront.net/2e9a6f99-f487-4d6c-8b2b-e58b3c953bdc.jpeg,https://www.ubereats.com/es-en/city/pulianas-es-an,CC-MAIN-2023-23
,Pulianas,Restaurante La Fiorentina,Uber Eats,"Av. Dr. López Cantarero Ballesteros, 22, Maracena, AN 18200, Maracena, 18200",Maracena,Italiana,Italiana|Pizza,,,€,,,,False,False,,,https://www.ubereats.com/es-en/store/restaurante-la-fiorentina/19ee3af5-457e-5d30-bed9-9ca165468119,https://tb-static.uber.com/prod/image-proc/processed_images/0b7c9d9a2ecdd49dd2d8ee13a3efd61b/69ad85cd7b39888042b3bbf1c22d630d.webp,https://www.ubereats.com/es-en/city/pulianas-es-an,CC-MAIN-2023-23
,Pulianas,Burgers Lovers,Uber Eats,"Calle Horno De Haza 40, Granada, EMEA 18002, Granada, 18002",Granada,Americana,Americana|Hamburguesas|Sándwich,,,€,,,,False,False,,,https://www.ubereats.com/es-en/store/burgers-lovers/e0f78590-080f-576f-8478-ca89dc5ff60e,https://tb-static.uber.com/prod/image-proc/processed_images/594013d82ebd28d69bf602ed824f6d43/a70f5c9df440d10213e93244e9eb7cad.jpeg,https://www.ubereats.com/es-en/city/pulianas-es-an,CC-MAIN-2023-23
,Pulianas,Ginos - Granaita,Uber Eats,"Luis Buñuel 6, Granada, Spain, Spain 18197, Granada, Spain, 18197","Granada, Spain",Italiana,Italiana|Ensaladas|Pasta|Pizza|Postres|Alcohol,,,€,,,,False,False,,,https://www.ubereats.com/es-en/store/ginos-granaita/68cc0ca8-96df-487f-b64e-10a175bee477,https://tb-static.uber.com/prod/image-proc/processed_images/7c0a3b7eb95427cf7b978972e47f4fe1/a70f5c9df440d10213e93244e9eb7cad.jpeg,https://www.ubereats.com/es-en/city/pulianas-es-an,CC-MAIN-2023-23
,Pulianas,La Paperia Maracena,Uber Eats,"Calle Andalucía 2, Maracena, EMEA 18200, Maracena, 18200",Maracena,Mediterránea,Mediterránea|Tapas,,,€,,,,False,False,,,https://www.ubereats.com/es-en/store/la-paperia-maracena/3d86c702-c952-50ce-8c4c-8818c7842912,https://tb-static.uber.com/prod/image-proc/processed_images/07a26bdcec4133e10ea1f1936f057364/69ad85cd7b39888042b3bbf1c22d630d.webp,https://www.ubereats.com/es-en/city/pulianas-es-an,CC-MAIN-2023-23
,Pulianas,El Pollo Asado,Uber Eats,"C. Sagrada Familia, 10,, Granada, EMEA 18015, Granada, 18015",Granada,Pollo,Pollo|Española,,,€,,,,False,False,,,https://www.ubereats.com/es-en/store/el-pollo-asado/70160702-1403-50b6-a3e3-0b6efd346386,https://tb-static.uber.com/prod/image-proc/processed_images/74c4d803b6479b910ae4c7ae5f005358/a70f5c9df440d10213e93244e9eb7cad.jpeg,https://www.ubereats.com/es-en/city/pulianas-es-an,CC-MAIN-2023-23
,Pulianas,L A P O S A D A,Uber Eats,"Avenida Federico García Lorca N16, Local 2, Granada, EMEA 18014, Granada, 18014",Granada,Platos con arroz,Platos con arroz|Hamburguesas|Carne|Fish &amp; Seafood|Postres,,,€,,,,False,False,,,https://www.ubereats.com/es-en/store/l-a-p-o-s-a-d-a/803596a2-c06a-539f-843c-aeff6f946b1e,https://tb-static.uber.com/prod/image-proc/processed_images/a14aed3f56e716e77c1b038c725536c2/a70f5c9df440d10213e93244e9eb7cad.jpeg,https://www.ubereats.com/es-en/city/pulianas-es-an,CC-MAIN-2023-23
,Pulianas,Supermercados Tu Super Cármenes,Uber Eats,"Calle Verdiales, 17, Granada, AL 18014, Granada, 18014",Granada,Alcohol,Alcohol|Supermarket,,,,,,,False,False,,,https://www.ubereats.com/es-en/store/supermercados-tu-super-carmenes/78d91fff-3af0-46e0-8bc2-5addc369cdd4,https://d1ralsognjng37.cloudfront.net/943b1677-92d9-4b87-b0dc-70fe0d74a90e.jpeg,https://www.ubereats.com/es-en/city/pulianas-es-an,CC-MAIN-2023-23
,Pulianas,La Cuchara De Mariana,Uber Eats,"Calle Joaquina Eguaras, Granada, EMEA 18013, Granada, 18013",Granada,Española,Española|Tapas,,,€,,,,False,False,,,https://www.ubereats.com/es-en/store/la-cuchara-de-mariana/23cab4f3-db4a-5f03-8f7a-e59df4039aee,https://tb-static.uber.com/prod/image-proc/processed_images/fd8c00b531fbae08d256f61fef36b43a/a70f5c9df440d10213e93244e9eb7cad.jpeg,https://www.ubereats.com/es-en/city/pulianas-es-an,CC-MAIN-2023-23
,Pulianas,FARMACIA AGUILERA CB,Uber Eats,"Avenida De La Constitución 2, Granada, EMEA 18012, Granada, 18012",Granada,Farmacia,Farmacia,,,,,,,False,False,,,https://www.ubereats.com/es-en/store/farmacia-aguilera-cb/7a16935d-d72c-5098-ac2b-0d69617cc38c,https://tb-static.uber.com/prod/image-proc/processed_images/616240b3a5f2c18bc1e3e35501b01a76/a70f5c9df440d10213e93244e9eb7cad.jpeg,https://www.ubereats.com/es-en/city/pulianas-es-an,CC-MAIN-2023-23
,Pulianas,Voy Volando,Uber Eats,"Calle Trucha 18, Granada, EMEA 18015, Granada, 18015",Granada,Italiana,Italiana|Pizza,,,€,,,,False,False,,,https://www.ubereats.com/es-en/store/voy-volando/453cd447-d480-5b08-93cd-7e47f3e0ae9f,https://tb-static.uber.com/prod/image-proc/processed_images/952c12702311687d46e7292281f89fa0/69ad85cd7b39888042b3bbf1c22d630d.jpeg,https://www.ubereats.com/es-en/city/pulianas-es-an,CC-MAIN-2023-23
,Pulianas,Por Gusto Poké,Uber Eats,"Doctor Azpitarte No 2 Cp, Granada, EMEA 18012, Granada, 18012",Granada,Hawaiana,Hawaiana|Poke|Vegetariana,,,€,,,,False,False,,,https://www.ubereats.com/es-en/store/por-gusto-poke/c1ec0ad4-0d43-4334-9df3-f124c89eace9,https://d1ralsognjng37.cloudfront.net/dea83d0b-475c-490a-b76d-0b2d2c9c95f9.jpeg,https://www.ubereats.com/es-en/city/pulianas-es-an,CC-MAIN-2023-23
,Pulianas,Empanadas De La Nona,Uber Eats,"Calle Trucha 18, Granada, EMEA 18015, Granada, 18015",Granada,Argentina,Argentina|Sudamericana|Mediterránea,,,€,,,,False,False,,,https://www.ubereats.com/es-en/store/empanadas-de-la-nona/110d4016-3605-5c7d-85e0-0e2926ccab64,https://tb-static.uber.com/prod/image-proc/processed_images/0aa72462aed96551301da488eb37c8f3/a70f5c9df440d10213e93244e9eb7cad.jpeg,https://www.ubereats.com/es-en/city/pulianas-es-an,CC-MAIN-2023-23
,Pulianas,Asadero Los Fenicios,Uber Eats,"/@37.1882261,-3.6079255,19z/Data=!4m6!3m5!1s0xd71fd7e7643d84b:0x5d1aedb437f1e052!8m2!3d37.1884133!4d-3.6082598!16s%2fg%2f11hzx39w_8,",,Pollo,Pollo|Española,,,,,,,False,False,,,https://www.ubereats.com/es-en/store/asadero-los-fenicios/5f3abfb6-b18e-5d74-8c19-50452d018013,https://tb-static.uber.com/prod/image-proc/processed_images/665f4b732c6d8d1680479eb2fdb5729d/a70f5c9df440d10213e93244e9eb7cad.jpeg,https://www.ubereats.com/es-en/city/pulianas-es-an,CC-MAIN-2023-23
,Pulianas,Maharaja Restaurante Indio,Uber Eats,"Avenida Doctor Oloriz 13, Granada, EMEA 18012, Granada, 18012",Granada,India,India|Kebab,,,€,,,,False,False,,,https://www.ubereats.com/es-en/store/maharaja-restaurante-indio/e1aa70e5-f012-5fe7-8ce0-57bf65d008d7,https://tb-static.uber.com/prod/image-proc/processed_images/3be950dc8d6311d571ea0037d74f53c5/a70f5c9df440d10213e93244e9eb7cad.jpeg,https://www.ubereats.com/es-en/city/pulianas-es-an,CC-MAIN-2023-23
,Pulianas,San Siro,Uber Eats,"Pl. De San Isidro, 18012 Granada, España, AN 18012, Granada, 18012",Granada,Hamburguesas,Hamburguesas|Pollo|Halal|De Oriente Medio,,,€,,,,False,False,,,https://www.ubereats.com/es-en/store/san-siro/08182266-0c20-4bab-971a-98c4054fa98c,https://tb-static.uber.com/prod/image-proc/processed_images/0ad6174e837d976940f4f79803cf9d30/a70f5c9df440d10213e93244e9eb7cad.jpeg,https://www.ubereats.com/es-en/city/pulianas-es-an,CC-MAIN-2023-23
,Pulianas,Asadero Tintin,Uber Eats,"C. Pampaneira, 9, Granada, EMEA 18003, Granada, 18003",Granada,Americana,Americana|Pollo,,,€,,,,False,False,,,https://www.ubereats.com/es-en/store/asadero-tintin/f2ef1c72-837e-5293-828c-ad0c8730c0ea,https://tb-static.uber.com/prod/image-proc/processed_images/ac947d8a171ce0580d86329be291aed4/a70f5c9df440d10213e93244e9eb7cad.jpeg,https://www.ubereats.com/es-en/city/pulianas-es-an,CC-MAIN-2023-23
,Pulianas,Pizzeria Kebab el Pincho,Uber Eats,"Avenida De Andaluces 5, Granada, EMEA 18014, Granada, 18014",Granada,Italiana,Italiana|Pizza|To Share,,,€,,,,False,False,,,https://www.ubereats.com/es-en/store/pizzeria-kebab-el-pincho/9adfc892-1e9f-55bb-9b65-efd2bc8cc1ab,https://tb-static.uber.com/prod/image-proc/processed_images/54c93eabc57838ec3b4c1414b363a7df/69ad85cd7b39888042b3bbf1c22d630d.webp,https://www.ubereats.com/es-en/city/pulianas-es-an,CC-MAIN-2023-23
,Pulianas,KEBAB EL PINCHO,Uber Eats,"Avenida De Andaluces 5, Granada, EMEA 18014, Granada, 18014",Granada,Halal,Halal|Pollo|De Oriente Medio,,,€,,,,False,False,,,https://www.ubereats.com/es-en/store/kebab-el-pincho/67480e4d-5c62-4926-ada2-cf2aba7e3d9e,https://d1ralsognjng37.cloudfront.net/3798053b-df18-4486-aa70-03a3f63fd3b4.webp,https://www.ubereats.com/es-en/city/pulianas-es-an,CC-MAIN-2023-23
,Pulianas,TOKYO BY MASAE 🥡,Uber Eats,"Avenida De Andaluces 14, Local, Granada, EMEA 18014, Granada, 18014",Granada,Asiática,Asiática|Platos con arroz,,,,,,,False,False,,,https://www.ubereats.com/es-en/store/tokyo-by-masae/0d223700-6411-5077-a812-fdb54836d475,https://tb-static.uber.com/prod/image-proc/processed_images/dc3dc3efd39a8b048ad6f03397ebe2cc/a70f5c9df440d10213e93244e9eb7cad.jpeg,https://www.ubereats.com/es-en/city/pulianas-es-an,CC-MAIN-2023-23
,Pulianas,Gottan Grill,Uber Eats,"Pasaje Recogidas 1, Granada, EMEA 18005, Granada, 18005",Granada,Americana,Americana|Hamburguesas,,,€,,,,False,False,,,https://www.ubereats.com/es-en/store/gottan-grill/19709585-8437-5a73-b23e-48c794ebbb89,https://tb-static.uber.com/prod/image-proc/processed_images/7fd33e9749e467c45b93da428c604650/a70f5c9df440d10213e93244e9eb7cad.jpeg,https://www.ubereats.com/es-en/city/pulianas-es-an,CC-MAIN-2023-23
,Pulianas,Amazona Restaurante Bar,Uber Eats,"C. María Luisa De Dios, 3, 18014 Granada, EMEA 18014, GRANADA, 18014",GRANADA,Mediterránea,Mediterránea|Tapas,,,€,,,,False,False,,,https://www.ubereats.com/es-en/store/amazona-restaurante-bar/1a0f282a-df48-52e2-bb33-3767db29f80c,https://tb-static.uber.com/prod/image-proc/processed_images/18bc4645f3f7e82284d2d9747362e94b/a70f5c9df440d10213e93244e9eb7cad.jpeg,https://www.ubereats.com/es-en/city/pulianas-es-an,CC-MAIN-2023-23
,Pulianas,Sushi Sama,Uber Eats,"Calle Real De Cartuja, 29, Granada, EMEA 18012, Granada, 18012",Granada,Asiática,Asiática|Sushi,,,€,,,,False,False,,,https://www.ubereats.com/es-en/store/sushi-sama/9b0df506-27eb-4aea-beaa-40a13e607073,https://d1ralsognjng37.cloudfront.net/688ca5fe-61bd-47ee-95e8-63db5d9fbbcb.jpeg,https://www.ubereats.com/es-en/city/pulianas-es-an,CC-MAIN-2023-23
,Pulianas,Noodles Bar 🍜,Uber Eats,"Calle Doctor Severo Ochoa 3, Granada, EMEA 18001, Granada, 18001",Granada,Asiática,Asiática|Fideos,,,€,,,,False,False,,,https://www.ubereats.com/es-en/store/noodles-bar/ef67c385-1bec-5cb1-a9ba-de308828ad24,https://tb-static.uber.com/prod/image-proc/processed_images/0b2a2f426e0c755435e3330bc7d0faed/a70f5c9df440d10213e93244e9eb7cad.jpeg,https://www.ubereats.com/es-en/city/pulianas-es-an,CC-MAIN-2023-23
,Pulianas,Restaurante Chino Gran Muralla ⛩️,Uber Eats,"Calle Doctor Severo Ochoa 3, Granada, AN 18001, Granada, 18001",Granada,Asiática,Asiática|Fideos,,,€,,,,False,False,,,https://www.ubereats.com/es-en/store/restaurante-chino-gran-muralla/0f59e430-fd12-4d02-8631-bc14941fcf00,https://tb-static.uber.com/prod/image-proc/processed_images/ce2d989f3f9204190beb2f9e3c1279f0/a70f5c9df440d10213e93244e9eb7cad.jpeg,https://www.ubereats.com/es-en/city/pulianas-es-an,CC-MAIN-2023-23
,Pulianas,ASADERO EL GRAN FOGON,Uber Eats,"Calle Arabial 123 Local 6, GRANADA, EMEA 18003, GRANADA, 18003",GRANADA,Española,Española|Tapas|Opciones para alergias,,,€,,,,False,False,,,https://www.ubereats.com/es-en/store/asadero-el-gran-fogon/8cf9eaf2-0847-484b-8d0f-5ae50c7f68c8,https://d1ralsognjng37.cloudfront.net/7ccb2b01-0fbd-4cf5-bbdc-3d719c163b5d.jpeg,https://www.ubereats.com/es-en/city/pulianas-es-an,CC-MAIN-2023-23
,Pulianas,Pizzería 7Pecados Fuentenueva,Uber Eats,"Calle Doctor Severo Ochoa 3, Granada, Granada 18001, Granada, 18001",Granada,Pizza,Pizza|Italiana|Ensaladas,,,€,,,,False,False,,,https://www.ubereats.com/es-en/store/pizzeria-7pecados-fuentenueva/31f2912a-bd0f-5dd5-94f4-41059065fc29,https://tb-static.uber.com/prod/image-proc/processed_images/a445be2e69ec36250709dad313981a85/f7e27f77a1abfdaa9fab9b4ae7dab7cb.webp,https://www.ubereats.com/es-en/city/pulianas-es-an,CC-MAIN-2023-23
,Pulianas,Pollo Frito La Rosaleda,Uber Eats,"Calle Dr. Severo Ochoa, 5, 18001 Granada, EMEA 18001, Granada, 18001",Granada,Americana,Americana|Pollo|Comida rápida|Salgados|Aperitivos|Alitas de pollo|Pollo|Fried Chicken|Comidas asequibles|To Share|Platos con arroz|Queso|Bebidas|Family Meals|Ideal para familias|Ideal para niños,,,€,,,,False,False,,,https://www.ubereats.com/es-en/store/pollo-frito-la-rosaleda/374acb21-77e3-59cd-90c6-087011c64f51,https://tb-static.uber.com/prod/image-proc/processed_images/7f41891881178782b4eabd5339b7d9a1/a70f5c9df440d10213e93244e9eb7cad.jpeg,https://www.ubereats.com/es-en/city/pulianas-es-an,CC-MAIN-2023-23
,Pulianas,Kebab La Rosaleda,Uber Eats,"Calle Dr. Severo Ochoa, 5, 18001 Granada, EMEA 18001, Granada, 18001",Granada,Hamburguesas,Hamburguesas|Comida rápida|De Oriente Medio|Rice &amp; Curry,,,€,,,,False,False,,,https://www.ubereats.com/es-en/store/kebab-la-rosaleda/0c12ae29-e802-5d52-814b-31feded47403,https://tb-static.uber.com/prod/image-proc/processed_images/285a1e1aae4fe020c8d3a128c013e1e5/a70f5c9df440d10213e93244e9eb7cad.jpeg,https://www.ubereats.com/es-en/city/pulianas-es-an,CC-MAIN-2023-23
,Pulianas,La Vin que Pizza,Uber Eats,"Calle Recoletos, 5, Granada, Andalucía 18004, Granada, 18004",Granada,Italiana,Italiana|Pizza|Ensaladas,,,€,,,,False,False,,,https://www.ubereats.com/es-en/store/la-vin-que-pizza/d6585540-0b51-49b6-9ff1-3ead268c9dc1,https://tb-static.uber.com/prod/image-proc/processed_images/0c5b9092351ac84479459bbfc2302653/a70f5c9df440d10213e93244e9eb7cad.jpeg,https://www.ubereats.com/es-en/city/pulianas-es-an,CC-MAIN-2023-23
,Pulianas,Kohai Sushi Shop,Uber Eats,"Calle San Juan De Dios &amp; Calle Almona De San Juan De Dios, 2 Bajo Comercial, Granada, EMEA 18001, Granada, 18001",Granada,Japonesa,Japonesa|Sushi,,,€,,,,False,False,,,https://www.ubereats.com/es-en/store/kohai-sushi-shop/57c88078-e3ed-4001-9dda-f4464cda6872,https://d1ralsognjng37.cloudfront.net/9e166619-3c49-44bb-ba62-30779465460c.jpeg,https://www.ubereats.com/es-en/city/pulianas-es-an,CC-MAIN-2023-23
,Pulianas,Michelangelo Burger &amp; Pasta,Uber Eats,"Calle Gran Vía De Colón 52, Granada, Granada 18010, Granada, 18010",Granada,Americana,Americana|Comida rápida|Hamburguesas,,,€,,,,False,False,,,https://www.ubereats.com/es-en/store/michelangelo-burger-&amp;-pasta/c32aff6e-ab21-5b49-b5da-80c16cb54de9,https://tb-static.uber.com/prod/image-proc/processed_images/bb8225db70f732d9c57870555eebc1ae/820883a48567670acbd720bc76391291.jpeg,https://www.ubereats.com/es-en/city/pulianas-es-an,CC-MAIN-2023-23
,Pulianas,La Cala,Uber Eats,"C. San Juan De Dios, 52, Granada, EMEA 18001, Granada, 18001",Granada,Desayuno y brunch,Desayuno y brunch|Café|Gofres,,,€€,,,,False,False,,,https://www.ubereats.com/es-en/store/la-cala/bb247bf1-a891-56a2-b710-e2bba9ea1d3f,https://tb-static.uber.com/prod/image-proc/processed_images/d12f4b75c923200d379a66fb28826bc3/a70f5c9df440d10213e93244e9eb7cad.jpeg,https://www.ubereats.com/es-en/city/pulianas-es-an,CC-MAIN-2023-23
,Pulianas,Bambi Indian Restaurant,Uber Eats,"Calle Pío Baroja 2, Granada, EMEA 18003, Granada, 18003",Granada,Indonesia,Indonesia|Del sudeste de Asia|Asiática,,,€,,,,False,False,,,https://www.ubereats.com/es-en/store/bambi-indian-restaurant/b795f3b0-cc21-590a-bf9d-67a7c958dcd9,https://tb-static.uber.com/prod/image-proc/processed_images/7ed385e7f0b49feae6158938f820fa5a/a70f5c9df440d10213e93244e9eb7cad.jpeg,https://www.ubereats.com/es-en/city/pulianas-es-an,CC-MAIN-2023-23
,Pulianas,The Fat Brothers,Uber Eats,"Calle Gonzalo Gallas 17, Granada, EMEA 18003, Granada, 18003",Granada,Americana,Americana|Hamburguesas|Pizza,,,€,,,,False,False,,,https://www.ubereats.com/es-en/store/the-fat-brothers/bf588ffb-dd77-5d40-a957-aa3cf43fec25,https://tb-static.uber.com/prod/image-proc/processed_images/87a60a2f2284b32414bb50801bb1b829/69ad85cd7b39888042b3bbf1c22d630d.webp,https://www.ubereats.com/es-en/city/pulianas-es-an,CC-MAIN-2023-23
,Pulianas,La Tuttoria 🍕🍝,Uber Eats,"C. Gonzalo Gallas, 3,, Granada, EMEA 18003, Granada, 18003",Granada,Ensaladas,Ensaladas|Carne|Pizza|Pasta|Bebidas|Beer|Vino|Postres|Pollo,,,€,,,,False,False,,,https://www.ubereats.com/es-en/store/la-tuttoria/ca2f33bd-ea3c-5c58-9236-37d94fbab7d7,https://tb-static.uber.com/prod/image-proc/processed_images/056baf1e600daa8c6f79b185c09b7dab/69ad85cd7b39888042b3bbf1c22d630d.webp,https://www.ubereats.com/es-en/city/pulianas-es-an,CC-MAIN-2023-23
,Pulianas,La Crême Cafe-Gastrobar,Uber Eats,"Calle Gonzalo Gallas 9, Granada, AN 18003, Granada, 18003",Granada,Americana,Americana|Hamburguesas|Sándwiches,,,€,,,,False,False,,,https://www.ubereats.com/es-en/store/la-creme-cafe-gastrobar/ca24525b-bb87-4353-ac27-575cded7d70e,https://tb-static.uber.com/prod/image-proc/processed_images/6282f39df0d85a322204277bbc5b27db/a70f5c9df440d10213e93244e9eb7cad.jpeg,https://www.ubereats.com/es-en/city/pulianas-es-an,CC-MAIN-2023-23
,Pulianas,Bella Vita by Valerio,Uber Eats,"Calle Duquesa, 24 Bajo, Granada, EMEA 18001, Granada, 18001",Granada,Americana,Americana|Pizza,,,€,,,,False,False,,,https://www.ubereats.com/es-en/store/bella-vita-by-valerio/cb147d20-4aa2-46b2-bf28-c9a1664b80ff,https://d1ralsognjng37.cloudfront.net/f0309148-b8f3-4d83-9dc1-d036bba10d26.jpeg,https://www.ubereats.com/es-en/city/pulianas-es-an,CC-MAIN-2023-23
,Pulianas,Pomodoro - Universidad,Uber Eats,"Calle Gonzalo Gallas, 9, 18003, Granada, 18003",Granada,Comida rápida,Comida rápida|Mediterránea|Pizza|Sándwich,,,€,,,,False,False,,,https://www.ubereats.com/es-en/store/pomodoro-universidad/eaa02531-5ce8-4b55-9cf8-5d155a210894,https://d1ralsognjng37.cloudfront.net/26598727-a6d5-4439-a86f-bbcf989525aa.jpeg,https://www.ubereats.com/es-en/city/pulianas-es-an,CC-MAIN-2023-23
,Pulianas,I Love Green 🥗,Uber Eats,"Calle Madre Riquelme 1, Local 3, Granada, AN 18002, Granada, 18002",Granada,Saludable,Saludable|Ensaladas,,,€,,,,False,False,,,https://www.ubereats.com/es-en/store/i-love-green/4ce8c6b7-712b-5af1-aa85-1c92dd44e948,https://tb-static.uber.com/prod/image-proc/processed_images/b2049c28974e3359517f5270fed1201c/a70f5c9df440d10213e93244e9eb7cad.jpeg,https://www.ubereats.com/es-en/city/pulianas-es-an,CC-MAIN-2023-23
,Pulianas,Pizzeria Bella Luna,Uber Eats,"Calle Martínez De La Rosa, 23, Granada, 18002, Granada, 18002",Granada,Italiana,Italiana|Pizza,,,€,,,,False,False,,,https://www.ubereats.com/es-en/store/pizzeria-bella-luna/d172a3b4-0ab6-4955-8236-5b68e8088d01,https://d1ralsognjng37.cloudfront.net/0c6a7d14-e2ff-4c85-9dcb-dcab351db66b.jpeg,https://www.ubereats.com/es-en/city/pulianas-es-an,CC-MAIN-2023-23
,Pulianas,Pizzería 7 Pecados,Uber Eats,"Calle Melchor Almagro, 5, Granada, AL 18002, Granada, 18002",Granada,Italiana,Italiana|Pizza|Ensaladas,,,€,,,,False,False,,,https://www.ubereats.com/es-en/store/pizzeria-7-pecados/cd8a9a80-e0c0-42de-81f9-7d3d03a1d83a,https://d1ralsognjng37.cloudfront.net/3116c187-b9b5-4bc4-ae12-3fe74b4d6889.jpeg,https://www.ubereats.com/es-en/city/pulianas-es-an,CC-MAIN-2023-23
,Pulianas,El Zahor,Uber Eats,"Calle Melchor Almagro, 6, Granada, EMEA 18002, Granada, 18002",Granada,Mediterránea,Mediterránea|Ensaladas|Sándwich,,,€,,,,False,False,,,https://www.ubereats.com/es-en/store/el-zahor/b25d94ab-5fd2-4c36-9246-6802f67e7b42,https://d1ralsognjng37.cloudfront.net/68771f84-17c0-42fa-b275-df275cb06933.jpeg,https://www.ubereats.com/es-en/city/pulianas-es-an,CC-MAIN-2023-23
,Pulianas,Pizzería Gloria Benedetta,Uber Eats,"Calle Gran Capitán 15, Granada, EMEA 18002, Granada, 18002",Granada,Italiana,Italiana|Pasta|Pizza,,,€,,,,False,False,,,https://www.ubereats.com/es-en/store/pizzeria-gloria-benedetta/558f0683-db4b-5bcd-8677-4821a651698e,https://tb-static.uber.com/prod/image-proc/processed_images/d73f0f762aef70d48cfd1cf147f87228/a70f5c9df440d10213e93244e9eb7cad.jpeg,https://www.ubereats.com/es-en/city/pulianas-es-an,CC-MAIN-2023-23
,Pulianas,Casa de Wu,Uber Eats,"Calle San Juan De Dios, 10, 18001, Granada, 18001",Granada,China,China|Fideos,,,€,,,,False,False,,,https://www.ubereats.com/es-en/store/casa-de-wu/d0897c0c-f40c-433d-b52f-7087c776c717,https://tb-static.uber.com/prod/image-proc/processed_images/37d53d7a0fc51b281e8aa58d48fa9966/820883a48567670acbd720bc76391291.jpeg,https://www.ubereats.com/es-en/city/pulianas-es-an,CC-MAIN-2023-23
,Pulianas,WAKABI SUSHI,Uber Eats,"Arabial, 92, Granada, EMEA 18003, Granada, 18003",Granada,Japonesa,Japonesa|Sushi,,,€,,,,False,False,,,https://www.ubereats.com/es-en/store/wakabi-sushi/e9375858-9947-532b-a19e-bc83499e3ebe,https://tb-static.uber.com/prod/image-proc/processed_images/e2efd784060922ff8409784e9e290481/a70f5c9df440d10213e93244e9eb7cad.jpeg,https://www.ubereats.com/es-en/city/pulianas-es-an,CC-MAIN-2023-23
,Pulianas,La Calle Burger Granada,Uber Eats,"Calle Trinidad Morcillo, 57, Granada, EMEA 18002, Granada, 18002",Granada,Americana,Americana|Hamburguesas|Comida rápida,,,€,,,,False,False,,,https://www.ubereats.com/es-en/store/la-calle-burger-granada/c854c55e-d1e9-4f51-bb97-8a4909e2b806,https://tb-static.uber.com/prod/image-proc/processed_images/cbc1429af2b14fd39b5a934752de0eac/f7e27f77a1abfdaa9fab9b4ae7dab7cb.jpeg,https://www.ubereats.com/es-en/city/pulianas-es-an,CC-MAIN-2023-23
,Pulianas,Gamberros Bar,Uber Eats,"Trinidad Morcillo, 8, Granada, EMEA 18002, Granada, 18002",Granada,Mediterránea,Mediterránea|Griega|Vegetariana,,,,,,,False,False,,,https://www.ubereats.com/es-en/store/gamberros-bar/fe09b698-9dae-5ab9-a8a5-84ee07815d29,https://tb-static.uber.com/prod/image-proc/processed_images/aa9a087ad7c7ce2a75d790e8cc3e7cfa/69ad85cd7b39888042b3bbf1c22d630d.webp,https://www.ubereats.com/es-en/city/pulianas-es-an,CC-MAIN-2023-23
,Pulianas,Sushimore Granada,Uber Eats,"Calle Pintor López Mezquita 6, Granada, AN 18002, Granada, 18002",Granada,Sushi,Sushi|Japonesa|Asiática|Poke,,,€,,,,False,False,,,https://www.ubereats.com/es-en/store/sushimore-granada/0a3c3474-02fc-40fc-bba7-39cd283ef884,https://tb-static.uber.com/prod/image-proc/processed_images/46aa60c4416bbcf4390831dd81b21e85/a70f5c9df440d10213e93244e9eb7cad.jpeg,https://www.ubereats.com/es-en/city/pulianas-es-an,CC-MAIN-2023-23
,Pulianas,Mi Tierra Latina Take Away,Uber Eats,"Trinidad Morcillo 3, Granada, EMEA 18002, Granada, 18002",Granada,De Latinoamérica,De Latinoamérica|Carne|Marisco,,,€,,,,False,False,,,https://www.ubereats.com/es-en/store/mi-tierra-latina-take-away/d397c8b3-715d-56eb-9454-97506605f79f,https://tb-static.uber.com/prod/image-proc/processed_images/dd2c8f6adfa881f5ac8bb69694c737d8/69ad85cd7b39888042b3bbf1c22d630d.webp,https://www.ubereats.com/es-en/city/pulianas-es-an,CC-MAIN-2023-23
,Pulianas,M40 Kebab,Uber Eats,"Plaza Albert Einstein 10,, Granada, 18002, Granada, 18002",Granada,Kebab,Kebab|Turca,,,€,,,,False,False,,,https://www.ubereats.com/es-en/store/m40-kebab/13f9781e-daa5-4dd6-ae04-0e75970cd7ee,https://d1ralsognjng37.cloudfront.net/ffae1246-f701-47c0-988d-bdd22595425c.jpeg,https://www.ubereats.com/es-en/city/pulianas-es-an,CC-MAIN-2023-23
,Pulianas,El Mexicano Taquerías,Uber Eats,"Plaza Albert Einstein 9, Granada, EMEA 18002, Granada, 18002",Granada,Comida rápida,Comida rápida|Mexicana|Tacos,,,€,,,,False,False,,,https://www.ubereats.com/es-en/store/el-mexicano-taquerias/f53f6d2c-0797-59e4-b590-97d48665b2c8,https://tb-static.uber.com/prod/image-proc/processed_images/2d79c4b493e2c6ba9263574571619803/69ad85cd7b39888042b3bbf1c22d630d.webp,https://www.ubereats.com/es-en/city/pulianas-es-an,CC-MAIN-2023-23
,Pulianas,Mi Pizza Artesana,Uber Eats,"Calle Pedro Antonio De Alarcón, 72,, Granada, 18003, Granada, 18003",Granada,Pizza,Pizza|Italiana|Gourmet,,,€,,,,False,False,,,https://www.ubereats.com/es-en/store/mi-pizza-artesana/757e2622-00f7-43a5-971a-0e8a8447f24f,https://d1ralsognjng37.cloudfront.net/f0f99866-836c-4e6b-bb18-eaace3b94c38.jpeg,https://www.ubereats.com/es-en/city/pulianas-es-an,CC-MAIN-2023-23
,Pulianas,Ichiban,Uber Eats,"Calle Pintor López Mezquita 11, Granada, EMEA 18002, Granada, 18002",Granada,Asiática,Asiática|Sushi,,,,,,,False,False,,,https://www.ubereats.com/es-en/store/ichiban/100d1cb0-7f7c-5792-af1e-db2b21a68630,https://tb-static.uber.com/prod/image-proc/processed_images/ccc8ca2504783b40fdda9e8eb97fbb77/f7e27f77a1abfdaa9fab9b4ae7dab7cb.webp,https://www.ubereats.com/es-en/city/pulianas-es-an,CC-MAIN-2023-23
,Barcelona,A Tu Bola,Uber Eats,"Carrer de l'Hospital, 78, Barcelona, 08001",Barcelona,Mediterranean,Mediterranean|Tapas,,,€,,,,False,False,,,,"['https://duyt4h9nfnj50.cloudfront.net/resized/1521462700587-w240-99.jpg', 'https://duyt4h9nfnj50.cloudfront.net/resized/1521462700587-w550-8e.jpg', 'https://duyt4h9nfnj50.cloudfront.net/resized/1521462700587-w640-a8.jpg', 'https://duyt4h9nfnj50.cloudfront.net/resized/1521462700587-w750-3e.jpg', 'https://duyt4h9nfnj50.cloudfront.net/resized/1521462700587-w1080-17.jpg', 'https://duyt4h9nfnj50.cloudfront.net/resized/1521462700587-w2880-4f.jpg']",https://www.ubereats.com/es-en/store/a-tu-bola/5r0NAydlRb6wLbys1KpcSQ?mod=storeDeliveryTime&modctx=%257B%2522entryPoint%2522%253A%2522store-auto-surface%2522%252C%2522encodedStoreUuid%2522%253A%25225r0NAydlRb6wLbys1KpcSQ%2522%257D&pl=JTdCJTIyYWRkcmVzcyUyMiUzQSUyMkJhcmNlbG9uYSUyMiUyQyUyMnJlZmVyZW5jZSUyMiUzQSUyMkNoSUo1VENPY1JhWXBCSVJDbVpIVHozN3NFUSUyMiUyQyUyMnJlZmVyZW5jZVR5cGUlMjIlM0ElMjJnb29nbGVfcGxhY2VzJTIyJTJDJTIybGF0aXR1ZGUlMjIlM0E0MS4zODUwNjM5JTJDJTIybG9uZ2l0dWRlJTIyJTNBMi4xNzM0MDM1JTdE&ps=1,CC-MAIN-2023-23
,Algeciras,Asador de Pollos Perez,Uber Eats,"Calle Segre 1, Algeciras, 11206",Algeciras,American,American|Wings|Chicken,,,$,,,,False,False,,,,"['https://tb-static.uber.com/prod/image-proc/processed_images/04375eff8bc3c09335a01303e13e9863/97ef7458dde62fa918635bc21265d9f5.jpeg', 'https://tb-static.uber.com/prod/image-proc/processed_images/04375eff8bc3c09335a01303e13e9863/a70f5c9df440d10213e93244e9eb7cad.jpeg', 'https://tb-static.uber.com/prod/image-proc/processed_images/04375eff8bc3c09335a01303e13e9863/97e6648b3593c29cb4a6335f976e6d84.jpeg', 'https://tb-static.uber.com/prod/image-proc/processed_images/04375eff8bc3c09335a01303e13e9863/93b5fd796682c6d5302cd5bec164fe90.jpeg', 'https://tb-static.uber.com/prod/image-proc/processed_images/04375eff8bc3c09335a01303e13e9863/719c6bd2757b08684c0faae44d43159d.jpeg', 'https://tb-static.uber.com/prod/image-proc/processed_images/04375eff8bc3c09335a01303e13e9863/3ac2b39ad528f8c8c5dc77c59abb683d.jpeg']",https://www.ubereats.com/es-en/store/asador-de-pollos-perez/4WqI1kcOWBuJIY44kZjezQ,CC-MAIN-2023-23
,La Zubia,Fundación Infantil Ronald McDonald - Granada,Uber Eats,"Camino De La Zarzuela 21 2c, 28023, Madrid, Spain 28023, Madrid, 28023",Madrid,Americana,Americana,,,€,,,,False,False,,,https://www.ubereats.com/es-en/store/fundacion-infantil-ronald-mcdonald-granada/083e4d41-04a1-4c6c-900c-0fcbcd2eb445,https://d1ralsognjng37.cloudfront.net/88a84f1d-41cc-4943-92a6-757a778eabed.jpeg,https://www.ubereats.com/es-en/city/la-zubia-es-an,CC-MAIN-2023-23
,La Zubia,Churreria Chocolateria Chu&amp;cho,Uber Eats,"Calle Andrés Segovia, 37, 18008 Granada, Spain, 18006, Granada, 18006",Granada,Café y té,Café y té|Mediterránea|Pasteles,,,€,,,,False,False,,,https://www.ubereats.com/es-en/store/churreria-chocolateria-chu&amp;cho/048b5cb3-3ab2-40fc-b0d9-259e3cd98cf9,https://d1ralsognjng37.cloudfront.net/2ed4f8f2-8ba0-4a81-b2de-d6ea827dbecf.jpeg,https://www.ubereats.com/es-en/city/la-zubia-es-an,CC-MAIN-2023-23
,La Zubia,La Cala,Uber Eats,"C. San Juan De Dios, 52, Granada, EMEA 18001, Granada, 18001",Granada,Desayuno y brunch,Desayuno y brunch|Café|Gofres,,,€€,,,,False,False,,,https://www.ubereats.com/es-en/store/la-cala/bb247bf1-a891-56a2-b710-e2bba9ea1d3f,https://tb-static.uber.com/prod/image-proc/processed_images/d12f4b75c923200d379a66fb28826bc3/a70f5c9df440d10213e93244e9eb7cad.jpeg,https://www.ubereats.com/es-en/city/la-zubia-es-an,CC-MAIN-2023-23
,La Zubia,Kohai Sushi Shop,Uber Eats,"Calle San Juan De Dios &amp; Calle Almona De San Juan De Dios, 2 Bajo Comercial, Granada, EMEA 18001, Granada, 18001",Granada,Japonesa,Japonesa|Sushi,,,€,,,,False,False,,,https://www.ubereats.com/es-en/store/kohai-sushi-shop/57c88078-e3ed-4001-9dda-f4464cda6872,https://d1ralsognjng37.cloudfront.net/9e166619-3c49-44bb-ba62-30779465460c.jpeg,https://www.ubereats.com/es-en/city/la-zubia-es-an,CC-MAIN-2023-23
,La Zubia,Five Guys - Granada Nevada,Uber Eats,"Centro Comercial Nevada 75 Avenida De Las Palmeras Armilla, Granada, Spain 18100, Granada, 18100",Granada,Americana,Americana|Hamburguesas|Comida rápida|Sándwich,,,€,,,,False,False,,,https://www.ubereats.com/es-en/store/five-guys-granada-nevada/cc43e9ed-6f29-501f-9b9c-481b9bea1433,https://tb-static.uber.com/prod/image-proc/processed_images/9e763a73dc80d037ad08bf1a20aa31c4/820883a48567670acbd720bc76391291.jpeg,https://www.ubereats.com/es-en/city/la-zubia-es-an,CC-MAIN-2023-23
,La Zubia,Yankee Burger - Granada,Uber Eats,"Cuesta De Corvales 2, La Zubia, AN 18140, La Zubia, 18140",La Zubia,Americana,Americana,,,€,,,,False,False,,,https://www.ubereats.com/es-en/store/yankee-burger-granada/537f1bdd-91a4-511f-8bd5-db7f3d86e766,https://tb-static.uber.com/prod/image-proc/processed_images/500f964fb84f5ecc95b0daee1d821ed2/820883a48567670acbd720bc76391291.jpeg,https://www.ubereats.com/es-en/city/la-zubia-es-an,CC-MAIN-2023-23
,La Zubia,Asadero San José Armilla,Uber Eats,"San Miguel, 70, Armilla, Granada, EMEA 18100, Armilla, Granada, 18100","Armilla, Granada",Pollo,Pollo|Española,,,,,,,False,False,,,https://www.ubereats.com/es-en/store/asadero-san-jose-armilla/36db7a3b-8ad7-4282-ae49-6fd5b1ccaf78,https://d1ralsognjng37.cloudfront.net/fe8c044d-f11a-4ba6-8a26-9ddc923dc637.webp,https://www.ubereats.com/es-en/city/la-zubia-es-an,CC-MAIN-2023-23
,La Zubia,Pizzería Bolívar La Zubia,Uber Eats,"Calle El Greco N1, LA ZUBIA. GRANADA, EMEA 18140, LA ZUBIA. GRANADA, 18140",LA ZUBIA. GRANADA,Panadería,Panadería,,,€,,,,False,False,,,https://www.ubereats.com/es-en/store/pizzeria-bolivar-la-zubia/ef9628b0-3de3-4d88-8034-723d6ab1c3e0,https://d1ralsognjng37.cloudfront.net/0d0d251a-f612-42fc-a9f0-312268a9015f.webp,https://www.ubereats.com/es-en/city/la-zubia-es-an,CC-MAIN-2023-23
,La Zubia,St Patricks Burger - Granada,Uber Eats,"Cuesta De Corvales, 2., Granada, Spain 18140, Granada, 18140",Granada,Hamburguesas,Hamburguesas,,,€,,,,False,False,,,https://www.ubereats.com/es-en/store/st-patricks-burger-granada/df15099e-da00-5be6-aeb9-c1352b31692d,https://tb-static.uber.com/prod/image-proc/processed_images/d7094fa4861286182e83f8bb3760b1a6/9ba9ffab5f885fc3dac87838b3357014.jpeg,https://www.ubereats.com/es-en/city/la-zubia-es-an,CC-MAIN-2023-23
,La Zubia,Kebab y Super Pizza 3R,Uber Eats,"Calle Salvador Dalí 3, La Zubia, EMEA 18140, La Zubia, 18140",La Zubia,Kebab,Kebab|Hamburguesas|Perritos calientes,,,€,,,,False,False,,,https://www.ubereats.com/es-en/store/kebab-y-super-pizza-3r/32e56fb3-faab-53db-a78b-395ad101eefa,https://tb-static.uber.com/prod/image-proc/processed_images/1eb951855a798ec4a42a480ec8dbcd4c/a70f5c9df440d10213e93244e9eb7cad.jpeg,https://www.ubereats.com/es-en/city/la-zubia-es-an,CC-MAIN-2023-23
,La Zubia,Burger King - La Zubia - ZUB,Uber Eats,"Calle De Laurel De La Reina 12a, La Zubia, AN 18140, La Zubia, 18140",La Zubia,Americana,Americana|Hamburguesas|Comida rápida,,,€,,,,False,False,,,https://www.ubereats.com/es-en/store/burger-king-la-zubia-zub/7b2e80e8-d46f-4f99-8303-47f2e753c988,https://tb-static.uber.com/prod/image-proc/processed_images/c4cdd979b73116a4c5cb78c5554b2fa6/a70f5c9df440d10213e93244e9eb7cad.jpeg,https://www.ubereats.com/es-en/city/la-zubia-es-an,CC-MAIN-2023-23
,La Zubia,Supermercado Tu Super Armilla,Uber Eats,"Avenida Ogíjares 9, Armilla, Granada, EMEA 18100, Armilla, Granada, 18100","Armilla, Granada",Supermarket,Supermarket|Tienda de comestibles,,,€,,,,False,False,,,https://www.ubereats.com/es-en/store/supermercado-tu-super-armilla/2040d489-3ca7-5d5f-b9a6-5f99d0c44019,https://d1ralsognjng37.cloudfront.net/5f1bed62-0a5c-4db6-a7b3-2fc68921a793.jpeg,https://www.ubereats.com/es-en/city/la-zubia-es-an,CC-MAIN-2023-23
,La Zubia,Kebab Los Compis,Uber Eats,"Carretera De La Zubia &amp; Carretera De Granada A Dílar, Gójar, AN 18150, Gójar, 18150",Gójar,Turca,Turca|Mediterránea|Árabe,,,€,,,,False,False,,,https://www.ubereats.com/es-en/store/kebab-los-compis/ba53ba93-b43e-5bdd-b1aa-458e4f793f6b,https://tb-static.uber.com/prod/image-proc/processed_images/b8f7af1b3533628726f557d05fbc639b/69ad85cd7b39888042b3bbf1c22d630d.webp,https://www.ubereats.com/es-en/city/la-zubia-es-an,CC-MAIN-2023-23
,La Zubia,KEBAB ASADOR DON OMAR 🥙,Uber Eats,"Calle Pablo Iglesias 9, La Zubia, EMEA 18140, La Zubia, 18140",La Zubia,Pollo,Pollo|Hamburguesas|Falafel|Kebab|Bebidas,,,€,,,,False,False,,,https://www.ubereats.com/es-en/store/kebab-asador-don-omar/e95bf9c2-6edf-5634-9ceb-e3eaae3f5d1d,https://tb-static.uber.com/prod/image-proc/processed_images/b8f7af1b3533628726f557d05fbc639b/69ad85cd7b39888042b3bbf1c22d630d.webp,https://www.ubereats.com/es-en/city/la-zubia-es-an,CC-MAIN-2023-23
,La Zubia,M&amp;S Burger Shop,Uber Eats,"Calle Olof Palme &amp; Carretera De La Zubia, 4, AN 18140, La Zubia, 18140",La Zubia,Ensaladas,Ensaladas|Queso|Alitas de pollo|Hamburguesas|Carne|Con opciones veganas,,,€,,,,False,False,,,https://www.ubereats.com/es-en/store/m&amp;s-burger-shop/e00e11f8-1787-54f4-8c99-3d0b97070731,https://tb-static.uber.com/prod/image-proc/processed_images/61f267112dcc457d32982068e8e6652f/a70f5c9df440d10213e93244e9eb7cad.jpeg,https://www.ubereats.com/es-en/city/la-zubia-es-an,CC-MAIN-2023-23
,La Zubia,Mahalo Poke CC Carrefour,Uber Eats,"Calle Padre Francisco Palau Y Quer. Cc Carrefour, Local 2, Granada, EMEA 18006, Granada, 18006",Granada,Hawaiana,Hawaiana|Poke,,,€,,,,False,False,,,https://www.ubereats.com/es-en/store/mahalo-poke-cc-carrefour/4f9c04dd-be38-457f-81e1-b7f18f852ab6,https://d1ralsognjng37.cloudfront.net/39fea4c8-4668-4355-b24c-e16492197774.jpeg,https://www.ubereats.com/es-en/city/la-zubia-es-an,CC-MAIN-2023-23
,La Zubia,I Love Pizza Ogíjares,Uber Eats,"Calle Las Cruces 37h, Ogíjares, EMEA 18151, Ogíjares, 18151",Ogíjares,Italiana,Italiana|Pasta|Comida reconfortante,,,€,,,,False,False,,,https://www.ubereats.com/es-en/store/i-love-pizza-ogijares/f24f71b4-e6fe-5892-9da4-42ac2f038ffa,https://tb-static.uber.com/prod/image-proc/processed_images/c5660b36a1451448c2357bd36263d24e/69ad85cd7b39888042b3bbf1c22d630d.webp,https://www.ubereats.com/es-en/city/la-zubia-es-an,CC-MAIN-2023-23
,La Zubia,King Churro Ogijares,Uber Eats,"Camino De Gabia 9, Ogíjares, AN 18151, Ogíjares, 18151",Ogíjares,Americana,Americana|Sándwich,,,,,,,False,False,,,https://www.ubereats.com/es-en/store/king-churro-ogijares/5a5bcffa-c25c-4379-87eb-72b1e2267874,https://d1ralsognjng37.cloudfront.net/5023ec5a-a0a4-4162-a39a-d2846d341b4a.jpeg,https://www.ubereats.com/es-en/city/la-zubia-es-an,CC-MAIN-2023-23
,La Zubia,Pizzabit,Uber Eats,"C. Ermita, 25,, Huétor Vega, EMEA 18198, huétor vega, 18198",huétor vega,Americana,Americana|Hamburguesas|Kebab,,,€,,,,False,False,,,https://www.ubereats.com/es-en/store/pizzabit/80d24a8f-b674-5b33-8cbb-8bc461baef78,https://tb-static.uber.com/prod/image-proc/processed_images/c7413c16f363a9d4a0ae125054df221f/a70f5c9df440d10213e93244e9eb7cad.jpeg,https://www.ubereats.com/es-en/city/la-zubia-es-an,CC-MAIN-2023-23
,La Zubia,McDonald's (Granada Nevada),Uber Eats,"Av. De Las Palmeras, 75, Armilla, Andalucía 18100, Armilla, 18100",Armilla,Americana,Americana|Hamburguesas|Comida rápida,,,€,,,,False,False,,,https://www.ubereats.com/es-en/store/mcdonalds-granada-nevada/b96876c2-de67-4a7d-90fa-feb20dcd5e58,https://tb-static.uber.com/prod/image-proc/processed_images/ecec6ad0ccf691a5f33a895d089d9f1c/a70f5c9df440d10213e93244e9eb7cad.jpeg,https://www.ubereats.com/es-en/city/la-zubia-es-an,CC-MAIN-2023-23
,La Zubia,Taco Bell - Parque Nevada,Uber Eats,"Calle Hipocrates S/N, Armilla, 18100, Armilla, 18100",Armilla,Pollo,Pollo|Comida rápida|Mexicana|Tacos,,,€,,,,False,False,,,https://www.ubereats.com/es-en/store/taco-bell-parque-nevada/1e6094c4-d59c-49ad-bba0-9f9a3761aa7a,https://tb-static.uber.com/prod/image-proc/processed_images/b84985078ed512e09abd655bbf2bd09c/a70f5c9df440d10213e93244e9eb7cad.jpeg,https://www.ubereats.com/es-en/city/la-zubia-es-an,CC-MAIN-2023-23
,La Zubia,California Chicken by Carl's Jr Nevada,Uber Eats,"Av. De Las Palmeras 75 - Cc Nevada Shopping, Armilla, Spain 18100, Armilla, 18100",Armilla,Americana,Americana|Pollo,,,€,,,,False,False,,,https://www.ubereats.com/es-en/store/california-chicken-by-carls-jr-nevada/cec27fc1-d791-555b-9db7-65909ebcbe82,https://tb-static.uber.com/prod/image-proc/processed_images/e51934b19a01f28827eaa0aac92cd36d/a70f5c9df440d10213e93244e9eb7cad.jpeg,https://www.ubereats.com/es-en/city/la-zubia-es-an,CC-MAIN-2023-23
,La Zubia,Ribs - Parque Nevada,Uber Eats,"Centro Comercial Parque Nevada, Loc. 183-184 Pl. Alta, Andalucía 18100, 18100",,Americana,Americana|Barbacoa|Hamburguesas|Comida rápida,,,€,,,,False,False,,,https://www.ubereats.com/es-en/store/ribs-parque-nevada/a8e3a0fd-67ce-4849-92d6-ee3d6381057d,https://d1ralsognjng37.cloudfront.net/8dd0db20-2588-468d-bf79-659e8ce974f7.jpeg,https://www.ubereats.com/es-en/city/la-zubia-es-an,CC-MAIN-2023-23
,La Zubia,Asadero Don Pollo Armilla,Uber Eats,"Calle Murcia 23, Armilla, EMEA 18100, Armilla, 18100",Armilla,Americana,Americana|Pollo|Alitas de pollo,,,€,,,,False,False,,,https://www.ubereats.com/es-en/store/asadero-don-pollo-armilla/36f4fc61-5818-5ad1-bd21-85762416e287,https://tb-static.uber.com/prod/image-proc/processed_images/bcdc94a73e4e9e3ac59cf42c945ad13f/a70f5c9df440d10213e93244e9eb7cad.jpeg,https://www.ubereats.com/es-en/city/la-zubia-es-an,CC-MAIN-2023-23
,La Zubia,KFC - Nevada (Armilla),Uber Eats,"18100, Andalusia 18100, 18100",,Americana,Americana|Hamburguesas|Fried Chicken,,,€,,,,False,False,,,https://www.ubereats.com/es-en/store/kfc-nevada-armilla/c6496b63-ceb1-475a-ab3c-e7477aad0620,https://tb-static.uber.com/prod/image-proc/processed_images/b8e12e0a2b8d9d113b339d83da94c51e/a70f5c9df440d10213e93244e9eb7cad.jpeg,https://www.ubereats.com/es-en/city/la-zubia-es-an,CC-MAIN-2023-23
,La Zubia,Hollywood Smash burger,Uber Eats,"Calle Murcia 23, Armilla, EMEA 18100, Armilla, 18100",Armilla,Americana,Americana|Pollo|Comida rápida|Alitas de pollo,,,€,,,,False,False,,,https://www.ubereats.com/es-en/store/hollywood-smash-burger/6e0f001f-d813-5365-bebb-0eaaf08c139f,https://tb-static.uber.com/prod/image-proc/processed_images/bbe90add2a1d25f31727f4a33757ce17/a70f5c9df440d10213e93244e9eb7cad.jpeg,https://www.ubereats.com/es-en/city/la-zubia-es-an,CC-MAIN-2023-23
,La Zubia,Los Montaditos de Parque Nevada,Uber Eats,"Avenida De Las Palmeras, Armilla, EMEA 18100, Armilla, 18100",Armilla,Mediterránea,Mediterránea|Tapas|Española,,,€,,,,False,False,,,https://www.ubereats.com/es-en/store/los-montaditos-de-parque-nevada/29a9e68f-b79c-5667-9cd8-c5025e4d2278,https://tb-static.uber.com/prod/image-proc/processed_images/a4b1dd4a1f570914b42ac9b133fe9e96/69ad85cd7b39888042b3bbf1c22d630d.webp,https://www.ubereats.com/es-en/city/la-zubia-es-an,CC-MAIN-2023-23
,La Zubia,Estilo Gastrobar,Uber Eats,"Calle Poeta Gracián, 15, 18007, Granada, 18007",Granada,Americana,Americana|Barbacoa|Pollo,,,€,,,,False,False,,,https://www.ubereats.com/es-en/store/estilo-gastrobar/a92e942a-6af8-4c62-b821-8a7302e87ac3,https://d1ralsognjng37.cloudfront.net/74048c5e-ede4-4f05-98b8-59e5a41d2289.jpeg,https://www.ubereats.com/es-en/city/la-zubia-es-an,CC-MAIN-2023-23
,La Zubia,Pibes Burger🍔,Uber Eats,"Calle Del Pintor Manuel Maldonado 28, Granada, AN 18007, Granada, 18007",Granada,Hamburguesas,Hamburguesas|Americana|Sándwiches,,,€,,,,False,False,,,https://www.ubereats.com/es-en/store/pibes-burger/4df6d260-41da-5bdd-86ef-8982b72d8703,https://tb-static.uber.com/prod/image-proc/processed_images/61069f97c579d4be2544ecb66e48a502/a70f5c9df440d10213e93244e9eb7cad.jpeg,https://www.ubereats.com/es-en/city/la-zubia-es-an,CC-MAIN-2023-23
,La Zubia,La Candiota,Uber Eats,"C. Torre De Los Hidalgos, 9, GRANADA, EMEA 18008, GRANADA, 18008",GRANADA,Mediterránea,Mediterránea|Tapas,,,€,,,,False,False,,,https://www.ubereats.com/es-en/store/la-candiota/ca5e2458-e1d2-5510-b56e-3ac96987c264,https://tb-static.uber.com/prod/image-proc/processed_images/52828a36ce1306beaa6991fdd6036ebe/f7e27f77a1abfdaa9fab9b4ae7dab7cb.webp,https://www.ubereats.com/es-en/city/la-zubia-es-an,CC-MAIN-2023-23
,La Zubia,Mumama Burger 🍔🔥,Uber Eats,"Paseo Del Emperador Carlos V 11, Granada, EMEA 18008, Granada, 18008",Granada,Hamburguesas,Hamburguesas|Americana|Sándwiches,,,,,,,False,False,,,https://www.ubereats.com/es-en/store/mumama-burger/74c0e240-43cf-575b-9681-c0fbf9c868d7,https://tb-static.uber.com/prod/image-proc/processed_images/b2adab696c160fde1410052fb85a5d41/a70f5c9df440d10213e93244e9eb7cad.jpeg,https://www.ubereats.com/es-en/city/la-zubia-es-an,CC-MAIN-2023-23
,La Zubia,La Tagliatella - Granada Serrallo,Uber Eats,"Paseo Laguna De Cameros 1, Local 12, Granada, AN 18008, Granada, 18008",Granada,Italiana,Italiana|Pizza|Pasta,,,€,,,,False,False,,,https://www.ubereats.com/es-en/store/la-tagliatella-granada-serrallo/50e8fb77-8b59-4425-8d98-3cd5e9e7044b,https://tb-static.uber.com/prod/image-proc/processed_images/e149ec0173f96891fb5b7c0bf4843515/a70f5c9df440d10213e93244e9eb7cad.jpeg,https://www.ubereats.com/es-en/city/la-zubia-es-an,CC-MAIN-2023-23
,La Zubia,Brutal Burger,Uber Eats,"Calle Torre De Los Abencerrajes 7, Granada, EMEA 18008, Granada, 18008",Granada,Americana,Americana|Hamburguesas,,,,,,,False,False,,,https://www.ubereats.com/es-en/store/brutal-burger/79268103-9d63-55fd-88a3-99bd3f8ebda0,https://tb-static.uber.com/prod/image-proc/processed_images/2bb7e1be54b6619c520ec6198e336477/69ad85cd7b39888042b3bbf1c22d630d.webp,https://www.ubereats.com/es-en/city/la-zubia-es-an,CC-MAIN-2023-23
,La Zubia,Comidas Hermanos Romero,Uber Eats,"Calle Torre De Los Abencerrajes 7, Granada, EMEA 18008, Granada, 18008",Granada,Mediterránea,Mediterránea|Marisco,,,€,,,,False,False,,,https://www.ubereats.com/es-en/store/comidas-hermanos-romero/70c02ccf-1f5c-56ea-8bb4-930a0268bd42,https://tb-static.uber.com/prod/image-proc/processed_images/0264153f31f648aa0e4ab758cb1532ba/a70f5c9df440d10213e93244e9eb7cad.jpeg,https://www.ubereats.com/es-en/city/la-zubia-es-an,CC-MAIN-2023-23
,La Zubia,Sushisun,Uber Eats,"Avenida San Rafael S/N, Armilla, AN 18100, Armilla, 18100",Armilla,Asiática,Asiática|Platos con arroz,,,,,,,False,False,,,https://www.ubereats.com/es-en/store/sushisun/ad94374d-50f8-4422-bb37-6d78a0daa9c6,https://tb-static.uber.com/prod/image-proc/processed_images/6a62705d12dc9dace67167b23f7d3231/69ad85cd7b39888042b3bbf1c22d630d.jpeg,https://www.ubereats.com/es-en/city/la-zubia-es-an,CC-MAIN-2023-23
,La Zubia,TAKE A GRILL,Uber Eats,"Calle Jueves 11, Armilla, EMEA 18100, Armilla, 18100",Armilla,Americana,Americana|Hamburguesas|Sándwich,,,€,,,,False,False,,,https://www.ubereats.com/es-en/store/take-a-grill/1b8c7a81-7436-50c4-a3a6-4f12907752e0,https://tb-static.uber.com/prod/image-proc/processed_images/1b0d7c82669c94738de924bb52da26da/69ad85cd7b39888042b3bbf1c22d630d.webp,https://www.ubereats.com/es-en/city/la-zubia-es-an,CC-MAIN-2023-23
,La Zubia,Comida Asiática Lin Armilla,Uber Eats,"San Miguel, 21, 18100 Armilla, EMEA 18100, 18100, 18100",18100,Mediterránea,Mediterránea|Fideos,,,€,,,,False,False,,,https://www.ubereats.com/es-en/store/comida-asiatica-lin-armilla/592ebd7f-61c8-5fbd-84af-60edbc7b9bbc,https://tb-static.uber.com/prod/image-proc/processed_images/0785acc00b8f08f4cae946bb32079306/a70f5c9df440d10213e93244e9eb7cad.jpeg,https://www.ubereats.com/es-en/city/la-zubia-es-an,CC-MAIN-2023-23
,La Zubia,Masai Food Comida Casera,Uber Eats,"Calle La Esperanza 25, Armilla, EMEA 18100, Armilla, 18100",Armilla,Mediterránea,Mediterránea|Marisco,,,€€,,,,False,False,,,https://www.ubereats.com/es-en/store/masai-food-comida-casera/a339d6e1-a65d-58dc-9320-50254b65c403,https://tb-static.uber.com/prod/image-proc/processed_images/184113d81d35e4fb44d0be397882f2a6/69ad85cd7b39888042b3bbf1c22d630d.webp,https://www.ubereats.com/es-en/city/la-zubia-es-an,CC-MAIN-2023-23
,La Zubia,Pizzeria La Boheme,Uber Eats,"Calle José Tamayo 16, Granada, EMEA 18008, Granada, 18008",Granada,Italiana,Italiana|Pasta|Pizza,,,€,,,,False,False,,,https://www.ubereats.com/es-en/store/pizzeria-la-boheme/fc797a11-1ffa-55a2-aa08-eab8e78d7174,https://tb-static.uber.com/prod/image-proc/processed_images/3009275b35c3f970dc53a9a59965a374/69ad85cd7b39888042b3bbf1c22d630d.webp,https://www.ubereats.com/es-en/city/la-zubia-es-an,CC-MAIN-2023-23
,La Zubia,Turki Kebab,Uber Eats,"Calle Tierno Galván, 3, Local 1, Armilla, AL 18100, Armilla, 18100",Armilla,Halal,Halal|Turca|Árabe,,,€,,,,False,False,,,https://www.ubereats.com/es-en/store/turki-kebab/5cfc7d77-c83f-4c0f-948e-3f96cd962db0,https://d1ralsognjng37.cloudfront.net/70fcee9c-cc88-459b-ad8d-af37f708fcb4.jpeg,https://www.ubereats.com/es-en/city/la-zubia-es-an,CC-MAIN-2023-23
,La Zubia,Asadero Mario y Trini,Uber Eats,"Calle Pianista Pepita Bustamante, 2,, Granada, EMEA 18008, Granada, 18008",Granada,Pollo,Pollo|Española|Family Meals,,,€,,,,False,False,,,https://www.ubereats.com/es-en/store/asadero-mario-y-trini/d983c94f-c903-46e4-85f2-3b517e82c5f6,https://d1ralsognjng37.cloudfront.net/ef0df787-1155-4e98-b62f-c3eb6200cb01.jpeg,https://www.ubereats.com/es-en/city/la-zubia-es-an,CC-MAIN-2023-23
,La Zubia,Hakuna Matata Kebab,Uber Eats,"Calle Poniente, 42, Armilla, Andalucía 18100, Armilla, 18100",Armilla,Árabe,Árabe|Pizza,,,€,,,,False,False,,,https://www.ubereats.com/es-en/store/hakuna-matata-kebab/0455193b-c939-4a7a-a50a-6ba452357f1f,https://d1ralsognjng37.cloudfront.net/bfd506ec-cce2-4b47-8954-f578612aeaa8.jpeg,https://www.ubereats.com/es-en/city/la-zubia-es-an,CC-MAIN-2023-23
,La Zubia,La Cocina de la Nana,Uber Eats,"Av. De América, 54,, Granada, EMEA 18008, Granada, 18008",Granada,Italiana,Italiana|Pizza|Pasta,,,€,,,,False,False,,,https://www.ubereats.com/es-en/store/la-cocina-de-la-nana/563cd00e-0290-51af-9ee8-2ae6c3bcc9a2,https://tb-static.uber.com/prod/image-proc/processed_images/6466b327662165cf7453c17188e4ab21/a70f5c9df440d10213e93244e9eb7cad.jpeg,https://www.ubereats.com/es-en/city/la-zubia-es-an,CC-MAIN-2023-23
,La Zubia,Minimarket Gasolinera Nevada Armilla,Uber Eats,"Avenida Fernando De Los Ríos 95, Armilla, EMEA 18100, Armilla, 18100",Armilla,Supermarket,Supermarket|Postres,,,€,,,,False,False,,,https://www.ubereats.com/es-en/store/minimarket-gasolinera-nevada-armilla/50b6b7da-4729-5f29-a6cb-93b3b9e1c4b3,https://tb-static.uber.com/prod/image-proc/processed_images/8a5e4d9ae353be9047843c3c1586c36f/a70f5c9df440d10213e93244e9eb7cad.jpeg,https://www.ubereats.com/es-en/city/la-zubia-es-an,CC-MAIN-2023-23
,La Zubia,Marhaba 🥙,Uber Eats,"Calle Santa Clara 10, Granada, AN 18007, Granada, 18007",Granada,Mediterránea,Mediterránea|Sándwich|Carne,,,€,,,,False,False,,,https://www.ubereats.com/es-en/store/marhaba/ca6a0565-46fe-501b-98ea-818394028f45,https://tb-static.uber.com/prod/image-proc/processed_images/3e6cff791063916976fad3a3cccc575e/a70f5c9df440d10213e93244e9eb7cad.jpeg,https://www.ubereats.com/es-en/city/la-zubia-es-an,CC-MAIN-2023-23
,La Zubia,Al Punto,Uber Eats,"C. Andalucía, 10, Armilla, EMEA 18100, Armilla, 18100",Armilla,Pizza,Pizza|Americana|Italiana,,,€,,,,False,False,,,https://www.ubereats.com/es-en/store/al-punto/f6d2008b-f8fb-5584-a9b7-73972976aab4,https://tb-static.uber.com/prod/image-proc/processed_images/6512a2f68c71936cacf372405da84ea1/a70f5c9df440d10213e93244e9eb7cad.jpeg,https://www.ubereats.com/es-en/city/la-zubia-es-an,CC-MAIN-2023-23
,La Zubia,FARMACIA CARRILLO,Uber Eats,"Avenida Don Bosco 37, Granada, EMEA 18007, Granada, 18007",Granada,Farmacia,Farmacia,,,,,,,False,False,,,https://www.ubereats.com/es-en/store/farmacia-carrillo/a4d717ed-83be-59f8-8f91-b5ee60afc8cd,https://tb-static.uber.com/prod/image-proc/processed_images/616240b3a5f2c18bc1e3e35501b01a76/a70f5c9df440d10213e93244e9eb7cad.jpeg,https://www.ubereats.com/es-en/city/la-zubia-es-an,CC-MAIN-2023-23
,La Zubia,Bon Appetit,Uber Eats,"Av. De Barcelona, 20, Granada, 18006, Granada, 18006",Granada,Italiana,Italiana|Pizza,,,€,,,,False,False,,,https://www.ubereats.com/es-en/store/bon-appetit/5f40d937-5b71-4e4e-8b9d-c6d645cd9b46,https://tb-static.uber.com/prod/image-proc/processed_images/cf1d2af62d0c57d68ec263442c5ce0e5/a70f5c9df440d10213e93244e9eb7cad.jpeg,https://www.ubereats.com/es-en/city/la-zubia-es-an,CC-MAIN-2023-23
,La Zubia,Piccola Venezia,Uber Eats,"Calle Doctor Creus 1, Granada, EMEA 18007, Granada, 18007",Granada,Italiana,Italiana|Pizza,,,€,,,,False,False,,,https://www.ubereats.com/es-en/store/piccola-venezia/57fb9bf3-0db5-5048-81c8-f65f409da5f3,https://tb-static.uber.com/prod/image-proc/processed_images/1639a2b63d090934b03dc9bae51aaa59/a70f5c9df440d10213e93244e9eb7cad.jpeg,https://www.ubereats.com/es-en/city/la-zubia-es-an,CC-MAIN-2023-23
,La Zubia,Restaurante Palatino Tapas,Uber Eats,"Calle Graham Bell, Armilla, EMEA 18100, Armilla, 18100",Armilla,Americana,Americana|Pizza|Ensaladas,,,€,,,,False,False,,,https://www.ubereats.com/es-en/store/restaurante-palatino-tapas/4d93116c-11a7-55a5-b065-adb33e74fcda,https://tb-static.uber.com/prod/image-proc/processed_images/228a0c05e811f9164a0d30fd3927ac74/a70f5c9df440d10213e93244e9eb7cad.jpeg,https://www.ubereats.com/es-en/city/la-zubia-es-an,CC-MAIN-2023-23
,La Zubia,Tomiris,Uber Eats,"Avenida De América 47 Local 11, Granada, EMEA 18008, Granada, 18008",Granada,Americana,Americana|Hamburguesas,,,€,,,,False,False,,,https://www.ubereats.com/es-en/store/tomiris/fe88054b-e1fc-5c4f-ac8f-d257cbe94306,https://tb-static.uber.com/prod/image-proc/processed_images/aa9e6680953aa2bcaf4d8b9429ce03a4/a70f5c9df440d10213e93244e9eb7cad.jpeg,https://www.ubereats.com/es-en/city/la-zubia-es-an,CC-MAIN-2023-23
,La Zubia,Marruespa Kebab,Uber Eats,"Avenida De América 47, Granada, EMEA 18008, Granada, 18008",Granada,De Oriente Medio,De Oriente Medio|Kebab|Pollo|Tacos|Postres,,,€,,,,False,False,,,https://www.ubereats.com/es-en/store/marruespa-kebab/1f1adb8f-f4b3-5773-bc6c-3bd18cd3db5c,https://tb-static.uber.com/prod/image-proc/processed_images/bf61c8999d515fe2d8153aecca23638b/a70f5c9df440d10213e93244e9eb7cad.jpeg,https://www.ubereats.com/es-en/city/la-zubia-es-an,CC-MAIN-2023-23
,La Zubia,Sabordcasa,Uber Eats,"Calle Blas Infante 4, Granada, AN 18008, Granada, 18008",Granada,Panadería,Panadería,,,€,,,,False,False,,,https://www.ubereats.com/es-en/store/sabordcasa/e0b6c0e9-c631-56f3-a3c8-0d1c5e97b31f,https://tb-static.uber.com/prod/image-proc/processed_images/9239612b06d70d2242865d170e21a249/a70f5c9df440d10213e93244e9eb7cad.jpeg,https://www.ubereats.com/es-en/city/la-zubia-es-an,CC-MAIN-2023-23
,La Zubia,Piko Thay,Uber Eats,"Calle Navarra 5, Granada, AN 18007, Granada, 18007",Granada,Asiática,Asiática|Fideos,,,€,,,,False,False,,,https://www.ubereats.com/es-en/store/piko-thay/20bc0a08-b993-5e69-af60-ca1693e0509f,https://tb-static.uber.com/prod/image-proc/processed_images/a2eb06486fe4970773cf6ccd9ab79361/69ad85cd7b39888042b3bbf1c22d630d.jpeg,https://www.ubereats.com/es-en/city/la-zubia-es-an,CC-MAIN-2023-23
,La Zubia,Sabor y Sazón,Uber Eats,"Avenida De Italia 5, Granada, EMEA 18008, Granada, 18008",Granada,Venezolana,Venezolana|Arepa,,,€,,,,False,False,,,https://www.ubereats.com/es-en/store/sabor-y-sazon/748a57bd-80b5-59ad-8d66-8aed52c28d45,https://tb-static.uber.com/prod/image-proc/processed_images/edd755f5298bc7895b30e59b05b05c48/69ad85cd7b39888042b3bbf1c22d630d.webp,https://www.ubereats.com/es-en/city/la-zubia-es-an,CC-MAIN-2023-23
,La Zubia,ASADOR EL MANJAR.,Uber Eats,"Av. De Cadiz, 3, 18006 Granada, Spain, 18007, Granada, 18007",Granada,Mediterránea,Mediterránea|Ensaladas,,,€,,,,False,False,,,https://www.ubereats.com/es-en/store/asador-el-manjar/d3eb64d8-0aee-496c-8920-4ac5ddb65177,https://d1ralsognjng37.cloudfront.net/a2591c75-f06b-4b74-a819-efbf8df7a7da.jpeg,https://www.ubereats.com/es-en/city/la-zubia-es-an,CC-MAIN-2023-23
,La Zubia,Restaurante Chino La Capital,Uber Eats,"Avenida De Barcelona 30, Granada, EMEA 18006, Granada, 18006",Granada,Asiática,Asiática|Comida rápida|Fideos,,,€,,,,False,False,,,https://www.ubereats.com/es-en/store/restaurante-chino-la-capital/03350bd3-411f-5214-8454-37fa4b09d61e,https://tb-static.uber.com/prod/image-proc/processed_images/8ff3115e48d8f32a09f811ff2d571a3f/a70f5c9df440d10213e93244e9eb7cad.jpeg,https://www.ubereats.com/es-en/city/la-zubia-es-an,CC-MAIN-2023-23
,La Zubia,Popeyes - Granada Lidl,Uber Eats,"Avda. Fernando De Los Rios, 19, Granada, Spain 18006, Granada, 18006",Granada,Americana,Americana|Fried Chicken,,,€,,,,False,False,,,https://www.ubereats.com/es-en/store/popeyes-granada-lidl/d91357d2-f437-574e-9fd5-3e304e2ad63f,https://tb-static.uber.com/prod/image-proc/processed_images/913ace086fa39464b32b9ff417b9a10c/a70f5c9df440d10213e93244e9eb7cad.jpeg,https://www.ubereats.com/es-en/city/la-zubia-es-an,CC-MAIN-2023-23
,La Zubia,Pizzeria Carlos - Granada,Uber Eats,"Avda. Fernándo De Los Ríos, 24, Granada, Spain 18006, Granada, 18006",Granada,Italiana,Italiana,,,€,,,,False,False,,,https://www.ubereats.com/es-en/store/pizzeria-carlos-granada/363f2651-e135-5254-92ea-4f0aae853a33,https://tb-static.uber.com/prod/image-proc/processed_images/9f999b8a9c833b162a3f010e23308dc4/a70f5c9df440d10213e93244e9eb7cad.jpeg,https://www.ubereats.com/es-en/city/la-zubia-es-an,CC-MAIN-2023-23
,La Zubia,KEBAB PIZZERIA EL TURCO,Uber Eats,"Ctra. De La Sierra, 70, Granada, EMEA 18008, Granada, 18008",Granada,Kebab,Kebab|Pizza|Turca,,,€,,,,False,False,,,https://www.ubereats.com/es-en/store/kebab-pizzeria-el-turco/71ab6e1a-ec1a-42ca-8bcd-d952c762443e,https://tb-static.uber.com/prod/image-proc/processed_images/e4bea8d721aae4214867bb4254539f89/a70f5c9df440d10213e93244e9eb7cad.jpeg,https://www.ubereats.com/es-en/city/la-zubia-es-an,CC-MAIN-2023-23
,La Zubia,Chivuos - Granada,Uber Eats,"Calle Chueca 9, Granada, EMEA 18004, Granada, 18004",Granada,Italiana,Italiana|Pizza,,,€,,,,False,False,,,https://www.ubereats.com/es-en/store/chivuos-granada/b0a03040-6f6a-53cd-b691-fafe0819d2fc,https://tb-static.uber.com/prod/image-proc/processed_images/6617a6c48ef6a7acb9242b5f470e9e03/a70f5c9df440d10213e93244e9eb7cad.jpeg,https://www.ubereats.com/es-en/city/la-zubia-es-an,CC-MAIN-2023-23
,La Zubia,Dos coyotes - Granada,Uber Eats,"Calle Chueca 9, Granada, EMEA 18004, Granada, 18004",Granada,Italiana,Italiana|Pizza|Mexicana|Tacos|De Latinoamérica,,,,,,,False,False,,,https://www.ubereats.com/es-en/store/dos-coyotes-granada/0de943ef-a831-51aa-8383-7a21ad8ff6dc,https://tb-static.uber.com/prod/image-proc/processed_images/3957c092cc7d15d7fc0949eb8810aa03/a70f5c9df440d10213e93244e9eb7cad.jpeg,https://www.ubereats.com/es-en/city/la-zubia-es-an,CC-MAIN-2023-23
,La Zubia,La cocina de Lore y Mel,Uber Eats,"Calle Poeta Manuel De Góngora N 3 Local 5.1, Granada, Andalucía 18006, Granada, 18006",Granada,Pollo,Pollo|Mediterránea|Tapas|Opciones para alergias,,,€,,,,False,False,,,https://www.ubereats.com/es-en/store/la-cocina-de-lore-y-mel/033124cf-e704-59ee-8d3f-6177d2190425,https://d1ralsognjng37.cloudfront.net/b8ae33eb-2c97-406f-a996-2b2d087dc7de.jpeg,https://www.ubereats.com/es-en/city/la-zubia-es-an,CC-MAIN-2023-23
,La Zubia,Asador Genil 👑 del Pollo,Uber Eats,"Calle Prof. Agustín Escribano, 1, Granada, EMEA 18004, Granada, 18004",Granada,Pollo,Pollo|Alitas de pollo,,,€,,,,False,False,,,https://www.ubereats.com/es-en/store/asador-genil-del-pollo/c9415962-c81c-56e0-b84b-f5215b7d0f74,https://tb-static.uber.com/prod/image-proc/processed_images/76e455e672da528c7d20bf63694f39bf/f7e27f77a1abfdaa9fab9b4ae7dab7cb.webp,https://www.ubereats.com/es-en/city/la-zubia-es-an,CC-MAIN-2023-23
,La Zubia,Sancho Casual Burger (Tejeiro),Uber Eats,"Calle Tejeiro, 20, Granada, EMEA 18005, Granada, 18005",Granada,Hamburguesas,Hamburguesas|Americana|Sándwiches,,,€,,,,False,False,,,https://www.ubereats.com/es-en/store/sancho-casual-burger-tejeiro/5bdb03af-adf1-4bbe-9d36-b4d3ed63e374,https://d1ralsognjng37.cloudfront.net/94db59f3-2e10-4f1e-8163-e165704df6e3.jpeg,https://www.ubereats.com/es-en/city/la-zubia-es-an,CC-MAIN-2023-23
,La Zubia,Asadero El Pollazo,Uber Eats,"Calle Arabial, 5, 18003 Granada, España, AL 18004, Granada, 18004",Granada,Barbacoa,Barbacoa|Española,,,€,,,,False,False,,,https://www.ubereats.com/es-en/store/asadero-el-pollazo/db0fccb8-725f-45b8-b778-94da2754610c,https://d1ralsognjng37.cloudfront.net/54870099-3e01-4931-b4ed-43faa855466d.jpeg,https://www.ubereats.com/es-en/city/la-zubia-es-an,CC-MAIN-2023-23
,La Zubia,Garden Plaza,Uber Eats,"Pl. Gral. Emilio Herrera, 5, Granada, EMEA 18005, Granada, 18005",Granada,Asiática,Asiática|Hamburguesas,,,€€,,,,False,False,,,https://www.ubereats.com/es-en/store/garden-plaza/ffa60ad4-6795-5cb6-8808-d1c50f3ab7a1,https://tb-static.uber.com/prod/image-proc/processed_images/cf52103591158e6806f17622764ca6b8/a70f5c9df440d10213e93244e9eb7cad.jpeg,https://www.ubereats.com/es-en/city/la-zubia-es-an,CC-MAIN-2023-23
,La Zubia,Patata Granada,Uber Eats,"Calle Arabial 5, Granada, AN 18004, Granada, 18004",Granada,Americana,Americana|Hamburguesas|Falafel,,,€,,,,False,False,,,https://www.ubereats.com/es-en/store/patata-granada/003a1e81-a499-54a6-b559-5a69d22aea11,https://tb-static.uber.com/prod/image-proc/processed_images/6f9f25148e3110901b813ce372f8b6f6/a70f5c9df440d10213e93244e9eb7cad.jpeg,https://www.ubereats.com/es-en/city/la-zubia-es-an,CC-MAIN-2023-23
,La Zubia,Foster's Hollywood - Granada Neptuno,Uber Eats,"C/Neptuno, 10, Granada, Spain, Spain 18004, Granada, Spain, 18004","Granada, Spain",Americana,Americana|Hamburguesas|Comida rápida,,,€,,,,False,False,,,https://www.ubereats.com/es-en/store/fosters-hollywood-granada-neptuno/a98f32d6-9fa5-4416-91e2-25d393bda740,https://d1ralsognjng37.cloudfront.net/89bc0e5b-5e5b-4ff1-a367-3d83b39df5d3.jpeg,https://www.ubereats.com/es-en/city/la-zubia-es-an,CC-MAIN-2023-23
,La Zubia,La Causa - Mediterranean Nikkei,Uber Eats,"Plaza Del Campillo Bajo, 10, Granada, EMEA 18009, Granada, 18009",Granada,Japonesa,Japonesa|Sushi,,,€,,,,False,False,,,https://www.ubereats.com/es-en/store/la-causa-mediterranean-nikkei/65b754f9-2b7e-496c-b434-fb0987f2256b,https://tb-static.uber.com/prod/image-proc/processed_images/01aad5dba94f6aaa38c13cb7b48fd771/a70f5c9df440d10213e93244e9eb7cad.jpeg,https://www.ubereats.com/es-en/city/la-zubia-es-an,CC-MAIN-2023-23
,La Zubia,Chiliburrito,Uber Eats,"Calle Martínez Campos 8, Local # 5, Granada, EMEA 18005, Granada, 18005",Granada,Mexicana,Mexicana|Tacos,,,€,,,,False,False,,,https://www.ubereats.com/es-en/store/chiliburrito/e3e61fdb-69c3-5717-bced-04ffd251caf0,https://tb-static.uber.com/prod/image-proc/processed_images/06178ceef98bf6e72ec8d59bab52bbd7/a70f5c9df440d10213e93244e9eb7cad.jpeg,https://www.ubereats.com/es-en/city/la-zubia-es-an,CC-MAIN-2023-23
,La Zubia,Pickles Burger,Uber Eats,"Calle Cibeles, 4, Granada, EMEA 18004, Granada, 18004",Granada,Americana,Americana|Hamburguesas|Sándwich,,,€,,,,False,False,,,https://www.ubereats.com/es-en/store/pickles-burger/08e6a947-ddd1-4a4a-9c15-3569818b5b9e,https://tb-static.uber.com/prod/image-proc/processed_images/d315ca5c3cabf9f957ffe31c70ed4527/a70f5c9df440d10213e93244e9eb7cad.jpeg,https://www.ubereats.com/es-en/city/la-zubia-es-an,CC-MAIN-2023-23
,La Zubia,Ben &amp; Jerry's y Magnum - Granada Alameda,Uber Eats,"Plaza Del Campillo, 1, Granada, AL 18009, Granada, 18009",Granada,Americana,Americana|Helados y yogurt helado,,,€,,,,False,False,,,https://www.ubereats.com/es-en/store/ben-&amp;-jerrys-y-magnum-granada-alameda/b361af76-18b7-435f-9aed-1f3c47b68c23,https://tb-static.uber.com/prod/image-proc/processed_images/dbecde77e1a75192577d5f7b184bb1df/a70f5c9df440d10213e93244e9eb7cad.jpeg,https://www.ubereats.com/es-en/city/la-zubia-es-an,CC-MAIN-2023-23
,La Zubia,TGB - Acera del Darro,Uber Eats,"Calle Acera Del Darro 16, Granada, Spain, Spain 18005, Granada, Spain, 18005","Granada, Spain",Americana,Americana|Hamburguesas|Comida rápida|Alitas de pollo,,,€,,,,False,False,,,https://www.ubereats.com/es-en/store/tgb-acera-del-darro/8525e28c-f93f-4fb5-a84c-762b3be7d1aa,https://tb-static.uber.com/prod/image-proc/processed_images/021b81797de4e70be0f5e01d423dd503/a70f5c9df440d10213e93244e9eb7cad.jpeg,https://www.ubereats.com/es-en/city/la-zubia-es-an,CC-MAIN-2023-23
,La Zubia,Mamma Rosa Ristorante Pizzeria,Uber Eats,"Calle Ángel Ganivet, 15, Granada, EMEA 18009, Granada, 18009",Granada,Italiana,Italiana|Pasta|Pizza,,,€,,,,False,False,,,https://www.ubereats.com/es-en/store/mamma-rosa-ristorante-pizzeria/bcaaeea6-bff3-4687-8000-778e2d85c7f7,https://tb-static.uber.com/prod/image-proc/processed_images/3cdc5b27f547aef558737188f13d0cad/a70f5c9df440d10213e93244e9eb7cad.jpeg,https://www.ubereats.com/es-en/city/la-zubia-es-an,CC-MAIN-2023-23
,La Zubia,El Delirio,Uber Eats,"C/ Varela Numero 11, Local 5, Restaurante “ El Delirio” 18009 Granada, EMEA 18009, Granada, 18009",Granada,De Latinoamérica,De Latinoamérica|Tapas|Mexicana,,,€,,,,False,False,,,https://www.ubereats.com/es-en/store/el-delirio/847f99fd-e9c9-4dc2-9eac-dd2fe67e3418,https://d1ralsognjng37.cloudfront.net/901fc294-826d-4905-a1c9-f07a2f1d7f0b.jpeg,https://www.ubereats.com/es-en/city/la-zubia-es-an,CC-MAIN-2023-23
,La Zubia,MOAI Burger,Uber Eats,"C. Manuel De Falla, 18, Granada,, EMEA 18005, Granada,, 18005","Granada,",Americana,Americana|Hamburguesas|Sándwiches,,,€€,,,,False,False,,,https://www.ubereats.com/es-en/store/moai-burger/0fd82f12-86f8-5581-a43d-155274c994b0,https://tb-static.uber.com/prod/image-proc/processed_images/0fc2c873e50b726f9aa141436a6cbe47/a70f5c9df440d10213e93244e9eb7cad.jpeg,https://www.ubereats.com/es-en/city/la-zubia-es-an,CC-MAIN-2023-23
,La Zubia,Kebab Neptuno,Uber Eats,"Calle Arabial 45, Granada, AN 18004, Granada, 18004",Granada,Kebab,Kebab|De Oriente Medio,,,€,,,,False,False,,,https://www.ubereats.com/es-en/store/kebab-neptuno/d0bafc4d-863a-596b-83e0-196c025c5458,https://tb-static.uber.com/prod/image-proc/processed_images/e35c9d5304f3c5aa05d2b492e52c6b9b/69ad85cd7b39888042b3bbf1c22d630d.webp,https://www.ubereats.com/es-en/city/la-zubia-es-an,CC-MAIN-2023-23
,La Zubia,Dunkin' - Suizo,Uber Eats,"Calle Puerta Real De España Nº 4. Edificio Suizo, Granada, EMEA 18001, Granada, 18001",Granada,Americana,Americana|Café y té|Pasteles,,,,,,,False,False,,,https://www.ubereats.com/es-en/store/dunkin-suizo/f09edc52-7549-52fc-8ce7-586eb636bfdd,https://tb-static.uber.com/prod/image-proc/processed_images/a86dc4bada238d5cd4548210ee8fd084/a70f5c9df440d10213e93244e9eb7cad.jpeg,https://www.ubereats.com/es-en/city/la-zubia-es-an,CC-MAIN-2023-23
,La Zubia,Domino's - Solarillo,Uber Eats,"Solarillo De Gracia, 10, Granada, Spain, Spain 18002, Granada, Spain, 18002","Granada, Spain",Americana,Americana|Comida rápida|Pizza,,,€,,,,False,False,,,https://www.ubereats.com/es-en/store/dominos-solarillo/71a6f517-799d-490e-8308-d82ea8576592,https://d1ralsognjng37.cloudfront.net/96abd466-4069-4567-a3e7-f95fc6e67084.jpeg,https://www.ubereats.com/es-en/city/la-zubia-es-an,CC-MAIN-2023-23
,Nerja,Almoraima Kebab,Uber Eats,"Calle Almería 1, Nerja, EMEA 29780, Nerja, 29780",Nerja,Kebab,Kebab|Pollo|De Oriente Medio|Turca|Pizza,,,€,,,,False,False,,,https://www.ubereats.com/es-en/store/almoraima-kebab/f9d6f6a3-d2fe-5d2e-a6dc-d2847ad0f627,https://tb-static.uber.com/prod/image-proc/processed_images/e7765e1a4d4da07c3a1b60d480aeb7f5/a70f5c9df440d10213e93244e9eb7cad.jpeg,https://www.ubereats.com/es-en/city/nerja-es-an,CC-MAIN-2023-23
,Nerja,Telepizza - Nerja,Uber Eats,"Av. Mediterraneo, Esquina Antonio Ferrandis ""Chanquete"", Nerja, Spain 29780, Nerja, 29780",Nerja,Americana,Americana|Comida rápida|Pizza|Alitas de pollo,,,€,,,,False,False,,,https://www.ubereats.com/es-en/store/telepizza-nerja/37b70510-0df7-584a-a683-036f3a48162a,https://tb-static.uber.com/prod/image-proc/processed_images/56788f20be4fdf9e341e6be1e5ced74d/a70f5c9df440d10213e93244e9eb7cad.jpeg,https://www.ubereats.com/es-en/city/nerja-es-an,CC-MAIN-2023-23
,Nerja,Andele Andele,Uber Eats,"Av. Mediterraneo, S/N, Nerja, EMEA 29780, Nerja, 29780",Nerja,Mexicana,Mexicana|De Latinoamérica|Nueva cocina mexicana,,,€,,,,False,False,,,https://www.ubereats.com/es-en/store/andele-andele/1da82e24-f5f2-5ba2-9856-cfc24e1d8986,https://tb-static.uber.com/prod/image-proc/processed_images/39e1c4a332f04c1f73f28ca1cc335145/a70f5c9df440d10213e93244e9eb7cad.jpeg,https://www.ubereats.com/es-en/city/nerja-es-an,CC-MAIN-2023-23
,Nerja,Kebab House 1,Uber Eats,"Avenida De Andalucia 147,, Torre Del Mar, Andalucía 29740, Torre del Mar, 29740",Torre del Mar,Kebab,Kebab|Turca|Pizza,,,€,,,,False,False,,,https://www.ubereats.com/es-en/store/kebab-house-1/ee08dca4-ebd4-5de6-88df-d882fc1c5452,https://duyt4h9nfnj50.cloudfront.net/resized/4d0f76db6b48b37d288921f2369b2bed-w2880-fb.jpg,https://www.ubereats.com/es-en/city/nerja-es-an,CC-MAIN-2023-23
,Nerja,DIA - Doctor Fleming Málaga,Uber Eats,"Doctor Fleming, 77, Malaga, Spain, Spain 29740, Malaga, Spain, 29740","Malaga, Spain",Tienda de comestibles,Tienda de comestibles|Supermarket,,,€,,,,False,False,,,https://www.ubereats.com/es-en/store/dia-doctor-fleming-malaga/201a2dd4-dafa-521e-89e0-b8db6032c054,https://d1ralsognjng37.cloudfront.net/321d4bb7-95ed-456e-a8fd-c6bc6d36e18b.jpeg,https://www.ubereats.com/es-en/city/nerja-es-an,CC-MAIN-2023-23
,Nerja,Caramba Mexican Style,Uber Eats,"Calle Manuel Azuaga ""Abuelo De Torre Del Mar"", EMEA 29740, Torre del Mar, 29740",Torre del Mar,Mexicana,Mexicana|Tacos,,,€,,,,False,False,,,https://www.ubereats.com/es-en/store/caramba-mexican-style/c4c51ec8-ac62-5f97-862e-eebc7e94415d,https://tb-static.uber.com/prod/image-proc/processed_images/0d29ddd3570bc2e3886a9cf02a19fe5e/69ad85cd7b39888042b3bbf1c22d630d.webp,https://www.ubereats.com/es-en/city/nerja-es-an,CC-MAIN-2023-23
,Nerja,Barbas Garage Coffee &amp; Beers,Uber Eats,"Avenida Andalucia , 32, Local 3, Vélez-Málaga, AN 29740, Vélez-Málaga, 29740",Vélez-Málaga,Americana,Americana|Hamburguesas,,,€,,,,False,False,,,https://www.ubereats.com/es-en/store/barbas-garage-coffee-&amp;-beers/6adb6a04-5d8b-48dc-ae36-ea3b4ef66263,https://tb-static.uber.com/prod/image-proc/processed_images/5b59248d2d9e2399aea556f1f87b2be9/4f48e715b6c05b9b00c3fc436b4eb65f.jpeg,https://www.ubereats.com/es-en/city/nerja-es-an,CC-MAIN-2023-23
,Nerja,Kebab House 2,Uber Eats,"Paseo Maritimo Levante 17, Torre Del Mar, Andalucía 29740, Torre del Mar, 29740",Torre del Mar,Kebab,Kebab|Pizza|Rice &amp; Curry|Pollo,,,€,,,,False,False,,,https://www.ubereats.com/es-en/store/kebab-house-2/53730a06-c907-5a03-9ad7-4761b4ba2435,https://duyt4h9nfnj50.cloudfront.net/resized/4d0f76db6b48b37d288921f2369b2bed-w2880-fb.jpg,https://www.ubereats.com/es-en/city/nerja-es-an,CC-MAIN-2023-23
,Nerja,CrazyBurger,Uber Eats,"Calle Del Mar 64, Vélez-Málaga, Es, AN 29740, Vélez-Málaga, 29740",Vélez-Málaga,Americana,Americana|Fried Foods,,,€,,,,False,False,,,https://www.ubereats.com/es-en/store/crazyburger/7e70ad1a-4005-43c2-8041-b254d792c25d,https://tb-static.uber.com/prod/image-proc/processed_images/58e9aed1c9d5dd2c6368c490e912c2f0/a70f5c9df440d10213e93244e9eb7cad.jpeg,https://www.ubereats.com/es-en/city/nerja-es-an,CC-MAIN-2023-23
,Nerja,Txikitu,Uber Eats,"Calle Del Mar 64, Vélez-Málaga, Es, AN 29740, Vélez-Málaga, 29740",Vélez-Málaga,Mexicana,Mexicana|Pizza|Tacos,,,€,,,,False,False,,,https://www.ubereats.com/es-en/store/txikitu/47f2bd7a-3397-4747-afc1-8161e946f080,https://d1ralsognjng37.cloudfront.net/6a858d54-842a-4af6-9295-dea3f7eea611.jpeg,https://www.ubereats.com/es-en/city/nerja-es-an,CC-MAIN-2023-23
,Nerja,KFC - Vélez Ingenio,Uber Eats,"Av. Juan Carlos I, Torre Del Mar, Málaga, Spain, Local A-1/3, AL 29740, Torre del Mar, 29740",Torre del Mar,Americana,Americana|Hamburguesas|Fried Chicken,,,€,,,,False,False,,,https://www.ubereats.com/es-en/store/kfc-velez-ingenio/9db354c8-7895-4fd0-8ce5-b105b1fbf5fe,https://tb-static.uber.com/prod/image-proc/processed_images/b8e12e0a2b8d9d113b339d83da94c51e/a70f5c9df440d10213e93244e9eb7cad.jpeg,https://www.ubereats.com/es-en/city/nerja-es-an,CC-MAIN-2023-23
,Nerja,Tizos,Uber Eats,"Avenida Del Rey Juan Carlos I Cc El Ingenio, Vélez-Málaga, EMEA 29700, Vélez-Málaga, 29700",Vélez-Málaga,Italiana,Italiana|Pizza|Vino,,,€,,,,False,False,,,https://www.ubereats.com/es-en/store/tizos/00e82e70-2885-5930-8762-17b6a1a4de4d,https://tb-static.uber.com/prod/image-proc/processed_images/5fa1608baf05fe2433361118f1cd54d8/69ad85cd7b39888042b3bbf1c22d630d.webp,https://www.ubereats.com/es-en/city/nerja-es-an,CC-MAIN-2023-23
,Nerja,Las Palmeras Restaurante Latino,Uber Eats,"C. Timón, 13, Torre Del Mar, EMEA 29740, Torre del Mar, 29740",Torre del Mar,Americana,Americana|Hamburguesas,,,€,,,,False,False,,,https://www.ubereats.com/es-en/store/las-palmeras-restaurante-latino/d46a9547-03bf-5fc0-94c8-e0212ea006e8,https://tb-static.uber.com/prod/image-proc/processed_images/ae008dce9eba384219ce7a62d3e9688a/a70f5c9df440d10213e93244e9eb7cad.jpeg,https://www.ubereats.com/es-en/city/nerja-es-an,CC-MAIN-2023-23
,Nerja,La Cocina De Carol,Uber Eats,"Calle Faro Nuevo, 1, Torre Del Mar, EMEA 29740, Torre del Mar, 29740",Torre del Mar,Pollo,Pollo|Española|Carne,,,€,,,,False,False,,,https://www.ubereats.com/es-en/store/la-cocina-de-carol/b22c7ab2-20c3-52c7-82bb-6c5461d819df,https://tb-static.uber.com/prod/image-proc/processed_images/dd9d1c3154527142d0ab7cfe21b25b57/a70f5c9df440d10213e93244e9eb7cad.jpeg,https://www.ubereats.com/es-en/city/nerja-es-an,CC-MAIN-2023-23
,Nerja,Buon Gusto,Uber Eats,"Avenida Del Rey Juan Carlos I 18, Vélez-Málaga, Emea, Es, 29740,",,Italiana,Italiana|Pizza,,,€,,,,False,False,,,https://www.ubereats.com/es-en/store/buon-gusto/2a3117bc-bb5f-57f3-af1a-879f6fe3037f,https://tb-static.uber.com/prod/image-proc/processed_images/1ff71febbbfc5af57da6a91a07038ed1/69ad85cd7b39888042b3bbf1c22d630d.webp,https://www.ubereats.com/es-en/city/nerja-es-an,CC-MAIN-2023-23
,Nerja,Burger King - Velez-Málaga - SVE,Uber Eats,"Av. Juan Carlos I, 1, Vélez-Málaga, AL 29740, Vélez-Málaga, 29740",Vélez-Málaga,Americana,Americana|Hamburguesas|Comida rápida,,,€,,,,False,False,,,https://www.ubereats.com/es-en/store/burger-king-velez-malaga-sve/2e33c193-2f3b-46f8-8380-4f756bb82e9c,https://tb-static.uber.com/prod/image-proc/processed_images/c4cdd979b73116a4c5cb78c5554b2fa6/a70f5c9df440d10213e93244e9eb7cad.jpeg,https://www.ubereats.com/es-en/city/nerja-es-an,CC-MAIN-2023-23
,Nerja,Asador de Pollos Josione,Uber Eats,"Calle Casa De La Viña 8, Torre Del Mar, EMEA 29740, Torre del Mar, 29740",Torre del Mar,Pollo,Pollo|Asado|Carne|Marisco,,,€,,,,False,False,,,https://www.ubereats.com/es-en/store/asador-de-pollos-josione/64700a63-07ba-5cf1-85ac-b2fca17f1cb4,https://tb-static.uber.com/prod/image-proc/processed_images/18d2cb989ee3bd9b80057a1d97c903ca/a70f5c9df440d10213e93244e9eb7cad.jpeg,https://www.ubereats.com/es-en/city/nerja-es-an,CC-MAIN-2023-23
,Nerja,Domino's - Velez Malaga,Uber Eats,"Av Vivar Tellez, Málaga, Spain, Spain 29700, Málaga, Spain, 29700","Málaga, Spain",Americana,Americana|Comida rápida|Pizza,,,€,,,,False,False,,,https://www.ubereats.com/es-en/store/dominos-velez-malaga/89be3e14-c860-4762-a2ad-b7e0d24ec390,https://d1ralsognjng37.cloudfront.net/96abd466-4069-4567-a3e7-f95fc6e67084.jpeg,https://www.ubereats.com/es-en/city/nerja-es-an,CC-MAIN-2023-23
,Nerja,Cafetería y Pizzería Family,Uber Eats,"Calle Alcalde Manuel Reyna, 6 Local A, Vélez Málaga, Andalucía 29700, Vélez Málaga, 29700",Vélez Málaga,Italiana,Italiana|Pasta|Pizza,,,€,,,,False,False,,,https://www.ubereats.com/es-en/store/cafeteria-y-pizzeria-family/8d6e84a8-b6d4-52b3-a370-e0d9b59c200a,https://tb-static.uber.com/prod/image-proc/processed_images/cb35be5ae22d924f160a947f1022777a/f7e27f77a1abfdaa9fab9b4ae7dab7cb.webp,https://www.ubereats.com/es-en/city/nerja-es-an,CC-MAIN-2023-23
,Nerja,Papas El Carmen,Uber Eats,"Conjunto Del Carmen Bloque C, San José, Bajo, 29700 Vélez-Málaga, Málaga, Spain,",,Kebab,Kebab|Hamburguesas|Bebidas,,,€,,,,False,False,,,https://www.ubereats.com/es-en/store/papas-el-carmen/473a7467-f0c4-4851-b1e3-de256d50538a,https://tb-static.uber.com/prod/image-proc/processed_images/ad1652f43f0804e6ac39bcdb3be5c88d/a70f5c9df440d10213e93244e9eb7cad.jpeg,https://www.ubereats.com/es-en/city/nerja-es-an,CC-MAIN-2023-23
,Nerja,Kebab Los Rosales Vélez-Málaga,Uber Eats,"Calle Axarquia 2, Vélez-Málaga, EMEA 29700, Vélez-Málaga, 29700",Vélez-Málaga,Kebab,Kebab|Pollo|De Oriente Medio,,,€,,,,False,False,,,https://www.ubereats.com/es-en/store/kebab-los-rosales-velez-malaga/66559ab7-c60f-5999-bb54-1b801c423ac4,https://tb-static.uber.com/prod/image-proc/processed_images/c9c77669c52edb919fc5d9aa0897a2fe/69ad85cd7b39888042b3bbf1c22d630d.webp,https://www.ubereats.com/es-en/city/nerja-es-an,CC-MAIN-2023-23
,Nerja,Parada en La Granja,Uber Eats,"Av. De La Torre, 39, Torre De Benagalbón, Málaga, EMEA 29738, Málaga, 29738",Málaga,Americana,Americana|Hamburguesas|Sándwich,,,€,,,,False,False,,,https://www.ubereats.com/es-en/store/parada-en-la-granja/85e37779-75c8-49d8-a024-f82ab4e5ba3e,https://d1ralsognjng37.cloudfront.net/9ead109e-7c9b-4141-b086-e5210bbe528a.jpeg,https://www.ubereats.com/es-en/city/nerja-es-an,CC-MAIN-2023-23
,Nerja,Bibra Real Food (Rincón de la Victoria),Uber Eats,"Avenida Del Mediterráneo 208, Local 2, Rincón De La Victoria, AN 29730, Rincón de la Victoria, 29730",Rincón de la Victoria,Saludable,Saludable|Ensaladas,,,,,,,False,False,,,https://www.ubereats.com/es-en/store/bibra-real-food-rincon-de-la-victoria/34fbc55e-6504-5511-b080-d4ea5dc38ad0,https://tb-static.uber.com/prod/image-proc/processed_images/7f07e673f51cb64112376e006470313f/a70f5c9df440d10213e93244e9eb7cad.jpeg,https://www.ubereats.com/es-en/city/nerja-es-an,CC-MAIN-2023-23
,Nerja,Isturk Kebab Rincón Centro,Uber Eats,"Avenida Del Mediterraneo 137, Rincon De La Victoria, 29730, Rincon de la Victoria, 29730",Rincon de la Victoria,Turca,Turca|Pizza,,,€,,,,False,False,,,https://www.ubereats.com/es-en/store/isturk-kebab-rincon-centro/aa812d66-3e0e-4fd6-9596-bf42881a534c,https://d1ralsognjng37.cloudfront.net/f72b8d04-fa82-491f-bc7c-b8774f116c79.jpeg,https://www.ubereats.com/es-en/city/nerja-es-an,CC-MAIN-2023-23
,Nerja,Pizza Mía Dolce&amp;Salato,Uber Eats,"Calle Córdoba 2, Rincón De La Victoria, EMEA 29730, Rincón de la Victoria, 29730",Rincón de la Victoria,Italiana,Italiana|Pizza,,,,,,,False,False,,,https://www.ubereats.com/es-en/store/pizza-mia-dolce&amp;salato/a95abf0a-b2b2-5da0-a3b6-36ecad3b079e,https://tb-static.uber.com/prod/image-proc/processed_images/2e84a5917c8839e8d9ed57f0a32078de/69ad85cd7b39888042b3bbf1c22d630d.webp,https://www.ubereats.com/es-en/city/nerja-es-an,CC-MAIN-2023-23
,Nerja,PIZZA IN PIAZZA,Uber Eats,"Plaza De La Iglesia 7, RINCON DE LA VICTORIA, EMEA 29730, RINCON DE LA VICTORIA, 29730",RINCON DE LA VICTORIA,Pizza,Pizza|Italiana|GourmetProducts,,,€,,,,False,False,,,https://www.ubereats.com/es-en/store/pizza-in-piazza/112a0b7f-e9b6-5a74-89e3-426f6d3ed4b6,https://tb-static.uber.com/prod/image-proc/processed_images/c6188d4b5319ab6d1aae84ca2e75cced/4f48e715b6c05b9b00c3fc436b4eb65f.jpeg,https://www.ubereats.com/es-en/city/nerja-es-an,CC-MAIN-2023-23
,Nerja,La Góndola de Ydai,Uber Eats,"Avenida Del Mediterráneo 53, Rincón De La Victoria, EMEA 29730, Rincón de la Victoria, 29730",Rincón de la Victoria,Pollo,Pollo|Pizza|Española,,,€,,,,False,False,,,https://www.ubereats.com/es-en/store/la-gondola-de-ydai/e1d6eb5a-cc57-50fe-8c46-698fd943c998,https://tb-static.uber.com/prod/image-proc/processed_images/c281ee0d2b9ffbe5259fcca9d0afdad2/a70f5c9df440d10213e93244e9eb7cad.jpeg,https://www.ubereats.com/es-en/city/nerja-es-an,CC-MAIN-2023-23
,Nerja,Pollo Asado al Carbon INDI,Uber Eats,"Calle África 14, Malaga, EMEA 29730, Malaga, 29730",Malaga,Pollo,Pollo|Española|Alitas de pollo,,,€,,,,False,False,,,https://www.ubereats.com/es-en/store/pollo-asado-al-carbon-indi/e0cd38e7-dcde-5492-9374-0aeea38ea313,https://tb-static.uber.com/prod/image-proc/processed_images/57b838bdfa0872460bdf52c64f0b56a3/a70f5c9df440d10213e93244e9eb7cad.jpeg,https://www.ubereats.com/es-en/city/nerja-es-an,CC-MAIN-2023-23
,Nerja,Andares Take Away,Uber Eats,"Avenida De La Axarquía 3, Local, Rincón De La Victoria, AN 29738, Rincón de la Victoria, 29738",Rincón de la Victoria,Hamburguesas,Hamburguesas,,,,,,,False,False,,,https://www.ubereats.com/es-en/store/andares-take-away/acb88f1b-4000-430d-bb28-aeca7a232595,https://tb-static.uber.com/prod/image-proc/processed_images/5a3de0e869121ccb85128ad608dd8424/69ad85cd7b39888042b3bbf1c22d630d.jpeg,https://www.ubereats.com/es-en/city/nerja-es-an,CC-MAIN-2023-23
,Nerja,Mupanky Bowls (Rincón de la Victoria),Uber Eats,"Calle De La Victoria &amp; Paseo Marina, Rincón De La Victoria, AN 29730, Rincón de la Victoria, 29730",Rincón de la Victoria,Hawaiana,Hawaiana|Poke|Ensaladas,,,,,,,False,False,,,https://www.ubereats.com/es-en/store/mupanky-bowls-rincon-de-la-victoria/65ca417f-00ed-421f-bcaf-12eafb6d1edd,https://tb-static.uber.com/prod/image-proc/processed_images/a3fcb8dd0bbb2f024aa07df36206165e/f7e27f77a1abfdaa9fab9b4ae7dab7cb.jpeg,https://www.ubereats.com/es-en/city/nerja-es-an,CC-MAIN-2023-23
,Nerja,Isturk Kebab Torre Benagalbon,Uber Eats,"Avenida De La Torre 106, Torre De Benagalbón, EMEA 29738, Torre de Benagalbón, 29738",Torre de Benagalbón,Pizza,Pizza|Turca|Halal,,,€,,,,False,False,,,https://www.ubereats.com/es-en/store/isturk-kebab-torre-benagalbon/4b1c55d8-6185-478d-ae7c-cfd31d757f80,https://d1ralsognjng37.cloudfront.net/c0322435-2f8b-4c4a-ab7f-c0c4f85f54f5.jpeg,https://www.ubereats.com/es-en/city/nerja-es-an,CC-MAIN-2023-23
,Nerja,Tuk Tuk Noodles by Toc Toc (Rincon de la Victoria),Uber Eats,"Paseo De La Marina, 123, Rincón De La Victoria, Malaga, EMEA 29730, Malaga, 29730",Malaga,Asiática,Asiática|Fideos,,,,,,,False,False,,,https://www.ubereats.com/es-en/store/tuk-tuk-noodles-by-toc-toc-rincon-de-la-victoria/b14a5185-c730-4d67-8d41-6e9b501c2499,https://tb-static.uber.com/prod/image-proc/processed_images/a329bf6f556574d13e19e4e3f593fe13/f7e27f77a1abfdaa9fab9b4ae7dab7cb.jpeg,https://www.ubereats.com/es-en/city/nerja-es-an,CC-MAIN-2023-23
,Nerja,Carrefour Express Calle Ronda Rincon de la Victoria,Uber Eats,"C/ Ronda S/N, Rinconde La Victoria, Spain 29730, Rinconde La Victoria, 29730",Rinconde La Victoria,Tienda de comestibles,Tienda de comestibles|Supermarket,,,€,,,,False,False,,,https://www.ubereats.com/es-en/store/carrefour-express-calle-ronda-rincon-de-la-victoria/9f0997fc-7b0f-57be-8b45-d3a263ff5481,https://tb-static.uber.com/prod/image-proc/processed_images/ffd3b4fd549dbcfcedd1af9c4082a45e/820883a48567670acbd720bc76391291.jpeg,https://www.ubereats.com/es-en/city/nerja-es-an,CC-MAIN-2023-23
,Nerja,Namasté,Uber Eats,"Calle Frigiliana 13, Rincón De La Victoria, EMEA 29730, Rincón de la Victoria, 29730",Rincón de la Victoria,Kebab,Kebab|De Oriente Medio|Turca|Pizza,,,€,,,,False,False,,,https://www.ubereats.com/es-en/store/namaste/8c58eb33-ee45-5b18-ad76-7710c33c45d3,https://tb-static.uber.com/prod/image-proc/processed_images/f8b1330fd27244ce2c33d6e54b4f8778/69ad85cd7b39888042b3bbf1c22d630d.webp,https://www.ubereats.com/es-en/city/nerja-es-an,CC-MAIN-2023-23
,Nerja,La Terracita Burgers &amp; Coffee,Uber Eats,"Avenida Del Mediterráneo 139, Rincón De La Victoria, AN 29730, Rincón de la Victoria, 29730",Rincón de la Victoria,Tapas y raciones,Tapas y raciones|Comida reconfortante,,,,,,,False,False,,,https://www.ubereats.com/es-en/store/la-terracita-burgers-&amp;-coffee/740400ba-b569-5e37-8c0c-5ba383b72d5c,https://tb-static.uber.com/prod/image-proc/processed_images/6eaae7222c4f22eb12b61862f47942be/a70f5c9df440d10213e93244e9eb7cad.jpeg,https://www.ubereats.com/es-en/city/nerja-es-an,CC-MAIN-2023-23
,Nerja,Isturk Kebab Playa,Uber Eats,"Calle Victoria, 35, 29730, Rincón de la Victoria, 29730",Rincón de la Victoria,Árabe,Árabe|Pizza,,,€,,,,False,False,,,https://www.ubereats.com/es-en/store/isturk-kebab-playa/2b501eb3-704f-4046-bb34-6e58fe4719a9,https://d1ralsognjng37.cloudfront.net/536ad861-1d5d-4d80-98e3-5b433982188b.jpeg,https://www.ubereats.com/es-en/city/nerja-es-an,CC-MAIN-2023-23
,Nerja,Cafetería Restaurante Dulcinea,Uber Eats,"Calle Los Cármenes 5, Rincón De La Victoria, EMEA 29730, Rincón de la Victoria, 29730",Rincón de la Victoria,Española,Española|Marisco|Mediterránea|Sopas|Ensaladas|Sándwiches|Especialidades|Con opciones vegetarianas,,,€,,,,False,False,,,https://www.ubereats.com/es-en/store/cafeteria-restaurante-dulcinea/cef2ed50-4aba-5c5f-bb2d-805cd884dc17,https://tb-static.uber.com/prod/image-proc/processed_images/1843dafd27c7769d4219a7326e318a3a/69ad85cd7b39888042b3bbf1c22d630d.webp,https://www.ubereats.com/es-en/city/nerja-es-an,CC-MAIN-2023-23
,Nerja,Khushi Restaurant,Uber Eats,"Av. Del Mediterráneo, 96, Rincón De La Victoria, Andalucía 29730, Rincón de la Victoria, 29730",Rincón de la Victoria,India,India|Rice &amp; Curry,,,€,,,,False,False,,,https://www.ubereats.com/es-en/store/khushi-restaurant/35ad4c77-963c-497a-81e4-1ba85b70c951,https://d1ralsognjng37.cloudfront.net/76ec146d-6b5b-4488-b3f5-126b79c7c8b9.jpeg,https://www.ubereats.com/es-en/city/nerja-es-an,CC-MAIN-2023-23
,Nerja,Zaiqa Kebab&amp;Pizza,Uber Eats,"Avenida Del Mediteranio 47, Rincon De La Victoria, EMEA 29730, Rincon de la victoria, 29730",Rincon de la victoria,Española,Española|Tapas,,,€,,,,False,False,,,https://www.ubereats.com/es-en/store/zaiqa-kebab&amp;pizza/febb56e0-db9c-5555-9517-185a497a97e6,https://tb-static.uber.com/prod/image-proc/processed_images/12338bd38d46c9d35265c2157f7df5bd/69ad85cd7b39888042b3bbf1c22d630d.webp,https://www.ubereats.com/es-en/city/nerja-es-an,CC-MAIN-2023-23
,Nerja,Tequila Rock Taco,Uber Eats,"Plaza De Nuestra Señora De La Victoria 9, Local 4. Rincón De La Victoria, Málaga, Es, 29730,",,Mexicana,Mexicana|Tacos,,,€,,,,False,False,,,https://www.ubereats.com/es-en/store/tequila-rock-taco/4aac5222-0bca-4482-94f3-c5fee5347088,https://tb-static.uber.com/prod/image-proc/processed_images/460a1aa89e75672eef11aa891d19403a/69ad85cd7b39888042b3bbf1c22d630d.webp,https://www.ubereats.com/es-en/city/nerja-es-an,CC-MAIN-2023-23
,Nerja,Hoyofuera,Uber Eats,"Avenida Del Mediterráneo 43, Malaga, EMEA 29730, Malaga, 29730",Malaga,Hamburguesas,Hamburguesas|Mediterránea|Española,,,€,,,,False,False,,,https://www.ubereats.com/es-en/store/hoyofuera/de43dad7-a915-5151-acd4-981223cbbdc8,https://tb-static.uber.com/prod/image-proc/processed_images/c0851cf35e902e5288b713c47f0e8aa9/a70f5c9df440d10213e93244e9eb7cad.jpeg,https://www.ubereats.com/es-en/city/nerja-es-an,CC-MAIN-2023-23
,Vitoria,Amore Kami India,Uber Eats,"Calle de Navarro Villoslada 18, Vitoria, 01012",Vitoria,Indian,Indian|Vegetarian|Asian|Vegetarian Friendly|Afghan,,,,,,,False,False,,,,"['https://tb-static.uber.com/prod/image-proc/processed_images/26c38e44578895e2e97af2382a162ced/ffd640b0f9bc72838f2ebbee501a5d4b.jpeg', 'https://tb-static.uber.com/prod/image-proc/processed_images/26c38e44578895e2e97af2382a162ced/820883a48567670acbd720bc76391291.jpeg', 'https://tb-static.uber.com/prod/image-proc/processed_images/26c38e44578895e2e97af2382a162ced/1153e79d90aa7e9dd2351e1aa8dc4e16.jpeg', 'https://tb-static.uber.com/prod/image-proc/processed_images/26c38e44578895e2e97af2382a162ced/1651207c9cb2a7942b37b3f3e4a0b899.jpeg', 'https://tb-static.uber.com/prod/image-proc/processed_images/26c38e44578895e2e97af2382a162ced/445a4b2618e10f7db95d4f17a85b117d.jpeg', 'https://tb-static.uber.com/prod/image-proc/processed_images/26c38e44578895e2e97af2382a162ced/c73ecc27d2a9eaa735b1ee95304ba588.jpeg']",https://www.ubereats.com/es-en/store/amore-kami-india/p2TntRe5U1mgt6BbvlDcWA,CC-MAIN-2023-23
,Guadalajara,Fundación Infantil Ronald McDonald - Guadalajara,Uber Eats,"Av. Eduardo Guitián, 13-19 , Guadalajara, Guadalajara, Spain, Spain 19002, Guadalajara, Spain, 19002","Guadalajara, Spain",Americana,Americana|Hamburguesas,,,€,,,,False,False,,,https://www.ubereats.com/es-en/store/fundacion-infantil-ronald-mcdonald-guadalajara/83cd3bb2-c350-410e-9afd-c564ceb3e387,https://d1ralsognjng37.cloudfront.net/88a84f1d-41cc-4943-92a6-757a778eabed.jpeg,https://www.ubereats.com/es-en/city/guadalajara-es-cm,CC-MAIN-2023-23
,Guadalajara,Taco Bell - Guadalajara,Uber Eats,"C. Toledo, 8, Guadalajara, Spain 19002, Guadalajara, 19002",Guadalajara,Pollo,Pollo|Comida rápida|Mexicana|Tacos,,,€,,,,False,False,,,https://www.ubereats.com/es-en/store/taco-bell-guadalajara/c4d25eaa-b449-517e-a0b0-8710c4655cc0,https://tb-static.uber.com/prod/image-proc/processed_images/b84985078ed512e09abd655bbf2bd09c/a70f5c9df440d10213e93244e9eb7cad.jpeg,https://www.ubereats.com/es-en/city/guadalajara-es-cm,CC-MAIN-2023-23
,Guadalajara,Papa John's - Guadalajara,Uber Eats,"Calle De Rufino Blanco 22, Guadalajara, Es, Castilla-La Mancha 19002, Guadalajara, 19002",Guadalajara,Americana,Americana|Pizza|Comida rápida,,,€,,,,False,False,,,https://www.ubereats.com/es-en/store/papa-johns-guadalajara/1b2a0d5e-de1d-43ad-aebd-7c83e24a4776,https://tb-static.uber.com/prod/image-proc/processed_images/6a23d9d7ff3cfad62b04f951b15b4b04/a70f5c9df440d10213e93244e9eb7cad.jpeg,https://www.ubereats.com/es-en/city/guadalajara-es-cm,CC-MAIN-2023-23
,Guadalajara,Bocadilleria PK2,Uber Eats,"Calle Del Cardenal González De Mendoza 8, Guadalajara, EMEA 19001, Guadalajara, 19001",Guadalajara,Americana,Americana|Sándwich|Vegetariana,,,€,,,,False,False,,,https://www.ubereats.com/es-en/store/bocadilleria-pk2/b9b87afc-1372-52db-9e26-994b76db5843,https://tb-static.uber.com/prod/image-proc/processed_images/20a4b8f3ffa591b930decf6089b4eb71/a70f5c9df440d10213e93244e9eb7cad.jpeg,https://www.ubereats.com/es-en/city/guadalajara-es-cm,CC-MAIN-2023-23
,Guadalajara,Gingko Sushi,Uber Eats,"Calle Señorío De Molina 2, Guadalajara, Castilla-La Mancha 19005, Guadalajara, 19005",Guadalajara,Japonesa,Japonesa|Sushi|Fish &amp; Seafood|Marisco|Teppanyaki,,,€,,,,False,False,,,https://www.ubereats.com/es-en/store/gingko-sushi/38d71615-e816-4e5f-9d05-e30d712f670a,https://tb-static.uber.com/prod/image-proc/processed_images/a6a0a574883078e13e0fa2df628f8cba/a70f5c9df440d10213e93244e9eb7cad.jpeg,https://www.ubereats.com/es-en/city/guadalajara-es-cm,CC-MAIN-2023-23
,Guadalajara,Telepizza - Guadalajara Bulevar de Entrepeñas,Uber Eats,"Av. Beleña, 6, Guadalajara, Spain 19005, Guadalajara, 19005",Guadalajara,american,american|fastfood|pizza|wings,,,€,,,,False,False,,,https://www.ubereats.com/es-en/store/telepizza-guadalajara-bulevar-de-entrepenas/469dcd4e-1ea6-5071-8665-d20e45e283b7,https://tb-static.uber.com/prod/image-proc/processed_images/56788f20be4fdf9e341e6be1e5ced74d/a70f5c9df440d10213e93244e9eb7cad.jpeg,https://www.ubereats.com/es-en/city/guadalajara-es-cm,CC-MAIN-2023-23
,Guadalajara,Green Bowl - Todo en un Bowl,Uber Eats,"C. Teresa Claramunt, 3, Local 10,, Guadalajara,, EMEA 19005, Guadalajara,, 19005","Guadalajara,",Mediterránea,Mediterránea|Carne,,,€,,,,False,False,,,https://www.ubereats.com/es-en/store/green-bowl-todo-en-un-bowl/b2e9bdc9-cb98-5ee1-8829-f8581cfe7418,https://tb-static.uber.com/prod/image-proc/processed_images/37782f0d29597a3acae124e4645a0483/a70f5c9df440d10213e93244e9eb7cad.jpeg,https://www.ubereats.com/es-en/city/guadalajara-es-cm,CC-MAIN-2023-23
,Guadalajara,DIA - Av Del Ejercito,Uber Eats,"Av Del Ejercito 6, Guadalajara, Spain, Spain 19004, Guadalajara, Spain, 19004","Guadalajara, Spain",Tienda de comestibles,Tienda de comestibles|Supermarket,,,€,,,,False,False,,,https://www.ubereats.com/es-en/store/dia-av-del-ejercito/d2198a8b-a24b-491c-b6e8-802e88601ef9,https://d1ralsognjng37.cloudfront.net/b874ff7f-faa1-4acc-b6bf-3ea95bcf1feb.jpeg,https://www.ubereats.com/es-en/city/guadalajara-es-cm,CC-MAIN-2023-23
,Guadalajara,Foster's Hollywood (C.C.El Ferial),Uber Eats,"Av. Eduardo Guitián, 13, 19, 19002, Guadalajara, 19002",Guadalajara,Americana,Americana|Hamburguesas|Comida rápida,,,€,,,,False,False,,,https://www.ubereats.com/es-en/store/fosters-hollywood-ccel-ferial/7be4b141-b28d-4d9b-841c-9642a69762f9,https://d1ralsognjng37.cloudfront.net/89bc0e5b-5e5b-4ff1-a367-3d83b39df5d3.jpeg,https://www.ubereats.com/es-en/city/guadalajara-es-cm,CC-MAIN-2023-23
,Guadalajara,Restaurante Asiatico Fu,Uber Eats,"Bulevar Clara Campoamor, 2, Guadalajara, EMEA 19005, Guadalajara, 19005",Guadalajara,Asiática,Asiática|Sushi,,,€,,,,False,False,,,https://www.ubereats.com/es-en/store/restaurante-asiatico-fu/ec038b62-720c-52a6-8d5d-5eeb0746c5cf,https://tb-static.uber.com/prod/image-proc/processed_images/4e2dcbc3804aedd0df57b6933bbeb5a0/a70f5c9df440d10213e93244e9eb7cad.jpeg,https://www.ubereats.com/es-en/city/guadalajara-es-cm,CC-MAIN-2023-23
,Guadalajara,Burger King - Virgen del Amparo,Uber Eats,"Virgen Del Amparo,51 (19002)Guadalajara, Spain 19002, Guadalajara, 19002",Guadalajara,Americana,Americana|Hamburguesas|Comida rápida,,,€,,,,False,False,,,https://www.ubereats.com/es-en/store/burger-king-virgen-del-amparo/4db4c410-5d28-46a2-b0bf-886fc993525c,https://tb-static.uber.com/prod/image-proc/processed_images/c4cdd979b73116a4c5cb78c5554b2fa6/a70f5c9df440d10213e93244e9eb7cad.jpeg,https://www.ubereats.com/es-en/city/guadalajara-es-cm,CC-MAIN-2023-23
,Guadalajara,VIPS Ferial Plaza,Uber Eats,"C.C. Ferial Plaza C/ Eduardo Guitian Revuelta, S/N. Guadalajara, Guadalajara, Spain, Spain 19002, Guadalajara, Spain, 19002","Guadalajara, Spain",Comida rápida,Comida rápida|Mediterránea|Sándwich,,,€,,,,False,False,,,https://www.ubereats.com/es-en/store/vips-ferial-plaza/b9aef108-77eb-4730-a6da-df9e4b7bc784,https://tb-static.uber.com/prod/image-proc/processed_images/697512b776a2fc5fb773b8fa4b5b8c55/820883a48567670acbd720bc76391291.jpeg,https://www.ubereats.com/es-en/city/guadalajara-es-cm,CC-MAIN-2023-23
,Guadalajara,Popeyes - Guadalajara,Uber Eats,"Calle De Rufino Blanco 14, Guadalajara, Castille-La Mancha 19002, Guadalajara, 19002",Guadalajara,Americana,Americana|Fried Chicken,,,€,,,,False,False,,,https://www.ubereats.com/es-en/store/popeyes-guadalajara/b1303e08-91b2-4ed9-983f-fef57ba6b490,https://tb-static.uber.com/prod/image-proc/processed_images/913ace086fa39464b32b9ff417b9a10c/a70f5c9df440d10213e93244e9eb7cad.jpeg,https://www.ubereats.com/es-en/city/guadalajara-es-cm,CC-MAIN-2023-23
,Guadalajara,Mister Gyoza,Uber Eats,"Calle De Rufino Blanco 8, Guadalajara, EMEA 19003, Guadalajara, 19003",Guadalajara,Asiática,Asiática|Sushi,,,€,,,,False,False,,,https://www.ubereats.com/es-en/store/mister-gyoza/c4693935-5f2f-55bf-91d7-16d0d5a34650,https://tb-static.uber.com/prod/image-proc/processed_images/8429fd336903901e1b6c10f9ad15fc62/820883a48567670acbd720bc76391291.jpeg,https://www.ubereats.com/es-en/city/guadalajara-es-cm,CC-MAIN-2023-23
,Guadalajara,Dall'Italiano,Uber Eats,"Calle Pedro Pascual 9, Guadalajara, EMEA 19001, Guadalajara, 19001",Guadalajara,Hamburguesas,Hamburguesas|Italiana|Pizza|Opciones para alergias,,,€,,,,False,False,,,https://www.ubereats.com/es-en/store/dallitaliano/49af9e1c-c920-5cca-b677-78c599eec4e6,https://d1ralsognjng37.cloudfront.net/68d930a7-9909-44ea-82c0-6ad8b14258d9.webp,https://www.ubereats.com/es-en/city/guadalajara-es-cm,CC-MAIN-2023-23
,Guadalajara,100 Montaditos - Avenida Eduardo Gutian,Uber Eats,"Avenida Eduardo Guitian 13-19, Guadalajara, Spain, Spain 19002, Guadalajara, Spain, 19002","Guadalajara, Spain",Europea,Europea|Comida rápida|Ensaladas|Sándwich,,,€,,,,False,False,,,https://www.ubereats.com/es-en/store/100-montaditos-avenida-eduardo-gutian/b016ddd1-f887-4e8b-bbfd-262ab5083493,https://d1ralsognjng37.cloudfront.net/fa740de7-ac00-48e1-8e8f-c7ff00d94fa5.jpeg,https://www.ubereats.com/es-en/city/guadalajara-es-cm,CC-MAIN-2023-23
,Guadalajara,Cantina &amp; Co,Uber Eats,"Avenida De Eduardo Guitián 5, Guadalajara, Castille-La Mancha 19002, Guadalajara, 19002",Guadalajara,Americana,Americana|Hamburguesas|Sándwich,,,€,,,,False,False,,,https://www.ubereats.com/es-en/store/cantina-&amp;-co/1a965de5-8674-4a44-8636-018d1dd18ccb,https://d1ralsognjng37.cloudfront.net/9950dff7-95b6-4281-b08b-000aa1f3e0b6.jpeg,https://www.ubereats.com/es-en/city/guadalajara-es-cm,CC-MAIN-2023-23
,Guadalajara,Plan B,Uber Eats,"Calle De Felipe Solano Antelo 14, Guadalajara, Castille-La Mancha 19002, Guadalajara, 19002",Guadalajara,Mediterránea,Mediterránea|Sándwich,,,€,,,,False,False,,,https://www.ubereats.com/es-en/store/plan-b/74f2ce7c-a305-5753-a053-39c0b56cf2fd,https://tb-static.uber.com/prod/image-proc/processed_images/c2398f49091f3bd5da1a0280a08c7866/69ad85cd7b39888042b3bbf1c22d630d.webp,https://www.ubereats.com/es-en/city/guadalajara-es-cm,CC-MAIN-2023-23
,Guadalajara,Kebab Guada,Uber Eats,"C. Zaragoza, 15, Guadalajara, EMEA 19005, Guadalajara, 19005",Guadalajara,Pollo,Pollo|De Oriente Medio|Kebab,,,€,,,,False,False,,,https://www.ubereats.com/es-en/store/kebab-guada/b03cb5b5-25a4-57ff-95fe-fee113d0e60c,https://tb-static.uber.com/prod/image-proc/processed_images/e0bf0e9f870ed2e795585eb7d2800e82/a70f5c9df440d10213e93244e9eb7cad.jpeg,https://www.ubereats.com/es-en/city/guadalajara-es-cm,CC-MAIN-2023-23
,Guadalajara,Indian Aroma,Uber Eats,"Nuevo Alamin Local. No 10, Guadalajara, Castille-La Mancha 19005, Guadalajara, 19005",Guadalajara,India,India|Rice &amp; Curry|Vegetariana|Bar Food|Parrilla|Biryani|Platos con arroz,,,€,,,,False,False,,,https://www.ubereats.com/es-en/store/indian-aroma/3d01e7ab-6899-4a2c-8a65-9e37f2cedb0a,https://tb-static.uber.com/prod/image-proc/processed_images/7b279f04500047658d6c22ac0d09130e/a70f5c9df440d10213e93244e9eb7cad.jpeg,https://www.ubereats.com/es-en/city/guadalajara-es-cm,CC-MAIN-2023-23
,Guadalajara,Kebab Istanbul,Uber Eats,"Avenida De Eduardo Guitián 19, Guadalajara, Castille-La Mancha 19002, Guadalajara, 19002",Guadalajara,Kebab,Kebab|Turca|Comida rápida|Ensaladas|Alitas de pollo|Postres|Bebidas|Alcohol,,,€,,,,False,False,,,https://www.ubereats.com/es-en/store/kebab-istanbul/5ffa57e1-e519-4795-9b28-143e8c49ebfe,https://d1ralsognjng37.cloudfront.net/b24e5ed5-f821-4375-b360-6a15b7beb33e.jpeg,https://www.ubereats.com/es-en/city/guadalajara-es-cm,CC-MAIN-2023-23
,Guadalajara,Plan B Market Express,Uber Eats,"Calle De Felipe Solano Antelo 13, Guadalajara, Castille-La Mancha 19002, Guadalajara, 19002",Guadalajara,,,,,€,,,,False,False,,,https://www.ubereats.com/es-en/store/plan-b-market-express/f7263314-bf72-510f-885b-c4d75920a132,https://tb-static.uber.com/prod/image-proc/processed_images/a1a6c2e427aaa2a79eec563dceebed7b/a70f5c9df440d10213e93244e9eb7cad.jpeg,https://www.ubereats.com/es-en/city/guadalajara-es-cm,CC-MAIN-2023-23
,Guadalajara,Kebab Pak,Uber Eats,"Calle De Segovia 1, Guadalajara, Castille-La Mancha 19005, Guadalajara, 19005",Guadalajara,Kebab,Kebab|De Oriente Medio,,,€,,,,False,False,,,https://www.ubereats.com/es-en/store/kebab-pak/74f35197-ed4e-4680-b5c5-32a2f4b80571,https://d1ralsognjng37.cloudfront.net/41aa84c4-ef21-4a6b-9686-473f48dcb6b1.jpeg,https://www.ubereats.com/es-en/city/guadalajara-es-cm,CC-MAIN-2023-23
,Guadalajara,Restaurante el Cisne,Uber Eats,"Plaza Bejanque, 12, Guadalajara, EMEA 19005, Guadalajara, 19005",Guadalajara,Desayuno y brunch,Desayuno y brunch,,,€,,,,False,False,,,https://www.ubereats.com/es-en/store/restaurante-el-cisne/b859c1a9-bbd8-4531-b182-57ad3443ccdc,https://tb-static.uber.com/prod/image-proc/processed_images/318aeabd2bb8734ed7604962c23c3b70/a70f5c9df440d10213e93244e9eb7cad.jpeg,https://www.ubereats.com/es-en/city/guadalajara-es-cm,CC-MAIN-2023-23
,Guadalajara,Play Burger,Uber Eats,"Calle Del Doctor Layna Serrano 2, Guadalajara, Castilla-La Mancha 19002, Guadalajara, 19002",Guadalajara,Americana,Americana|Hamburguesas,,,,,,,False,False,,,https://www.ubereats.com/es-en/store/play-burger/afeadb84-441c-4959-aed8-1fdc0d9d9b4e,https://tb-static.uber.com/prod/image-proc/processed_images/ad329b3782f0da74279811656fb9ee2e/a70f5c9df440d10213e93244e9eb7cad.jpeg,https://www.ubereats.com/es-en/city/guadalajara-es-cm,CC-MAIN-2023-23
,Guadalajara,Pizzeria Carlos Guadalajara,Uber Eats,"Bulevar De Entrepeñas Nº16, Madrid, Spain 19005, Madrid, 19005",Madrid,Italiana,Italiana,,,€,,,,False,False,,,https://www.ubereats.com/es-en/store/pizzeria-carlos-guadalajara/a3b4e068-ca46-541a-b04f-bf3a3d56aae0,https://tb-static.uber.com/prod/image-proc/processed_images/6c94701019cc54ef3a16bef6f0f0caf7/a70f5c9df440d10213e93244e9eb7cad.jpeg,https://www.ubereats.com/es-en/city/guadalajara-es-cm,CC-MAIN-2023-23
,Guadalajara,KEBAB PARSA,Uber Eats,"Calle Virgen De La Soledad 35, C, Guadalajara, EMEA 19002, Guadalajara, 19002",Guadalajara,Halal,Halal|De Oriente Medio|Kebab,,,€,,,,False,False,,,https://www.ubereats.com/es-en/store/kebab-parsa/297dd1bd-dae2-477f-a09a-e653b7e1bf97,https://tb-static.uber.com/prod/image-proc/processed_images/8d8fcbf008c17a6194fc59bb156e3eda/a70f5c9df440d10213e93244e9eb7cad.jpeg,https://www.ubereats.com/es-en/city/guadalajara-es-cm,CC-MAIN-2023-23
,Guadalajara,Shalimar Doner Kebab,Uber Eats,"Avenida De Beleña 6a, 19005, Guadalajara, EMEA 19005, Guadalajara, 19005",Guadalajara,Kebab,Kebab|Turca|Vegetariana,,,€,,,,False,False,,,https://www.ubereats.com/es-en/store/shalimar-doner-kebab/c8955bc9-1aeb-46db-96df-4fe8bcbd2c79,https://d1ralsognjng37.cloudfront.net/264cb1f0-9e91-43ff-9149-292a3f085d0d.jpeg,https://www.ubereats.com/es-en/city/guadalajara-es-cm,CC-MAIN-2023-23
,Guadalajara,RESTAURANTE CASA DE FU,Uber Eats,"Av Del Castilla La Mancha P7 Nave3, Cabanillas Del Campo, EMEA 19171, Cabanillas del Campo, 19171",Cabanillas del Campo,Asiática,Asiática|Sushi,,,€,,,,False,False,,,https://www.ubereats.com/es-en/store/restaurante-casa-de-fu/54d964d9-9479-5c7b-927c-f630ef81bfa1,https://d1ralsognjng37.cloudfront.net/94aa81d4-3bf7-495f-b972-29a60246b6e6.webp,https://www.ubereats.com/es-en/city/guadalajara-es-cm,CC-MAIN-2023-23
,Guadalajara,Dia Avda. Maria de las Mercedes,Uber Eats,"Avda. Maria De Las Mercedes, 2, Alovera, EMEA 19208, Alovera, 19208",Alovera,Supermarket,Supermarket,,,,,,,False,False,,,https://www.ubereats.com/es-en/store/dia-avda-maria-de-las-mercedes/537d6cdb-55af-51fe-96d4-c7ad73a9fce6,https://tb-static.uber.com/prod/image-proc/processed_images/16dcc4941c3c6b7b3905364477dc5a43/a70f5c9df440d10213e93244e9eb7cad.jpeg,https://www.ubereats.com/es-en/city/guadalajara-es-cm,CC-MAIN-2023-23
,Guadalajara,"Dia Avda. Maria de las Mercedes, 2",Uber Eats,"Avda. Maria De Las Mercedes, 2, Alovera, Spain 19208, Alovera, 19208",Alovera,Vino,Vino|Convenience Store with Alcohol|Supermarket|Tienda de comestibles|Alcohol|Aperitivos|Fruta,,,€,,,,False,False,,,https://www.ubereats.com/es-en/store/dia-avda-maria-de-las-mercedes-2/340ff7c9-7e50-5405-9e0f-b93d716489b1,https://tb-static.uber.com/prod/image-proc/processed_images/16dcc4941c3c6b7b3905364477dc5a43/a70f5c9df440d10213e93244e9eb7cad.jpeg,https://www.ubereats.com/es-en/city/guadalajara-es-cm,CC-MAIN-2023-23
,Guadalajara,McDonald's (Azuqueca de Henares),Uber Eats,"Calle Rafa Pascual, Azuqueca De Henares, Spain 19200, Azuqueca de Henares, 19200",Azuqueca de Henares,Americana,Americana|Hamburguesas|Comida rápida,,,€,,,,False,False,,,https://www.ubereats.com/es-en/store/mcdonalds-azuqueca-de-henares/c3ef1cf2-c4fd-46cc-b942-e7575e66c8ed,https://tb-static.uber.com/prod/image-proc/processed_images/ecec6ad0ccf691a5f33a895d089d9f1c/a70f5c9df440d10213e93244e9eb7cad.jpeg,https://www.ubereats.com/es-en/city/guadalajara-es-cm,CC-MAIN-2023-23
,Guadalajara,Hungrys - Azuqueca,Uber Eats,"Avenida La Constitución 17, Azuqueca De Henares, EMEA 19200, Azuqueca de Henares, 19200",Azuqueca de Henares,Americana,Americana|Pizza,,,€,,,,False,False,,,https://www.ubereats.com/es-en/store/hungrys-azuqueca/7869bb04-4bfd-42ab-a188-9c26a388c002,https://d1ralsognjng37.cloudfront.net/8311ff9a-3fde-4530-b4a5-fce494acd40b.jpeg,https://www.ubereats.com/es-en/city/guadalajara-es-cm,CC-MAIN-2023-23
,Guadalajara,Masa Padre,Uber Eats,"Av. De La Alcarria, 19200 Azuqueca De Henares, Guadalajara, Spain, Castille-La Mancha 19200, Azuqueca de Henares, 19200",Azuqueca de Henares,Española,Española|Tapas,,,€,,,,False,False,,,https://www.ubereats.com/es-en/store/masa-padre/ecb886bc-8501-5cd2-95dc-008ddd280bf2,https://tb-static.uber.com/prod/image-proc/processed_images/f980e5863ed4c450b1bc64e051baf2d1/a70f5c9df440d10213e93244e9eb7cad.jpeg,https://www.ubereats.com/es-en/city/guadalajara-es-cm,CC-MAIN-2023-23
,Guadalajara,Bar Taperia El Eden,Uber Eats,"Avd Alcala 2, Azuqueca De Henares, EMEA 19200, Azuqueca de Henares, 19200",Azuqueca de Henares,Hamburguesas,Hamburguesas|Pollo|Pizza|Comida rápida,,,€,,,,False,False,,,https://www.ubereats.com/es-en/store/bar-taperia-el-eden/b80d65a8-3920-5b09-8428-5fbda1bd63dc,https://tb-static.uber.com/prod/image-proc/processed_images/f9f0efcaf95200fcebb3706a158f829a/69ad85cd7b39888042b3bbf1c22d630d.webp,https://www.ubereats.com/es-en/city/guadalajara-es-cm,CC-MAIN-2023-23
,Chipiona,Galp (Jerez - Area Sur),Uber Eats,"Antigua Nacional Iv Km 639,5, Jerez De La Frontera, AN 11408, Jerez de la Frontera, 11408",Jerez de la Frontera,Supermarket,Supermarket,,,€,,,,False,False,,,https://www.ubereats.com/es-en/store/galp-jerez-area-sur/f816bd27-b93e-4f4e-8c59-d0e7357ddf6c,https://d1ralsognjng37.cloudfront.net/f1f2bbb0-4b08-45d1-9207-5fb080f3c957.jpeg,https://www.ubereats.com/es-en/city/chipiona-es-an,CC-MAIN-2023-23
,Chipiona,Restaurante Hindú Noor Mahal,Uber Eats,"Avenida Del Ejército 11, Jerez De La Frontera, EMEA 11405, Jerez de la Frontera, 11405",Jerez de la Frontera,India,India|Vegetariana|Asiática,,,,,,,False,False,,,https://www.ubereats.com/es-en/store/restaurante-hindu-noor-mahal/2c61ba0a-01dc-5a35-a7bb-7bdc53611608,https://tb-static.uber.com/prod/image-proc/processed_images/875c3e006e46be285238cbee48df46fb/69ad85cd7b39888042b3bbf1c22d630d.webp,https://www.ubereats.com/es-en/city/chipiona-es-an,CC-MAIN-2023-23
,Chipiona,Kebab House,Uber Eats,"Av. De La Constitución, 22, Chipiona, EMEA 11550, Chipiona, 11550",Chipiona,Kebab,Kebab|Hamburguesas,,,€,,,,False,False,,,https://www.ubereats.com/es-en/store/kebab-house/88d3185e-3637-56f8-a02a-cfd4e6810b22,https://tb-static.uber.com/prod/image-proc/processed_images/1c70ed3aa1b8f0332b712cc5f543a6aa/69ad85cd7b39888042b3bbf1c22d630d.webp,https://www.ubereats.com/es-en/city/chipiona-es-an,CC-MAIN-2023-23
,Chipiona,SAN PA POLLOS,Uber Eats,"Calle Palmilla 68, N 68, Sanlúcar De Barrameda, AN 11540, Sanlúcar de Barrameda, 11540",Sanlúcar de Barrameda,Pollo,Pollo|Española|Tapas,,,€,,,,False,False,,,https://www.ubereats.com/es-en/store/san-pa-pollos/1d380067-abbf-43f2-896a-3d48466cc156,https://tb-static.uber.com/prod/image-proc/processed_images/d71391d272c2dd6cd8f79f0842899861/a70f5c9df440d10213e93244e9eb7cad.jpeg,https://www.ubereats.com/es-en/city/chipiona-es-an,CC-MAIN-2023-23
,Chipiona,La gula a&amp;c-catering restaurante,Uber Eats,"Calle Nao San Antonio &amp; Calle Arias, Local, Sanlúcar De Barrameda, AN 11540, Sanlúcar de Barrameda, 11540",Sanlúcar de Barrameda,Española,Española|Marisco|Mediterránea|Alcohol,,,€,,,,False,False,,,https://www.ubereats.com/es-en/store/la-gula-a&amp;c-catering-restaurante/3602d76a-cf81-4970-8d72-907bbf262e51,https://d1ralsognjng37.cloudfront.net/ee7c1f3a-ea90-4116-ad8f-84ecf31a534d.webp,https://www.ubereats.com/es-en/city/chipiona-es-an,CC-MAIN-2023-23
,Chipiona,McDonald's (Rota),Uber Eats,"Av. De La Libertad, 1, Rota, AL 11520, Rota, 11520",Rota,Americana,Americana|Hamburguesas|Comida rápida,,,€,,,,False,False,,,https://www.ubereats.com/es-en/store/mcdonalds-rota/93702f5e-228a-4da5-8f39-c9dd2ddb094c,https://tb-static.uber.com/prod/image-proc/processed_images/ecec6ad0ccf691a5f33a895d089d9f1c/a70f5c9df440d10213e93244e9eb7cad.jpeg,https://www.ubereats.com/es-en/city/chipiona-es-an,CC-MAIN-2023-23
,Chipiona,Pizzería Burger Me Gusta,Uber Eats,"Av. De Sevilla, 15, Rota, EMEA 11520, Rota, 11520",Rota,Americana,Americana|Pizza|Hamburguesas,,,€,,,,False,False,,,https://www.ubereats.com/es-en/store/pizzeria-burger-me-gusta/dd069100-e47f-5aee-9ef9-a0d294d68347,https://tb-static.uber.com/prod/image-proc/processed_images/e2152770d28aa7fd859454d548794119/a70f5c9df440d10213e93244e9eb7cad.jpeg,https://www.ubereats.com/es-en/city/chipiona-es-an,CC-MAIN-2023-23
,Chipiona,Pizzería Villa de Rota,Uber Eats,"Calle Sargento Céspedes 1, Rota, Andalucía 11520, Rota, 11520",Rota,Italiana,Italiana|Pasta,,,,,,,False,False,,,https://www.ubereats.com/es-en/store/pizzeria-villa-de-rota/eb44d6f0-9a95-53ab-b716-cf65bb594da6,https://tb-static.uber.com/prod/image-proc/processed_images/0b4ad1e07c07c3cbf05c318b81492829/a70f5c9df440d10213e93244e9eb7cad.jpeg,https://www.ubereats.com/es-en/city/chipiona-es-an,CC-MAIN-2023-23
,Chipiona,Rota Doner Kebab Turkish Foods,Uber Eats,"Calle Higuereta 62, Rota, EMEA 11520, Rota, 11520",Rota,Turca,Turca|Kebab|Comida rápida,,,€,,,,False,False,,,https://www.ubereats.com/es-en/store/rota-doner-kebab-turkish-foods/23796e59-f5a9-4acd-80bc-3b74c5aa8971,https://d1ralsognjng37.cloudfront.net/9fabc6b4-7f31-4a4f-9b89-90fe71f9f842.jpeg,https://www.ubereats.com/es-en/city/chipiona-es-an,CC-MAIN-2023-23
,Chipiona,THE URBAN GRILL EL PEREJIL,Uber Eats,"Higuereta 66, Rota, Andalucia 11520, Rota, 11520",Rota,Americana,Americana|Carne,,,€,,,,False,False,,,https://www.ubereats.com/es-en/store/the-urban-grill-el-perejil/432d3576-8539-5858-beb3-936fca59a866,https://tb-static.uber.com/prod/image-proc/processed_images/a60e47d71e04c2b68961ac660bb346fb/a70f5c9df440d10213e93244e9eb7cad.jpeg,https://www.ubereats.com/es-en/city/chipiona-es-an,CC-MAIN-2023-23
,Chipiona,LA COCINA DE DOÑA CONCHA,Uber Eats,"Calle Velázquez, 2, Rota, EMEA 11520, Rota, 11520",Rota,Empanada,Empanada|De Latinoamérica,,,€,,,,False,False,,,https://www.ubereats.com/es-en/store/la-cocina-de-dona-concha/92f9ee93-8620-5293-b52b-e41949b432c7,https://tb-static.uber.com/prod/image-proc/processed_images/be356a0a6f50e05f15a3024932ecfb9f/a70f5c9df440d10213e93244e9eb7cad.jpeg,https://www.ubereats.com/es-en/city/chipiona-es-an,CC-MAIN-2023-23
,Chipiona,OM PALACE,Uber Eats,"Plaza Del Triunfo Local 1, Rota, EMEA 11520, Rota, 11520",Rota,India,India|Ensaladas|Carne|Vegetariana,,,€,,,,False,False,,,https://www.ubereats.com/es-en/store/om-palace/fdafe75b-78f4-5b0c-8a11-a2b6cde26962,https://tb-static.uber.com/prod/image-proc/processed_images/c6cad4650d3e5ffb11a8578312cd397b/a70f5c9df440d10213e93244e9eb7cad.jpeg,https://www.ubereats.com/es-en/city/chipiona-es-an,CC-MAIN-2023-23
,Chipiona,Loops &amp; Coffee,Uber Eats,"Avenida De Europa &amp; Avenida De Valdecarretas, Rota, Andalucia 11520, Rota, 11520",Rota,Americana,Americana|Café y té|Pasteles,,,€,,,,False,False,,,https://www.ubereats.com/es-en/store/loops-&amp;-coffee/b78cba0f-9844-4750-89ed-d3ff2229726f,https://d1ralsognjng37.cloudfront.net/a7c55e9d-eb0f-4859-9f0a-b0806a3a0610.jpeg,https://www.ubereats.com/es-en/city/chipiona-es-an,CC-MAIN-2023-23
,Chipiona,ShanzaIII Indian Restaurant,Uber Eats,"Av. San Fernando 56, Rota, EMEA 11520, Rota, 11520",Rota,India,India|Pollo,,,€,,,,False,False,,,https://www.ubereats.com/es-en/store/shanzaiii-indian-restaurant/43dfa122-c647-43af-921e-9941e717ad1f,https://d1ralsognjng37.cloudfront.net/8e0809cc-50f0-4185-8d86-82f828acfa5b.jpeg,https://www.ubereats.com/es-en/city/chipiona-es-an,CC-MAIN-2023-23
,Chipiona,Oklahoma,Uber Eats,"Avenida De La Marina 81, Rota, EMEA 11520, Rota, 11520",Rota,Desayuno y brunch,Desayuno y brunch|Americana|Sándwiches,,,,,,,False,False,,,https://www.ubereats.com/es-en/store/oklahoma/ae8cc340-db75-566f-ac79-6f5b2d3b7a21,https://tb-static.uber.com/prod/image-proc/processed_images/691d1b2a1b749bf221e1c7ebf59c0797/69ad85cd7b39888042b3bbf1c22d630d.webp,https://www.ubereats.com/es-en/city/chipiona-es-an,CC-MAIN-2023-23
,Chipiona,Asador Virginia Rota,Uber Eats,"Av. De La Marina, 4, Rota, EMEA 11520, Rota, 11520",Rota,Pollo,Pollo|Española,,,,,,,False,False,,,https://www.ubereats.com/es-en/store/asador-virginia-rota/26790c97-16a3-50e3-9417-5c9f838f86d9,https://tb-static.uber.com/prod/image-proc/processed_images/9890c10499102cd11f23ca7336901b87/a70f5c9df440d10213e93244e9eb7cad.jpeg,https://www.ubereats.com/es-en/city/chipiona-es-an,CC-MAIN-2023-23
,Chipiona,Bunuolin,Uber Eats,"C. De La Sevilla 33, Rota, EMEA 11520, Rota, 11520",Rota,Asiática,Asiática|Poke|Ensaladas,,,€,,,,False,False,,,https://www.ubereats.com/es-en/store/bunuolin/584fbb83-0daf-5064-9c03-24148a0123c0,https://tb-static.uber.com/prod/image-proc/processed_images/2944600a6573bde39f9ec9a24437d674/a70f5c9df440d10213e93244e9eb7cad.jpeg,https://www.ubereats.com/es-en/city/chipiona-es-an,CC-MAIN-2023-23
,Chipiona,Foodie's Diner,Uber Eats,"Avenida San Fernando 62, Rota, EMEA 11520, Rota, 11520",Rota,Hamburguesas,Hamburguesas|Americana|Sándwiches,,,€,,,,False,False,,,https://www.ubereats.com/es-en/store/foodies-diner/0d4db909-bcd3-5d1a-938c-1dd97aec1aa4,https://tb-static.uber.com/prod/image-proc/processed_images/3d4a8da58c8a183e518228bdf5d5fd05/a70f5c9df440d10213e93244e9eb7cad.jpeg,https://www.ubereats.com/es-en/city/chipiona-es-an,CC-MAIN-2023-23
,Chipiona,Cream's Sports Bar,Uber Eats,"Calle Inmaculada Concepción, 23, Rota, EMEA 11520, Rota, 11520",Rota,Alitas de pollo,Alitas de pollo|Americana|Comida rápida|Alcohol|Opciones para alergias,,,€,,,,False,False,,,https://www.ubereats.com/es-en/store/creams-sports-bar/a5643e48-5186-4c3e-a1cb-72e23e39b543,https://d1ralsognjng37.cloudfront.net/87ec2946-4743-4d20-b779-7ddce0d6d33a.jpeg,https://www.ubereats.com/es-en/city/chipiona-es-an,CC-MAIN-2023-23
,Chipiona,Taberna No Ni Ná,Uber Eats,"Avenida De María Auxiliadora 19, Rota, EMEA 11520, Rota, 11520",Rota,Española,Española|Carne|Tapas,,,€,,,,False,False,,,https://www.ubereats.com/es-en/store/taberna-no-ni-na/a93ed2f5-ad93-551d-884f-1730f32a6747,https://tb-static.uber.com/prod/image-proc/processed_images/de32ec80a5a0a23f393c079a4e6ac955/a70f5c9df440d10213e93244e9eb7cad.jpeg,https://www.ubereats.com/es-en/city/chipiona-es-an,CC-MAIN-2023-23
,Chipiona,Little John Burgers &amp; Things,Uber Eats,"Plaza La Cantera 13, Rota, EMEA 11520, Rota, 11520",Rota,Americana,Americana|Hamburguesas|Sándwich,,,€,,,,False,False,,,https://www.ubereats.com/es-en/store/little-john-burgers-&amp;-things/fb3227b1-d779-41bb-bc4d-1ab694f12407,https://d1ralsognjng37.cloudfront.net/31076a1f-7af3-4846-ae17-b7b8fdb2af6f.jpeg,https://www.ubereats.com/es-en/city/chipiona-es-an,CC-MAIN-2023-23
,Chipiona,100 Montaditos - Rota,Uber Eats,"Plaza De Jesús Nazareno, 11520, 11520",,Española,Española|Especialidades|Mediterránea,,,€,,,,False,False,,,https://www.ubereats.com/es-en/store/100-montaditos-rota/4117e914-f170-4b44-99ab-364a4452c317,https://d1ralsognjng37.cloudfront.net/b6ee0788-a985-478a-84ec-0f8471d2dfb6.jpeg,https://www.ubereats.com/es-en/city/chipiona-es-an,CC-MAIN-2023-23
,Chipiona,El Alambique,Uber Eats,"Calle Higuereta, 60, Rota, EMEA 11520, Rota, 11520",Rota,Mediterránea,Mediterránea|Pizza,,,€,,,,False,False,,,https://www.ubereats.com/es-en/store/el-alambique/82ac3824-e3ca-4b0b-a4d8-2d271c7d755d,https://d1ralsognjng37.cloudfront.net/d5d1eeb9-3892-4146-bd32-c5d3968bd803.jpeg,https://www.ubereats.com/es-en/city/chipiona-es-an,CC-MAIN-2023-23
,Chipiona,La Favorita American Burguer,Uber Eats,"Calle De Higuereta 57, Rota, AN 11520, Rota, 11520",Rota,Americana,Americana|Hamburguesas,,,€,,,,False,False,,,https://www.ubereats.com/es-en/store/la-favorita-american-burguer/ac42861b-d371-4b17-a05f-97777d2d97c5,https://tb-static.uber.com/prod/image-proc/processed_images/98d4e453fd1aa3bead3012d660a00e01/a70f5c9df440d10213e93244e9eb7cad.jpeg,https://www.ubereats.com/es-en/city/chipiona-es-an,CC-MAIN-2023-23
,Chipiona,Brixton,Uber Eats,"C. Higuereta, 57,, Rota, EMEA 11520, Rota, 11520",Rota,Americana,Americana|Sándwiches|Alitas de pollo|Pollo|Hamburguesas|Comida rápida|Beer,,,€€,,,,False,False,,,https://www.ubereats.com/es-en/store/brixton/6225e431-c9db-5a7f-89b5-6bd2dfb69b41,https://tb-static.uber.com/prod/image-proc/processed_images/87aa362b8d39fd24085328d8237cc7e3/a70f5c9df440d10213e93244e9eb7cad.jpeg,https://www.ubereats.com/es-en/city/chipiona-es-an,CC-MAIN-2023-23
,Chipiona,La Cuchara Comida Española,Uber Eats,"Amapola, 8,, Rota, EMEA 11520, Rota, 11520",Rota,Mediterránea,Mediterránea|Tapas|Española,,,,,,,False,False,,,https://www.ubereats.com/es-en/store/la-cuchara-comida-espanola/827af4a1-8cdc-512f-9cfc-c32381248bcd,https://tb-static.uber.com/prod/image-proc/processed_images/9e82b730671e7603e14c0a794c9fa301/a70f5c9df440d10213e93244e9eb7cad.jpeg,https://www.ubereats.com/es-en/city/chipiona-es-an,CC-MAIN-2023-23
,Chipiona,Pizzería Churrasquería Gallego,Uber Eats,"C. Higuereta, 55,, Rota, EMEA 11520, Rota, 11520",Rota,Pizza,Pizza|Pollo|Hamburguesas,,,€,,,,False,False,,,https://www.ubereats.com/es-en/store/pizzeria-churrasqueria-gallego/79b67f59-42b4-5950-aa9d-3848fd97703d,https://tb-static.uber.com/prod/image-proc/processed_images/b1390b115fa57e0627e1165186736ad3/a70f5c9df440d10213e93244e9eb7cad.jpeg,https://www.ubereats.com/es-en/city/chipiona-es-an,CC-MAIN-2023-23
,Chipiona,HELADERÍA MARGARITA LA FRESCA,Uber Eats,"Calle De Higuereta 52, Rota, EMEA 11520, Rota, 11520",Rota,Ice Cream &amp; Frozen Yogurt,Ice Cream &amp; Frozen Yogurt,,,€,,,,False,False,,,https://www.ubereats.com/es-en/store/heladeria-margarita-la-fresca/1eb4ba1c-9073-4c98-af57-57b2f334ca8b,https://tb-static.uber.com/prod/image-proc/processed_images/65df5bac6ad9153b46ecf786b4a49f21/a70f5c9df440d10213e93244e9eb7cad.jpeg,https://www.ubereats.com/es-en/city/chipiona-es-an,CC-MAIN-2023-23
,Chipiona,Pizzería La Palma,Uber Eats,"Calle Ruiz De Velarde, 11, Club Náutico Urta, Esquina, C. Sagrado Corazón De Jesús, 1d, Rota, EMEA 11520, Rota, 11520",Rota,Italiana,Italiana|Napolitana|Pizza,,,€,,,,False,False,,,https://www.ubereats.com/es-en/store/pizzeria-la-palma/d3d7d9c1-a993-5283-b6c3-954ae7f1e498,https://tb-static.uber.com/prod/image-proc/processed_images/a85a07288aa5d1f1a9f95f4ff9083dae/a70f5c9df440d10213e93244e9eb7cad.jpeg,https://www.ubereats.com/es-en/city/chipiona-es-an,CC-MAIN-2023-23
,Chipiona,Santa Catrina Rota,Uber Eats,"C. Mina, 38, Rota, EMEA 11520, Rota, 11520",Rota,Mexicana,Mexicana|Tacos,,,€,,,,False,False,,,https://www.ubereats.com/es-en/store/santa-catrina-rota/1bdac7a6-a65e-505e-b83c-7b7e3ac3bb82,https://tb-static.uber.com/prod/image-proc/processed_images/35bc9383efbb85d21a5cc17466d2a880/a70f5c9df440d10213e93244e9eb7cad.jpeg,https://www.ubereats.com/es-en/city/chipiona-es-an,CC-MAIN-2023-23
,Chipiona,The Shamrock Bar &amp; Eatery,Uber Eats,"Lugar Cantarrana Rota Km. 5,5, Av. Del Puerto, 11500, El Puerto de Santa María, 11500",El Puerto de Santa María,Asiática,Asiática|Sándwich,,,€,,,,False,False,,,https://www.ubereats.com/es-en/store/the-shamrock-bar-&amp;-eatery/39718960-d394-40f1-a91a-fbbc864fa6e0,https://d1ralsognjng37.cloudfront.net/08441e5b-9e3f-4ff7-9496-4b98f8f75d64.jpeg,https://www.ubereats.com/es-en/city/chipiona-es-an,CC-MAIN-2023-23
,Chipiona,Foster's Hollywood - El Puerto,Uber Eats,"Calle Del Vivero, 2, 11500 El Puerto De Sta María, Cádiz, España, AL 11500, El Puerto de Sta María, 11500",El Puerto de Sta María,Americana,Americana|Hamburguesas|Comida rápida,,,€,,,,False,False,,,https://www.ubereats.com/es-en/store/fosters-hollywood-el-puerto/69182e0d-92e3-487b-a7a5-78e50d6f40d4,https://d1ralsognjng37.cloudfront.net/89bc0e5b-5e5b-4ff1-a367-3d83b39df5d3.jpeg,https://www.ubereats.com/es-en/city/chipiona-es-an,CC-MAIN-2023-23
,Chipiona,Marruzella (El Puerto),Uber Eats,"Calle De Las Magnolias 37, Local 11, El Puerto De Santa María, AN 11500, El Puerto de Santa María, 11500",El Puerto de Santa María,Italiana,Italiana|Pizza,,,,,,,False,False,,,https://www.ubereats.com/es-en/store/marruzella-el-puerto/c1a07175-7778-5f12-907e-305631b6e411,https://tb-static.uber.com/prod/image-proc/processed_images/0af917f26f75f7d5da4a977d3426b313/69ad85cd7b39888042b3bbf1c22d630d.webp,https://www.ubereats.com/es-en/city/chipiona-es-an,CC-MAIN-2023-23
,Chipiona,Mozzarella &amp;basilico,Uber Eats,"Av. Del Cisne, 6a, 11500 El Puerto De Sta María, Cádiz, España, AL 11500, El Puerto de Sta María, 11500",El Puerto de Sta María,Italiana,Italiana|Pasta,,,€,,,,False,False,,,https://www.ubereats.com/es-en/store/mozzarella-&amp;basilico/a4487035-8692-45f1-8132-33318df26316,https://tb-static.uber.com/prod/image-proc/processed_images/5d981a908aefa5c256cfaba2159a31b9/a70f5c9df440d10213e93244e9eb7cad.jpeg,https://www.ubereats.com/es-en/city/chipiona-es-an,CC-MAIN-2023-23
,Chipiona,Pizzería Da Dos,Uber Eats,"Avenida Del Cisne, 24, El Puerto De Sta María, 11500, El Puerto de Sta María, 11500",El Puerto de Sta María,Italiana,Italiana|Pizza,,,€,,,,False,False,,,https://www.ubereats.com/es-en/store/pizzeria-da-dos/e948a2a2-c8e7-4e33-8ab3-5402a6e3e441,https://tb-static.uber.com/prod/image-proc/processed_images/7a3a511cb0c2795200a3062e3a18da34/a70f5c9df440d10213e93244e9eb7cad.jpeg,https://www.ubereats.com/es-en/city/chipiona-es-an,CC-MAIN-2023-23
,Chipiona,24H Diner,Uber Eats,"Av. De Fuentebravía, 1, 11500, El Puerto de Santa María, 11500",El Puerto de Santa María,Americana,Americana|Hamburguesas|Comida rápida,,,€,,,,False,False,,,https://www.ubereats.com/es-en/store/24h-diner/12bc7ea9-edec-4b8e-b65d-a7cd11489676,https://d1ralsognjng37.cloudfront.net/085fc8e8-f363-448d-824f-4dffbd46afc6.jpeg,https://www.ubereats.com/es-en/city/chipiona-es-an,CC-MAIN-2023-23
,Chipiona,Sedona Puerto,Uber Eats,"Edificio Aguamarina , El Puerto De Santa María, AN 11500, El Puerto de Santa María, 11500",El Puerto de Santa María,Americana,Americana|Hamburguesas|Sándwiches,,,€,,,,False,False,,,https://www.ubereats.com/es-en/store/sedona-puerto/be49be56-64e1-5236-b481-bf778ae62e07,https://tb-static.uber.com/prod/image-proc/processed_images/404f15254ecfcabb370d232703fa69d6/a70f5c9df440d10213e93244e9eb7cad.jpeg,https://www.ubereats.com/es-en/city/chipiona-es-an,CC-MAIN-2023-23
,Chipiona,Dulce Pasión,Uber Eats,"Calle Antillas, 2, El Puerto De Santa María, Andalucía 11500, El Puerto de Santa María, 11500",El Puerto de Santa María,Americana,Americana|Pasteles,,,€,,,,False,False,,,https://www.ubereats.com/es-en/store/dulce-pasion/09bf0ad8-b2c9-4677-bcd7-920d200fe6ad,https://d1ralsognjng37.cloudfront.net/42936daa-7f55-46a0-acf5-564432157dda.jpeg,https://www.ubereats.com/es-en/city/chipiona-es-an,CC-MAIN-2023-23
,Chipiona,Kyoto Sushi Bar,Uber Eats,"Ctra. De Sanlucar, 4, , El Puerto De Santa María, AN 11500, El Puerto de Santa María, 11500",El Puerto de Santa María,Asiática,Asiática|Sushi,,,€,,,,False,False,,,https://www.ubereats.com/es-en/store/kyoto-sushi-bar/7ac33ed5-6396-45b8-8672-2e6f2bbe2346,https://tb-static.uber.com/prod/image-proc/processed_images/b9f9f6dc1863553ce24cb4937e08ead5/a70f5c9df440d10213e93244e9eb7cad.jpeg,https://www.ubereats.com/es-en/city/chipiona-es-an,CC-MAIN-2023-23
,Chipiona,Yannat Kebab,Uber Eats,"Calle San Juan Bosco, 5, 11500, El Puerto de Santa María, 11500",El Puerto de Santa María,Turca,Turca|Pizza|Ensaladas,,,€,,,,False,False,,,https://www.ubereats.com/es-en/store/yannat-kebab/d81ffec3-1c4c-44bb-98c9-d3f9c51d4a95,https://d1ralsognjng37.cloudfront.net/03cf9404-03b4-44c7-99a4-0fdcc8cdb72e.jpeg,https://www.ubereats.com/es-en/city/chipiona-es-an,CC-MAIN-2023-23
,Chipiona,ROD's,Uber Eats,"Calle P Manuel Prieto 8, El Puerto De Santa María, EMEA 11500, El Puerto de Santa María, 11500",El Puerto de Santa María,Americana,Americana|Hamburguesas|Pollo,,,€,,,,False,False,,,https://www.ubereats.com/es-en/store/rods/c4166c24-8eff-5805-8ef6-ecababb1bb9c,https://tb-static.uber.com/prod/image-proc/processed_images/ec0fcbfe1002a4ed94bb60150c8dc9ca/a70f5c9df440d10213e93244e9eb7cad.jpeg,https://www.ubereats.com/es-en/city/chipiona-es-an,CC-MAIN-2023-23
,Chipiona,Bocatas Yoli,Uber Eats,"Calle Fernando Villalon N 4, El Puerto De Santa Maria, EMEA 11500, El puerto de santa maria, 11500",El puerto de santa maria,Sándwich,Sándwich|Española,,,€,,,,False,False,,,https://www.ubereats.com/es-en/store/bocatas-yoli/e47aa5dc-5dc7-563b-bdbe-450bb97d977d,https://tb-static.uber.com/prod/image-proc/processed_images/0bd72258593c18951193b9c0d2a2c4d1/a70f5c9df440d10213e93244e9eb7cad.jpeg,https://www.ubereats.com/es-en/city/chipiona-es-an,CC-MAIN-2023-23
,Chipiona,HOTGRILL,Uber Eats,"Calle Manuel Álvaro Bonet, 4, El Puerto De Sta María, AL 11500, El Puerto de Sta María, 11500",El Puerto de Sta María,Comida rápida,Comida rápida|Sándwich|Tex Mex|Opciones para alergias,,,€,,,,False,False,,,https://www.ubereats.com/es-en/store/hotgrill/fdda5460-00fd-435d-ba05-44b1b449a1ae,https://d1ralsognjng37.cloudfront.net/57c80123-174f-4c49-a505-e5e0d1826c60.jpeg,https://www.ubereats.com/es-en/city/chipiona-es-an,CC-MAIN-2023-23
,Chipiona,Freidor Asador La Abuela Maria,Uber Eats,"Calle Crucero Baleares, 30, 11500, El Puerto de Santa María, 11500",El Puerto de Santa María,Americana,Americana|Hamburguesas,,,€,,,,False,False,,,https://www.ubereats.com/es-en/store/freidor-asador-la-abuela-maria/73e76f1d-e9eb-4a74-ba5d-c3fb0d7c1244,https://d1ralsognjng37.cloudfront.net/935c8d74-d1ac-46e0-a5d3-c61f659cf2f2.jpeg,https://www.ubereats.com/es-en/city/chipiona-es-an,CC-MAIN-2023-23
,Chipiona,Bienmesabe,Uber Eats,"Calle Del Arpa, El Puerto De Sta María, AL 11500, El Puerto de Sta María, 11500",El Puerto de Sta María,Americana,Americana|Hamburguesas,,,€,,,,False,False,,,https://www.ubereats.com/es-en/store/bienmesabe/61316bef-4541-451b-966d-a61a9c85502c,https://d1ralsognjng37.cloudfront.net/8750678c-159b-4c22-b99c-894cdf6d36ff.jpeg,https://www.ubereats.com/es-en/city/chipiona-es-an,CC-MAIN-2023-23
,Chipiona,"La Nube, Voy Volando a domicilio",Uber Eats,"Av. De Las Américas, 1, El Puerto De Sta María, AL 11500, El Puerto de Sta María, 11500",El Puerto de Sta María,Mediterránea,Mediterránea|Pizza|Ensaladas,,,€,,,,False,False,,,https://www.ubereats.com/es-en/store/la-nube-voy-volando-a-domicilio/5e021f11-e5d8-49d2-acfe-9166a4e3a253,https://tb-static.uber.com/prod/image-proc/processed_images/40e2c202d808fe2ff6bc22d90f756a54/a70f5c9df440d10213e93244e9eb7cad.jpeg,https://www.ubereats.com/es-en/city/chipiona-es-an,CC-MAIN-2023-23
,Chipiona,Dhoma Sushi,Uber Eats,"Calle Misericordia 9a Local Izquierda, El Puerto De Santa María, Andalucía 11500, El Puerto de Santa María, 11500",El Puerto de Santa María,Japonesa,Japonesa|Sushi,,,€,,,,False,False,,,https://www.ubereats.com/es-en/store/dhoma-sushi/bc65e019-7126-482b-be38-ff1bbf1c8273,https://d1ralsognjng37.cloudfront.net/0cd91031-dfce-4752-8369-9196b24a151d.jpeg,https://www.ubereats.com/es-en/city/chipiona-es-an,CC-MAIN-2023-23
,Chipiona,Telepizza - El Puerto De Santa Maria,Uber Eats,"Av Micaela Aramburu De Mora 5, El Puerto De Santamaria, Spain, Spain 11500, El Puerto de Santamaria, Spain, 11500","El Puerto de Santamaria, Spain",Americana,Americana|Pizza|Alitas de pollo|Comida rápida,,,€,,,,False,False,,,https://www.ubereats.com/es-en/store/telepizza-el-puerto-de-santa-maria/59f52c15-4fb0-5be3-80b8-3899be2e2f4e,https://tb-static.uber.com/prod/image-proc/processed_images/56788f20be4fdf9e341e6be1e5ced74d/a70f5c9df440d10213e93244e9eb7cad.jpeg,https://www.ubereats.com/es-en/city/chipiona-es-an,CC-MAIN-2023-23
,Chipiona,Bollywood Indian II,Uber Eats,"Calle Los Sauces Tres 1, Local 11, El Puerto De Santa María, AN 11500, El Puerto de Santa María, 11500",El Puerto de Santa María,Indonesia,Indonesia|Anglo-Indian|Curry indio,,,,,,,False,False,,,https://www.ubereats.com/es-en/store/bollywood-indian-ii/30609b72-b049-5421-bbef-646c42feb664,https://tb-static.uber.com/prod/image-proc/processed_images/b1860cc1bb1cf9f87e9cf590986f3272/a70f5c9df440d10213e93244e9eb7cad.jpeg,https://www.ubereats.com/es-en/city/chipiona-es-an,CC-MAIN-2023-23
,Chipiona,Carl's Jr - Jerez,Uber Eats,"Ronda Aurora Boreal, S/N, Jeréz, Cádiz, Spain 11408, Jeréz, Cádiz, 11408","Jeréz, Cádiz",Americana,Americana|Hamburguesas|Comida rápida,,,€,,,,False,False,,,https://www.ubereats.com/es-en/store/carls-jr-jerez/ca042b8d-8497-52f2-8cc6-11af0b231de6,https://tb-static.uber.com/prod/image-proc/processed_images/1620801caa0daeff6264f926b5a638f5/820883a48567670acbd720bc76391291.jpeg,https://www.ubereats.com/es-en/city/chipiona-es-an,CC-MAIN-2023-23
,Chipiona,Más que la cresta,Uber Eats,"Calle Novena 1, Bajo, Cadiz, AN 11001, Cadiz, 11001",Cadiz,Americana,Americana|Hamburguesas|Vegetariana,,,€,,,,False,False,,,https://www.ubereats.com/es-en/store/mas-que-la-cresta/86c3da1b-c547-4e37-97e4-92d396e5f00d,https://tb-static.uber.com/prod/image-proc/processed_images/d53d30230b3c25c93750fb21a50d1ffc/820883a48567670acbd720bc76391291.jpeg,https://www.ubereats.com/es-en/city/chipiona-es-an,CC-MAIN-2023-23
,Chipiona,Barista Coffee Poke,Uber Eats,"Calle Océano Pacífico 13, El Puerto De Santa María, EMEA 11500, El Puerto de Santa María, 11500",El Puerto de Santa María,Ensaladas,Ensaladas|Marisco|Bebidas|Boles,,,€,,,,False,False,,,https://www.ubereats.com/es-en/store/barista-coffee-poke/545aa51c-e921-53e4-a101-d22b91d6d476,https://tb-static.uber.com/prod/image-proc/processed_images/7a6adbba8e7a3f3e49a20e0446f40110/a70f5c9df440d10213e93244e9eb7cad.jpeg,https://www.ubereats.com/es-en/city/chipiona-es-an,CC-MAIN-2023-23
,Chipiona,DIA - Av Alcalde Eduardo Ruiz Golluri S/N,Uber Eats,"Av Alcalde Eduardo Ruiz Golluri S/N, Puerto De Santa María, El, Spain 11500, Puerto de Santa María, El, 11500","Puerto de Santa María, El",Tienda de comestibles,Tienda de comestibles|Supermarket,,,€,,,,False,False,,,https://www.ubereats.com/es-en/store/dia-av-alcalde-eduardo-ruiz-golluri-s-n/e86f90c3-85fb-51ae-b002-6b8402deef5e,https://tb-static.uber.com/prod/image-proc/processed_images/6bb4092665988658ac5efc497b62aeff/820883a48567670acbd720bc76391291.jpeg,https://www.ubereats.com/es-en/city/chipiona-es-an,CC-MAIN-2023-23
,Chipiona,Mundo Kebab,Uber Eats,"Av. Del Puerto, 1, 11006, Cadiz, 11006",Cadiz,Turca,Turca|Pizza|Sándwich,,,€,,,,False,False,,,https://www.ubereats.com/es-en/store/mundo-kebab/1c5b0d04-7f59-40a6-b808-babf505d6afb,https://d1ralsognjng37.cloudfront.net/e7c6f21a-e044-434d-8564-745ea099a1e7.jpeg,https://www.ubereats.com/es-en/city/chipiona-es-an,CC-MAIN-2023-23
,Chipiona,Bocateria Pizzeria adri,Uber Eats,"Plaza Del Cante Jondo N4, Jerez De La Frontera, EMEA 11404, Jerez de la Frontera, 11404",Jerez de la Frontera,Italiana,Italiana|Pasta|Tacos,,,,,,,False,False,,,https://www.ubereats.com/es-en/store/bocateria-pizzeria-adri/f1084bae-c290-5951-92d1-13d201369a36,https://tb-static.uber.com/prod/image-proc/processed_images/c36e3046267b7d766941b4850c01f144/69ad85cd7b39888042b3bbf1c22d630d.webp,https://www.ubereats.com/es-en/city/chipiona-es-an,CC-MAIN-2023-23
,Chipiona,Taquería Villano,Uber Eats,"Calle Magnolias, 37, El Puerto De Santa María, 11500, El Puerto de Santa María, 11500",El Puerto de Santa María,Burritos,Burritos|De Latinoamérica,,,€,,,,False,False,,,https://www.ubereats.com/es-en/store/taqueria-villano/878c5baa-367d-48b5-bb11-c66654b3c824,https://d1ralsognjng37.cloudfront.net/420a4aa9-dd0b-48ca-a18a-31ba801ea632.jpeg,https://www.ubereats.com/es-en/city/chipiona-es-an,CC-MAIN-2023-23
,Chipiona,El Mejicano Chiguagua,Uber Eats,"Calle Sedería, 1, Jerez De La Frontera, EMEA 11403, Jerez de la Frontera, 11403",Jerez de la Frontera,Burritos,Burritos|Mexicana|Tacos,,,€,,,,False,False,,,https://www.ubereats.com/es-en/store/el-mejicano-chiguagua/949a1163-a0df-4cee-97f9-a69c055ba02c,https://d1ralsognjng37.cloudfront.net/ee2d1626-3736-43ae-b991-11f320296536.jpeg,https://www.ubereats.com/es-en/city/chipiona-es-an,CC-MAIN-2023-23
,Chipiona,Domino's - Jerez,Uber Eats,"Sevilla, 42 Edf. Seritium, Cadiz, Spain, Spain 11402, Cadiz, Spain, 11402","Cadiz, Spain",Americana,Americana|Comida rápida|Pizza,,,€,,,,False,False,,,https://www.ubereats.com/es-en/store/dominos-jerez/149e3371-160c-4b07-bc1f-e0dbc00fb5dd,https://d1ralsognjng37.cloudfront.net/96abd466-4069-4567-a3e7-f95fc6e67084.jpeg,https://www.ubereats.com/es-en/city/chipiona-es-an,CC-MAIN-2023-23
,Chipiona,Yayo’s Pizza,Uber Eats,"Calle Doctor Santiago Ramón Y Cajal Edif. Calipso Local 7, Jerez De La Frontera, EMEA 11408, Jerez de la Frontera, 11408",Jerez de la Frontera,Americana,Americana|Pizza|Ensaladas,,,€,,,,False,False,,,https://www.ubereats.com/es-en/store/yayos-pizza/6c322001-0f6d-463c-a567-58c1623f8ddf,https://tb-static.uber.com/prod/image-proc/processed_images/a11bdb2a1e48236d0158b5cdb808c15c/a70f5c9df440d10213e93244e9eb7cad.jpeg,https://www.ubereats.com/es-en/city/chipiona-es-an,CC-MAIN-2023-23
,Chipiona,Flanagan,Uber Eats,"Av Cruz Roja, 10, Jerez De La Frontera, Andalucía 11407, Jerez de la Frontera, 11407",Jerez de la Frontera,Americana,Americana|Ensaladas|Alitas de pollo,,,€€,,,,False,False,,,https://www.ubereats.com/es-en/store/flanagan/054bc291-887e-42bb-92dc-85c45b55f62a,https://tb-static.uber.com/prod/image-proc/processed_images/0c06d73f1f4d3a6b13758e2b73a0b468/f7e27f77a1abfdaa9fab9b4ae7dab7cb.jpeg,https://www.ubereats.com/es-en/city/chipiona-es-an,CC-MAIN-2023-23
,Chipiona,Goiko - Jerez,Uber Eats,"Doña Blanca 3., Jerez De La Frontera,, EMEA 11402, Jerez de la Frontera,, 11402","Jerez de la Frontera,",Americana,Americana|Hamburguesas,,,,,,,False,False,,,https://www.ubereats.com/es-en/store/goiko-jerez/95d82f32-c8cf-5d18-906a-0204dc24e609,https://tb-static.uber.com/prod/image-proc/processed_images/7ef708f4ffeb14fc92e993a9edf6fa28/a70f5c9df440d10213e93244e9eb7cad.jpeg,https://www.ubereats.com/es-en/city/chipiona-es-an,CC-MAIN-2023-23
,Chipiona,A Fuego Lento,Uber Eats,"Avenida De La Libertad 15a, El Puerto De Santa María, Andalucía 11500, El Puerto de Santa María, 11500",El Puerto de Santa María,Mediterránea,Mediterránea|Tapas,,,€,,,,False,False,,,https://www.ubereats.com/es-en/store/a-fuego-lento/8239bc66-bc49-5d75-bc02-9ebd2667d546,https://tb-static.uber.com/prod/image-proc/processed_images/334dd63accc2164dfa3e837ce6ac4268/f7e27f77a1abfdaa9fab9b4ae7dab7cb.webp,https://www.ubereats.com/es-en/city/chipiona-es-an,CC-MAIN-2023-23
,Chipiona,Toito To,Uber Eats,"Plaza De La Labranza,16, El Puerto De Santa Maria, EMEA 11500, El Puerto de Santa Maria, 11500",El Puerto de Santa Maria,Comida rápida,Comida rápida|Española|Tapas,,,€,,,,False,False,,,https://www.ubereats.com/es-en/store/toito-to/e697605a-ec6a-5cb3-8e2d-8985cf689111,https://tb-static.uber.com/prod/image-proc/processed_images/e60bff7da67ef87dcf5260f9833b2093/a70f5c9df440d10213e93244e9eb7cad.jpeg,https://www.ubereats.com/es-en/city/chipiona-es-an,CC-MAIN-2023-23
,Chipiona,Slice Of New York Pizza Vistahermosa,Uber Eats,"Avenida Eduardo, Local 1, 11500 El Puerto De Sta María, Cádiz, El Puerto De Santa María, EMEA 11500, El Puerto de Santa María, 11500",El Puerto de Santa María,Italiana,Italiana|Pasta|Comida reconfortante|Pizza|Americana,,,€,,,,False,False,,,https://www.ubereats.com/es-en/store/slice-of-new-york-pizza-vistahermosa/cdcd08d6-2497-528c-9bac-f2ff7f1534cb,https://tb-static.uber.com/prod/image-proc/processed_images/ef21f6229a41848ebaee6d70ae760519/a70f5c9df440d10213e93244e9eb7cad.jpeg,https://www.ubereats.com/es-en/city/chipiona-es-an,CC-MAIN-2023-23
,Chipiona,American Movie Dinner,Uber Eats,"Plaza De Aníbal González &amp; Plaza Madre De Dios, Bajo, Jerez De La Frontera, AN 11401, Jerez de la Frontera, 11401",Jerez de la Frontera,Hamburguesas,Hamburguesas|Mexicana|Pizza,,,€,,,,False,False,,,https://www.ubereats.com/es-en/store/american-movie-dinner/ebef303c-6477-42e3-b52d-688eaae4f299,https://tb-static.uber.com/prod/image-proc/processed_images/99e96b0153e273d01414ba07af615ad3/820883a48567670acbd720bc76391291.jpeg,https://www.ubereats.com/es-en/city/chipiona-es-an,CC-MAIN-2023-23
,Chipiona,Menos Smash,Uber Eats,"C/García Carrera 31, Cádiz, AN 11009, Cádiz, 11009",Cádiz,Americana,Americana|Hamburguesas,,,€,,,,False,False,,,https://www.ubereats.com/es-en/store/menos-smash/7e08d56b-2686-4e2a-86c7-45bca13207d5,https://tb-static.uber.com/prod/image-proc/processed_images/696fc21e21af3bc46240da0f169c7b47/69ad85cd7b39888042b3bbf1c22d630d.jpeg,https://www.ubereats.com/es-en/city/chipiona-es-an,CC-MAIN-2023-23
,Chipiona,Asador Vista Hermosa,Uber Eats,"Calle De Enmedio Esquina Calle Paralela, El Puerto De Santa María, EMEA 11500, El Puerto de Santa María, 11500",El Puerto de Santa María,Ensaladas,Ensaladas|Española,,,€,,,,False,False,,,https://www.ubereats.com/es-en/store/asador-vista-hermosa/48518fe9-bd43-4fc5-8e02-e447f447b284,https://d1ralsognjng37.cloudfront.net/c982a50f-ae8c-4f9e-b7a3-53d4e5df3adf.webp,https://www.ubereats.com/es-en/city/chipiona-es-an,CC-MAIN-2023-23
,Chipiona,Onoto,Uber Eats,"Avenida Juan Melgarejo, 11, El Puerto De Santa María, AN 11500, El Puerto de Santa María, 11500",El Puerto de Santa María,Americana,Americana|Hamburguesas,,,€,,,,False,False,,,https://www.ubereats.com/es-en/store/onoto/d6b3b01a-06dd-4cce-bf00-d693ac898723,https://d1ralsognjng37.cloudfront.net/02d4aab7-7e2d-4f9f-9af1-7bdc514c48f5.jpeg,https://www.ubereats.com/es-en/city/chipiona-es-an,CC-MAIN-2023-23
,Chipiona,Taj Mahal V,Uber Eats,"Calle Girasol 7. C.C. Las Magnolias - Vistahermosa, El Puerto De Santa María, EMEA 11500, El Puerto de Santa María, 11500",El Puerto de Santa María,Asiática,Asiática|Fideos|Vegetariana,,,€,,,,False,False,,,https://www.ubereats.com/es-en/store/taj-mahal-v/6ff32910-fe07-4bbd-9fb8-eb784df9de7b,https://tb-static.uber.com/prod/image-proc/processed_images/962c3c61430a57fcc0cf6502ab067af6/820883a48567670acbd720bc76391291.jpeg,https://www.ubereats.com/es-en/city/chipiona-es-an,CC-MAIN-2023-23
,Chipiona,"CBC Come, Bebe y Calla",Uber Eats,"Calle Fernández Ballesteros 2, Cádiz, EMEA 11009, Cádiz, 11009",Cádiz,Americana,Americana|Hamburguesas,,,,,,,False,False,,,https://www.ubereats.com/es-en/store/cbc-come-bebe-y-calla/e096caa4-2658-5dea-ab62-eefab66f542d,https://tb-static.uber.com/prod/image-proc/processed_images/7d68e48fd2b9bc18d19fa70b5144173a/69ad85cd7b39888042b3bbf1c22d630d.webp,https://www.ubereats.com/es-en/city/chipiona-es-an,CC-MAIN-2023-23
,Chipiona,Sayonara Sushi,Uber Eats,"Calle Brasil, 1, Cádiz, 11009, Cádiz, 11009",Cádiz,Japonesa,Japonesa|Sushi,,,€,,,,False,False,,,https://www.ubereats.com/es-en/store/sayonara-sushi/fb31e2bb-d7f1-4e4a-b4a6-5854c89480c6,https://d1ralsognjng37.cloudfront.net/85121294-b8ae-4559-9f7e-63cea2b39b0d.jpeg,https://www.ubereats.com/es-en/city/chipiona-es-an,CC-MAIN-2023-23
,Chipiona,Sibuya Urban Sushi Bar - Cadiz,Uber Eats,"Glorieta Ana Orantes 5, Cádiz, EMEA 11010, Cádiz, 11010",Cádiz,Japonesa,Japonesa|Ramen,,,,,,,False,False,,,https://www.ubereats.com/es-en/store/sibuya-urban-sushi-bar-cadiz/1e4ef53f-aea4-5249-b860-4f34013b2405,https://tb-static.uber.com/prod/image-proc/processed_images/e1befa4cb3dfd5bcd90541bcd8b067f4/a70f5c9df440d10213e93244e9eb7cad.jpeg,https://www.ubereats.com/es-en/city/chipiona-es-an,CC-MAIN-2023-23
,Chipiona,Okado Sushi Bar,Uber Eats,"Calle Hermano Valeriano Leon, Ed. Capri, Local 5, Jerez De La Frontera, AN 11407, Jerez de la Frontera, 11407",Jerez de la Frontera,Asiática,Asiática|Sushi|Opciones para alergias,,,€,,,,False,False,,,https://www.ubereats.com/es-en/store/okado-sushi-bar/f2dd76b9-5663-5d29-87f0-ee5260eca909,https://tb-static.uber.com/prod/image-proc/processed_images/2a57c9d10f974075cf2828ed6dfaa090/f7e27f77a1abfdaa9fab9b4ae7dab7cb.webp,https://www.ubereats.com/es-en/city/chipiona-es-an,CC-MAIN-2023-23
,Chipiona,Kebab House - Puerto,Uber Eats,"Pozos Dulces 20, El Puerto De Santa María, EMEA 11500, El Puerto de Santa María, 11500",El Puerto de Santa María,Kebab,Kebab|Turca|Ensaladas|Pollo,,,€,,,,False,False,,,https://www.ubereats.com/es-en/store/kebab-house-puerto/5837451d-fdc4-5213-aa9e-39afaedef2ad,https://tb-static.uber.com/prod/image-proc/processed_images/d6b49894ed068f93943a6f8685efb712/a70f5c9df440d10213e93244e9eb7cad.jpeg,https://www.ubereats.com/es-en/city/chipiona-es-an,CC-MAIN-2023-23
,Chipiona,Great Day Coffee,Uber Eats,"Calle Cigueña, 1, El Puerto De Santa María, 11500, El Puerto de Santa María, 11500",El Puerto de Santa María,Café,Café,,,€,,,,False,False,,,https://www.ubereats.com/es-en/store/great-day-coffee/437e1068-d78c-49e3-9391-dcdf65a4cd3e,https://d1ralsognjng37.cloudfront.net/9e430388-8956-46b5-8247-265e33f911e3.jpeg,https://www.ubereats.com/es-en/city/chipiona-es-an,CC-MAIN-2023-23
,Chipiona,La Cremería Gelato Italiano,Uber Eats,"Av. José León De Carranza, 6, 11011, Cadiz, 11011",Cadiz,Helados y yogurt helado,Helados y yogurt helado,,,€,,,,False,False,,,https://www.ubereats.com/es-en/store/la-cremeria-gelato-italiano/5730169c-9966-4b59-bddd-c944dd79df26,https://tb-static.uber.com/prod/image-proc/processed_images/8d5a9d92cbaf4d1ee3fffe60f0d99216/f7e27f77a1abfdaa9fab9b4ae7dab7cb.jpeg,https://www.ubereats.com/es-en/city/chipiona-es-an,CC-MAIN-2023-23
,Chipiona,Salsachips,Uber Eats,"Calle Amberes, Jerez De La Frontera, Andalucía 11405, Jerez de la Frontera, 11405",Jerez de la Frontera,Americana,Americana|Hamburguesas,,,€,,,,False,False,,,https://www.ubereats.com/es-en/store/salsachips/ae330faf-1b30-416a-967f-0899035f647e,https://d1ralsognjng37.cloudfront.net/0b2e97d6-1096-41fd-9edf-4a761a7c4727.jpeg,https://www.ubereats.com/es-en/city/chipiona-es-an,CC-MAIN-2023-23
,Chipiona,Cantina Zapata,Uber Eats,"Avda. Blas Infante, 8 , Puerto De Santa María, Andalucía 11500, Puerto de Santa María, 11500",Puerto de Santa María,Mexicana,Mexicana|Tacos,,,€,,,,False,False,,,https://www.ubereats.com/es-en/store/cantina-zapata/54d46e0b-6df0-466e-9670-9b94f3d8e812,https://tb-static.uber.com/prod/image-proc/processed_images/3609bb18c88b7e714d63ff32116fc7e6/a70f5c9df440d10213e93244e9eb7cad.jpeg,https://www.ubereats.com/es-en/city/chipiona-es-an,CC-MAIN-2023-23
,Chipiona,Asador Los Cedros,Uber Eats,"Av. Olivar De Rivero, 2, Jerez De La Frontera, Andalucía 11406, Jerez de la Frontera, 11406",Jerez de la Frontera,Mexicana,Mexicana|Sándwich,,,€,,,,False,False,,,https://www.ubereats.com/es-en/store/asador-los-cedros/d3b2038f-5bb5-456d-812d-a25eef7a9925,https://tb-static.uber.com/prod/image-proc/processed_images/2973e00986b07cb98e96be239da1dd6a/a70f5c9df440d10213e93244e9eb7cad.jpeg,https://www.ubereats.com/es-en/city/chipiona-es-an,CC-MAIN-2023-23
,Chipiona,Matteo's Pizza,Uber Eats,"Calle De José Cabral Galafate, Jerez De La Frontera, Es, 7, AN 11406, Jerez de la Frontera, 11406",Jerez de la Frontera,Italiana,Italiana|Pizza,,,€,,,,False,False,,,https://www.ubereats.com/es-en/store/matteos-pizza/5eb74f3c-b088-4a8e-9558-b225402643be,https://tb-static.uber.com/prod/image-proc/processed_images/12199264cb2282ee647346e58aa7ca24/a70f5c9df440d10213e93244e9eb7cad.jpeg,https://www.ubereats.com/es-en/city/chipiona-es-an,CC-MAIN-2023-23
,Vitoria,Amore Griego,Uber Eats,"Calle Panama, Navarro Villoslada Kalea, 18, Vitoria, 01012",Vitoria,Mediterranean,Mediterranean|Greek|Vegetarian|Healthy|Salads,,,$,,,,False,False,,,,"['https://tb-static.uber.com/prod/image-proc/processed_images/c42e0b8bc7ebf8acbcc77df2b299f9f7/289197f4b252306213575a01442f7b66.webp', 'https://tb-static.uber.com/prod/image-proc/processed_images/c42e0b8bc7ebf8acbcc77df2b299f9f7/f7e27f77a1abfdaa9fab9b4ae7dab7cb.webp', 'https://tb-static.uber.com/prod/image-proc/processed_images/c42e0b8bc7ebf8acbcc77df2b299f9f7/63fd65eea364e21ed668f3bae8d7f85f.webp', 'https://tb-static.uber.com/prod/image-proc/processed_images/c42e0b8bc7ebf8acbcc77df2b299f9f7/357bb8cd86dabbaef837e6fb8fd17922.webp', 'https://tb-static.uber.com/prod/image-proc/processed_images/c42e0b8bc7ebf8acbcc77df2b299f9f7/f493b917841caa2281121494c004e237.webp', 'https://tb-static.uber.com/prod/image-proc/processed_images/c42e0b8bc7ebf8acbcc77df2b299f9f7/9ba9ffab5f885fc3dac87838b3357014.webp']",https://www.ubereats.com/es-en/store/amore-griego/Dsz0zdSNUgm9TMyVUg2mug,CC-MAIN-2023-23
2023-06-,Vitoriagasteiz,Burger King Iruraiz Deuna,Just Eat,,,,,,,,,,,False,False,,,https://www.just-eat.es/restaurants-burger-king-iruraiz-deuna-vitoria-gasteiz/menu,https://d2egcvq7li5bpq.cloudfront.net/es/images/restaurants/29836.gif,https://www.just-eat.es/area/01193-vitoriagasteiz,CC-MAIN-2023-23
2023-06-,Vitoriagasteiz,Telepizza Vitoria 3,Just Eat,,,,,,,,,,,False,False,,,https://www.just-eat.es/restaurants-telepizzavitoria3-vitoria-gasteiz/menu,https://d2egcvq7li5bpq.cloudfront.net/es/images/restaurants/69108.gif,https://www.just-eat.es/area/01193-vitoriagasteiz,CC-MAIN-2023-23
2023-06-,Vitoriagasteiz,Restaurante Chino Hong Kong,Just Eat,,,,,,,,,,,False,False,,,https://www.just-eat.es/restaurants-restaurantechinohongkongvitoriagasteiz/menu,https://d2egcvq7li5bpq.cloudfront.net/es/images/restaurants/12351.gif,https://www.just-eat.es/area/01193-vitoriagasteiz,CC-MAIN-2023-23
2023-06-,Vitoriagasteiz,Pizza Hut Boulevard,Just Eat,,,,,,,,,,,False,False,,,https://www.just-eat.es/restaurants-pizza-hut-boulevard-vitoria-gasteiz/menu,https://d2egcvq7li5bpq.cloudfront.net/es/images/restaurants/64405.gif,https://www.just-eat.es/area/01193-vitoriagasteiz,CC-MAIN-2023-23
2023-06-,Vitoriagasteiz,Kebab Saray Artium y Pizzería,Just Eat,,,,,,,,,,,False,False,,,https://www.just-eat.es/restaurants-kebab-saray-artium-y-pizzeria-01002/menu,https://d2egcvq7li5bpq.cloudfront.net/es/images/restaurants/70260.gif,https://www.just-eat.es/area/01193-vitoriagasteiz,CC-MAIN-2023-23
2023-06-,Vitoriagasteiz,Lal Ali Arana,Just Eat,,,,,,,,,,,False,False,,,https://www.just-eat.es/restaurants-lal-ali-arana-vitoria-gasteiz/menu,https://d2egcvq7li5bpq.cloudfront.net/es/images/restaurants/76092.gif,https://www.just-eat.es/area/01193-vitoriagasteiz,CC-MAIN-2023-23
2023-06-,Vitoriagasteiz,Tandoori Restaurante Cocina India,Just Eat,,,,,,,,,,,False,False,,,https://www.just-eat.es/restaurants-tandoori-restaurante-indio-vitoria-gasteiz/menu,https://d2egcvq7li5bpq.cloudfront.net/es/images/restaurants/48436.gif,https://www.just-eat.es/area/01193-vitoriagasteiz,CC-MAIN-2023-23
2023-06-,Vitoriagasteiz,Real Shwarma,Just Eat,,,,,,,,,,,False,False,,,https://www.just-eat.es/restaurants-real-shwarma-vitoria-gasteiz/menu,https://d2egcvq7li5bpq.cloudfront.net/es/images/restaurants/52622.gif,https://www.just-eat.es/area/01193-vitoriagasteiz,CC-MAIN-2023-23
2023-06-,Vitoriagasteiz,Telepizza Salburua,Just Eat,,,,,,,,,,,False,False,,,https://www.just-eat.es/restaurants-telepizzasalburua-vitoria-gasteiz/menu,https://d2egcvq7li5bpq.cloudfront.net/es/images/restaurants/69134.gif,https://www.just-eat.es/area/01193-vitoriagasteiz,CC-MAIN-2023-23
2023-06-,Vitoriagasteiz,Pizza World 2,Just Eat,,,,,,,,,,,False,False,,,https://www.just-eat.es/restaurants-pizzaworld2gasteiz/menu,https://d2egcvq7li5bpq.cloudfront.net/es/images/restaurants/48626.gif,https://www.just-eat.es/area/01191-vitoriagasteiz,CC-MAIN-2023-23
2023-06-,Vitoriagasteiz,Burger King Vitoria Bremen,Just Eat,,,,,,,,,,,False,False,,,https://www.just-eat.es/restaurants-burger-king-vitoria-bremen-01010/menu,https://d2egcvq7li5bpq.cloudfront.net/es/images/restaurants/71919.gif,https://www.just-eat.es/area/01191-vitoriagasteiz,CC-MAIN-2023-23
2023-06-,Vitoriagasteiz,Telepizza Zabalgana,Just Eat,,,,,,,,,,,False,False,,,https://www.just-eat.es/restaurants-telepizzazabalgana-vitoria-gasteiz/menu,https://d2egcvq7li5bpq.cloudfront.net/es/images/restaurants/69110.gif,https://www.just-eat.es/area/01191-vitoriagasteiz,CC-MAIN-2023-23
2023-06-,Vitoriagasteiz,The Garden,Just Eat,,,,,,,,,,,False,False,,,https://www.just-eat.es/restaurants-the-garden-vitoria-gasteiz/menu,https://d2egcvq7li5bpq.cloudfront.net/es/images/restaurants/61028.gif,https://www.just-eat.es/area/01191-vitoriagasteiz,CC-MAIN-2023-23
2023-06-,Vitoriagasteiz,Foster's Hollywood Vitoria,Just Eat,,,,,,,,,,,False,False,,,https://www.just-eat.es/restaurants-fosters-hollywood-vitoria-01013/menu,https://d2egcvq7li5bpq.cloudfront.net/es/images/restaurants/65146.gif,https://www.just-eat.es/area/01191-vitoriagasteiz,CC-MAIN-2023-23
2023-06-,Vitoriagasteiz,Telepizza Lakua,Just Eat,,,,,,,,,,,False,False,,,https://www.just-eat.es/restaurants-telepizza-lakua-vitoria-gasteiz-01010/menu,https://d2egcvq7li5bpq.cloudfront.net/es/images/restaurants/69107.gif,https://www.just-eat.es/area/01191-vitoriagasteiz,CC-MAIN-2023-23
2023-06-,Alicante,Churrería San Blas,Just Eat,,,,,,,,,,,False,False,,,https://www.just-eat.es/restaurants-churreria-san-blas-alicantealacant/menu,https://d2egcvq7li5bpq.cloudfront.net/es/images/restaurants/46353.gif,https://www.just-eat.es/area/03004-alicante,CC-MAIN-2023-23
2023-06-,Alicante,Bombon Boss,Just Eat,,,,,,,,,,,False,False,,,https://www.just-eat.es/restaurants-bombon-boss-03690/menu,https://d2egcvq7li5bpq.cloudfront.net/es/images/restaurants/77810.gif,https://www.just-eat.es/area/03004-alicante,CC-MAIN-2023-23
2023-06-,Alicante,Sweet Corner,Just Eat,,,,,,,,,,,False,False,,,https://www.just-eat.es/restaurants-sweet-corner-alacant/menu,https://d2egcvq7li5bpq.cloudfront.net/es/images/restaurants/78383.gif,https://www.just-eat.es/area/03004-alicante,CC-MAIN-2023-23
2023-06-,Alicante,Mareando la Huerta,Just Eat,,,,,,,,,,,False,False,,,https://www.just-eat.es/restaurants-mareando-la-huerta-alicantealacant/menu,https://d2egcvq7li5bpq.cloudfront.net/es/images/restaurants/57486.gif,https://www.just-eat.es/area/03004-alicante,CC-MAIN-2023-23
2023-06-,Alicante,Papizza Alicante,Just Eat,,,,,,,,,,,False,False,,,https://www.just-eat.es/restaurants-papizza-calle-san-jose-2-03002/menu,https://d2egcvq7li5bpq.cloudfront.net/es/images/restaurants/57596.gif,https://www.just-eat.es/area/03004-alicante,CC-MAIN-2023-23
2023-06-,Alicante,Santa Milanga,Just Eat,,,,,,,,,,,False,False,,,https://www.just-eat.es/restaurants-santa-milanga-alicantealacant/menu,https://d2egcvq7li5bpq.cloudfront.net/es/images/restaurants/72822.gif,https://www.just-eat.es/area/03004-alicante,CC-MAIN-2023-23
2023-06-,Alicante,Doolze,Just Eat,,,,,,,,,,,False,False,,,https://www.just-eat.es/restaurants-doolze-alicantealacant/menu,https://d2egcvq7li5bpq.cloudfront.net/es/images/restaurants/75976.gif,https://www.just-eat.es/area/03004-alicante,CC-MAIN-2023-23
2023-06-,Alicante,Miguitas,Just Eat,,,,,,,,,,,False,False,,,https://www.just-eat.es/restaurants-miguitas-alicantealacant-03012/menu,https://d2egcvq7li5bpq.cloudfront.net/es/images/restaurants/76663.gif,https://www.just-eat.es/area/03004-alicante,CC-MAIN-2023-23
2023-06-,Alicante,D´Pura Madre,Just Eat,,,,,,,,,,,False,False,,,https://www.just-eat.es/restaurants-dpura-madre-alicantealacant/menu,https://d2egcvq7li5bpq.cloudfront.net/es/images/restaurants/65802.gif,https://www.just-eat.es/area/03004-alicante,CC-MAIN-2023-23
2023-06-,Alicante,Tienda Bitter Sugar Sapori Italiani,Just Eat,,,,,,,,,,,False,False,,,https://www.just-eat.es/restaurants-tienda-bitter-sugar-sapori-italiani-03004/menu,https://d2egcvq7li5bpq.cloudfront.net/es/images/restaurants/73887.gif,https://www.just-eat.es/area/03004-alicante,CC-MAIN-2023-23
2023-06-,Alicante,El Palacete Coffee & Brunch,Just Eat,,,,,,,,,,,False,False,,,https://www.just-eat.es/restaurants-el-palacete-coffee-and-brunch-03002/menu,https://d2egcvq7li5bpq.cloudfront.net/es/images/restaurants/73987.gif,https://www.just-eat.es/area/03004-alicante,CC-MAIN-2023-23
2023-06-,Alicante,Goiko Pablo Iglesias,Just Eat,,,,,,,,,,,False,False,,,https://www.just-eat.es/restaurants-goiko-alicante-pablo-iglesias/menu,https://d2egcvq7li5bpq.cloudfront.net/es/images/restaurants/21465.gif,https://www.just-eat.es/area/03004-alicante,CC-MAIN-2023-23
2023-06-,Alicante,Saona Alicante Alfonso,Just Eat,,,,,,,,,,,False,False,,,https://www.just-eat.es/restaurants-saona-alicante-alfonso-alicantealacant/menu,https://d2egcvq7li5bpq.cloudfront.net/es/images/restaurants/77576.gif,https://www.just-eat.es/area/03004-alicante,CC-MAIN-2023-23
2023-06-,Alicante,Miss Sushi Alicante,Just Eat,,,,,,,,,,,False,False,,,https://www.just-eat.es/restaurants-miss-sushi-alicante-alicantealacant/menu,https://d2egcvq7li5bpq.cloudfront.net/es/images/restaurants/60809.gif,https://www.just-eat.es/area/03004-alicante,CC-MAIN-2023-23
2023-06-,Alicante,KFC - Alicante Rambla,Just Eat,,,,,,,,,,,False,False,,,https://www.just-eat.es/restaurants-kfcalicante1/menu,https://d2egcvq7li5bpq.cloudfront.net/es/images/restaurants/19564.gif,https://www.just-eat.es/area/03004-alicante,CC-MAIN-2023-23
2023-06-,Alicante,Burger King Alicante,Just Eat,,,,,,,,,,,False,False,,,https://www.just-eat.es/restaurants-burger-king-alicante-alicantealacant/menu,https://d2egcvq7li5bpq.cloudfront.net/es/images/restaurants/29088.gif,https://www.just-eat.es/area/03004-alicante,CC-MAIN-2023-23
2023-06-,Alicante,Telepizza - Alicante Orihuela,Just Eat,,,,,,,,,,,False,False,,,https://www.just-eat.es/restaurants-telepizza---alicante-iii-alicantealacant-03007/menu,https://d2egcvq7li5bpq.cloudfront.net/es/images/restaurants/44573.gif,https://www.just-eat.es/area/03004-alicante,CC-MAIN-2023-23
2023-05-,Santjoand%27Alacant,Bruno Caruso Restaurante Pizzería,Just Eat,,,,,,,,,,,False,False,,,https://www.just-eat.es/restaurants-brunocarusorestaurante/menu,https://d2egcvq7li5bpq.cloudfront.net/es/images/restaurants/8972.gif,https://www.just-eat.es/area/03550-santjoand%27alacant,CC-MAIN-2023-23
2023-05-,Santjoand%27Alacant,Pizza Gigante,Just Eat,,,,,,,,,,,False,False,,,https://www.just-eat.es/restaurants-pizza-gigante-sant-joan-dalacant/menu,https://d2egcvq7li5bpq.cloudfront.net/es/images/restaurants/72853.gif,https://www.just-eat.es/area/03550-santjoand%27alacant,CC-MAIN-2023-23
2023-05-,Santjoand%27Alacant,Burger King San Juan de Alicante,Just Eat,,,,,,,,,,,False,False,,,https://www.just-eat.es/restaurants-burger-king-san-juan-de-sant-joan-dalacant/menu,https://d2egcvq7li5bpq.cloudfront.net/es/images/restaurants/29046.gif,https://www.just-eat.es/area/03550-santjoand%27alacant,CC-MAIN-2023-23
2023-05-,Santjoand%27Alacant,TGB - The Good Burger San Juan,Just Eat,,,,,,,,,,,False,False,,,https://www.just-eat.es/restaurants-tgbsanjuan/menu,https://d2egcvq7li5bpq.cloudfront.net/es/images/restaurants/26803.gif,https://www.just-eat.es/area/03550-santjoand%27alacant,CC-MAIN-2023-23
2023-05-,Santjoand%27Alacant,Big Twins San Juan,Just Eat,,,,,,,,,,,False,False,,,https://www.just-eat.es/restaurants-big-twins-san-juan-alacant/menu,https://d2egcvq7li5bpq.cloudfront.net/es/images/restaurants/50931.gif,https://www.just-eat.es/area/03550-santjoand%27alacant,CC-MAIN-2023-23
2023-05-,Santjoand%27Alacant,Telepizza - Avenida Holanda,Just Eat,,,,,,,,,,,False,False,,,https://www.just-eat.es/restaurants-telepizzaholanda/menu,https://d2egcvq7li5bpq.cloudfront.net/es/images/restaurants/27260.gif,https://www.just-eat.es/area/03550-santjoand%27alacant,CC-MAIN-2023-23
2023-05-,Santjoand%27Alacant,Domino's Pizza Cabo De Huertas,Just Eat,,,,,,,,,,,False,False,,,https://www.just-eat.es/restaurants-dominos-pizza-cabo-de-huertas-03540/menu,https://d2egcvq7li5bpq.cloudfront.net/es/images/restaurants/66050.gif,https://www.just-eat.es/area/03550-santjoand%27alacant,CC-MAIN-2023-23
2023-05-,Santjoand%27Alacant,Mahalo Poke,Just Eat,,,,,,,,,,,False,False,,,https://www.just-eat.es/restaurants-mahalopokealicante/menu,https://d2egcvq7li5bpq.cloudfront.net/es/images/restaurants/24680.gif,https://www.just-eat.es/area/03550-santjoand%27alacant,CC-MAIN-2023-23
2023-05-,Santjoand%27Alacant,McDonald's Playa de San Juan,Just Eat,,,,,,,,,,,False,False,,,https://www.just-eat.es/restaurants-mcdonalds-playa-de-san-juan-alicante-alacant/menu,https://d2egcvq7li5bpq.cloudfront.net/es/images/restaurants/36433.gif,https://www.just-eat.es/area/03550-santjoand%27alacant,CC-MAIN-2023-23
2023-05-,Santjoand%27Alacant,Sushi Point,Just Eat,,,,,,,,,,,False,False,,,https://www.just-eat.es/restaurants-sushipointalicante/menu,https://d2egcvq7li5bpq.cloudfront.net/es/images/restaurants/23296.gif,https://www.just-eat.es/area/03550-santjoand%27alacant,CC-MAIN-2023-23
2023-05-,Santjoand%27Alacant,Da Nonna Nina La Auténtica Pizza,Just Eat,,,,,,,,,,,False,False,,,https://www.just-eat.es/restaurants-danonnaninaalicante/menu,https://d2egcvq7li5bpq.cloudfront.net/es/images/restaurants/9284.gif,https://www.just-eat.es/area/03550-santjoand%27alacant,CC-MAIN-2023-23
2023-05-,Santjoand%27Alacant,Napoli Pizzería Kebab,Just Eat,,,,,,,,,,,False,False,,,https://www.just-eat.es/restaurants-napolipizzeiasanjuansanjuandealicante/menu,https://d2egcvq7li5bpq.cloudfront.net/es/images/restaurants/14142.gif,https://www.just-eat.es/area/03550-santjoand%27alacant,CC-MAIN-2023-23
2023-05-,Santjoand%27Alacant,Pizzería Americana,Just Eat,,,,,,,,,,,False,False,,,https://www.just-eat.es/restaurants-pizzeriamericanaalicante/menu,https://d2egcvq7li5bpq.cloudfront.net/es/images/restaurants/16137.gif,https://www.just-eat.es/area/03550-santjoand%27alacant,CC-MAIN-2023-23
2023-05-,Santjoand%27Alacant,Pizza Lab,Just Eat,,,,,,,,,,,False,False,,,https://www.just-eat.es/restaurants-pizza-lab-alicantealacant/menu,https://d2egcvq7li5bpq.cloudfront.net/es/images/restaurants/48238.gif,https://www.just-eat.es/area/03550-santjoand%27alacant,CC-MAIN-2023-23
2023-05-,Santjoand%27Alacant,Pandas Campello,Just Eat,,,,,,,,,,,False,False,,,https://www.just-eat.es/restaurants-pandas-campello-campello-el/menu,https://d2egcvq7li5bpq.cloudfront.net/es/images/restaurants/67112.gif,https://www.just-eat.es/area/03550-santjoand%27alacant,CC-MAIN-2023-23
2023-05-,Santjoand%27Alacant,Apache Burger Grill,Just Eat,,,,,,,,,,,False,False,,,https://www.just-eat.es/restaurants-apache-burger-grill-alicante-alacant/menu,https://d2egcvq7li5bpq.cloudfront.net/es/images/restaurants/66652.gif,https://www.just-eat.es/area/03550-santjoand%27alacant,CC-MAIN-2023-23
2023-05-,Santjoand%27Alacant,Me Gusta Sant Joan,Just Eat,,,,,,,,,,,False,False,,,https://www.just-eat.es/restaurants-megustasantjoan/menu,https://d2egcvq7li5bpq.cloudfront.net/es/images/restaurants/27140.gif,https://www.just-eat.es/area/03550-santjoand%27alacant,CC-MAIN-2023-23
2023-05-,Santjoand%27Alacant,Servipizza,Just Eat,,,,,,,,,,,False,False,,,https://www.just-eat.es/restaurants-servipizza-alacant/menu,https://d2egcvq7li5bpq.cloudfront.net/es/images/restaurants/76757.gif,https://www.just-eat.es/area/03550-santjoand%27alacant,CC-MAIN-2023-23
2023-05-,Santjoand%27Alacant,Burger Chef by Cru Restaurante,Just Eat,,,,,,,,,,,False,False,,,https://www.just-eat.es/restaurants-burger-chef-by-cru-restaurante-03550/menu,https://d2egcvq7li5bpq.cloudfront.net/es/images/restaurants/72910.gif,https://www.just-eat.es/area/03550-santjoand%27alacant,CC-MAIN-2023-23
2023-05-,Santjoand%27Alacant,La Mafia se Sienta a la Mesa Alicante,Just Eat,,,,,,,,,,,False,False,,,https://www.just-eat.es/restaurants-lamafiasesientaalamesaalicante/menu,https://d2egcvq7li5bpq.cloudfront.net/es/images/restaurants/25408.gif,https://www.just-eat.es/area/03550-santjoand%27alacant,CC-MAIN-2023-23
2023-05-,Vitoriagasteiz,Silver Spoon,Just Eat,,,,,,,,,,,False,False,,,https://www.just-eat.es/restaurants-silverspoonvitoria/menu,https://d2egcvq7li5bpq.cloudfront.net/es/images/restaurants/24209.gif,https://www.just-eat.es/area/01009-vitoriagasteiz,CC-MAIN-2023-23
2023-05-,Vitoriagasteiz,Burger King VIT CC Boulevard,Just Eat,,,,,,,,,,,False,False,,,https://www.just-eat.es/restaurants-burger-king-vit-cc-boulevard-vitoria-gasteiz/menu,https://d2egcvq7li5bpq.cloudfront.net/es/images/restaurants/39478.gif,https://www.just-eat.es/area/01009-vitoriagasteiz,CC-MAIN-2023-23
2023-05-,Vitoriagasteiz,Grosso Napoletano San Prudencio,Just Eat,,,,,,,,,,,False,False,,,https://www.just-eat.es/restaurants-grosso-napoletano-san-prudencio-01005/menu,https://d2egcvq7li5bpq.cloudfront.net/es/images/restaurants/74731.gif,https://www.just-eat.es/area/01009-vitoriagasteiz,CC-MAIN-2023-23
2023-05-,Vitoriagasteiz,Lal Ali Zabalgana,Just Eat,,,,,,,,,,,False,False,,,https://www.just-eat.es/restaurants-lalalizabalganavitoria/menu,https://d2egcvq7li5bpq.cloudfront.net/es/images/restaurants/10139.gif,https://www.just-eat.es/area/01009-vitoriagasteiz,CC-MAIN-2023-23
2023-05-,Vitoriagasteiz,TGB - The Good Burger Vitoria,Just Eat,,,,,,,,,,,False,False,,,https://www.just-eat.es/restaurants-tgb-the-good-burger-vitoria-vitoria-gasteiz/menu,https://d2egcvq7li5bpq.cloudfront.net/es/images/restaurants/32867.gif,https://www.just-eat.es/area/01009-vitoriagasteiz,CC-MAIN-2023-23
2023-05-,Vitoriagasteiz,Domino's Pizza Av Gasteiz,Just Eat,,,,,,,,,,,False,False,,,https://www.just-eat.es/restaurants-dominos-pizza-av-gasteiz-01008/menu,https://d2egcvq7li5bpq.cloudfront.net/es/images/restaurants/66462.gif,https://www.just-eat.es/area/01009-vitoriagasteiz,CC-MAIN-2023-23
2023-05-,Vitoriagasteiz,Telepizza Vitoria 2,Just Eat,,,,,,,,,,,False,False,,,https://www.just-eat.es/restaurants-telepizzavitoria2-vitoria-gasteiz/menu,https://d2egcvq7li5bpq.cloudfront.net/es/images/restaurants/69122.gif,https://www.just-eat.es/area/01009-vitoriagasteiz,CC-MAIN-2023-23
2023-05-,Vitoriagasteiz,Kebab Nieves Cano,Just Eat,,,,,,,,,,,False,False,,,https://www.just-eat.es/restaurants-kebabnievescano/menu,https://d2egcvq7li5bpq.cloudfront.net/es/images/restaurants/3222.gif,https://www.just-eat.es/area/01009-vitoriagasteiz,CC-MAIN-2023-23
2023-05-,Vitoriagasteiz,Bar Kebab Alaves,Just Eat,,,,,,,,,,,False,False,,,https://www.just-eat.es/restaurants-barkebabalaves/menu,https://d2egcvq7li5bpq.cloudfront.net/es/images/restaurants/12977.gif,https://www.just-eat.es/area/01009-vitoriagasteiz,CC-MAIN-2023-23
2023-05-,Vitoriagasteiz,Pizzeria y Kebab La Perla,Just Eat,,,,,,,,,,,False,False,,,https://www.just-eat.es/restaurants-pizzeria-ykebab-laperlavitoria-gasteiz/menu,https://d2egcvq7li5bpq.cloudfront.net/es/images/restaurants/19354.gif,https://www.just-eat.es/area/01009-vitoriagasteiz,CC-MAIN-2023-23
2023-05-,Vitoriagasteiz,Kebab Gasteiz,Just Eat,,,,,,,,,,,False,False,,,https://www.just-eat.es/restaurants-kebabgasteiz/menu,https://d2egcvq7li5bpq.cloudfront.net/es/images/restaurants/2709.gif,https://www.just-eat.es/area/01009-vitoriagasteiz,CC-MAIN-2023-23
2023-05-,Vitoriagasteiz,KRF Kebabish & Fried Chicken,Just Eat,,,,,,,,,,,False,False,,,https://www.just-eat.es/restaurants-krf-kebabish-and-fried-chicken-vitoria-gasteiz/menu,https://d2egcvq7li5bpq.cloudfront.net/es/images/restaurants/52760.gif,https://www.just-eat.es/area/01009-vitoriagasteiz,CC-MAIN-2023-23
2023-05-,Vitoriagasteiz,Restaurante Más y Más,Just Eat,,,,,,,,,,,False,False,,,https://www.just-eat.es/restaurants-restaurantemasymasvitoria/menu,https://d2egcvq7li5bpq.cloudfront.net/es/images/restaurants/17818.gif,https://www.just-eat.es/area/01009-vitoriagasteiz,CC-MAIN-2023-23
2023-05-,Vitoriagasteiz,Lal Ali Doner Kebab Pintor,Just Eat,,,,,,,,,,,False,False,,,https://www.just-eat.es/restaurants-lalalidonerkebabpintor/menu,https://d2egcvq7li5bpq.cloudfront.net/es/images/restaurants/17044.gif,https://www.just-eat.es/area/01009-vitoriagasteiz,CC-MAIN-2023-23
2023-05-,Vitoriagasteiz,Kebab Deba,Just Eat,,,,,,,,,,,False,False,,,https://www.just-eat.es/restaurants-kebab-deba-vitoria-gasteiz/menu,https://d2egcvq7li5bpq.cloudfront.net/es/images/restaurants/54123.gif,https://www.just-eat.es/area/01009-vitoriagasteiz,CC-MAIN-2023-23
2023-05-,Vitoriagasteiz,Restaurante Bodega Ausejo,Just Eat,,,,,,,,,,,False,False,,,https://www.just-eat.es/restaurants-bodega-ausejo-vitoria-gasteiz/menu,https://d2egcvq7li5bpq.cloudfront.net/es/images/restaurants/67630.gif,https://www.just-eat.es/area/01009-vitoriagasteiz,CC-MAIN-2023-23
2023-05-,Vitoriagasteiz,Doner Ankara Kebab,Just Eat,,,,,,,,,,,False,False,,,https://www.just-eat.es/restaurants-doner-ankara-kebab-vitoria-gasteiz/menu,https://d2egcvq7li5bpq.cloudfront.net/es/images/restaurants/50257.gif,https://www.just-eat.es/area/01009-vitoriagasteiz,CC-MAIN-2023-23
2023-05-,Vitoriagasteiz,Turk Doner Kebab,Just Eat,,,,,,,,,,,False,False,,,https://www.just-eat.es/restaurants-vitoriaturkdonerkebab/menu,https://d2egcvq7li5bpq.cloudfront.net/es/images/restaurants/20611.gif,https://www.just-eat.es/area/01009-vitoriagasteiz,CC-MAIN-2023-23
2023-05-,Vitoriagasteiz,Mundo kebab,Just Eat,,,,,,,,,,,False,False,,,https://www.just-eat.es/restaurants-mundo-kebab-vitoria-gasteiz/menu,https://d2egcvq7li5bpq.cloudfront.net/es/images/restaurants/58922.gif,https://www.just-eat.es/area/01009-vitoriagasteiz,CC-MAIN-2023-23
2023-05-,Vitoriagasteiz,Lal Ali Ariznavarra,Just Eat,,,,,,,,,,,False,False,,,https://www.just-eat.es/restaurants-lalaliariznavarravitoria/menu,https://d2egcvq7li5bpq.cloudfront.net/es/images/restaurants/10453.gif,https://www.just-eat.es/area/01009-vitoriagasteiz,CC-MAIN-2023-23
2023-06-,Crevillente,Telepizza Crevillente,Just Eat,,,,,,,,,,,False,False,,,https://www.just-eat.es/restaurants-telepizza-crevillente-crevillente/menu,https://d2egcvq7li5bpq.cloudfront.net/es/images/restaurants/36340.gif,https://www.just-eat.es/area/03330-crevillente/marcas-con-promocion,CC-MAIN-2023-23
2023-06-,Crevillente,Burger King Crevillente,Just Eat,,,,,,,,,,,False,False,,,https://www.just-eat.es/restaurants-burger-king-crevillente-crevillent/menu,https://d2egcvq7li5bpq.cloudfront.net/es/images/restaurants/46739.gif,https://www.just-eat.es/area/03330-crevillente/marcas-con-promocion,CC-MAIN-2023-23
2023-06-,Alicante,Goiko Vicente Reyes,Just Eat,,,,,,,,,,,False,False,,,https://www.just-eat.es/restaurants-goiko-vicente-reyes-alicantealacant/menu,https://d2egcvq7li5bpq.cloudfront.net/es/images/restaurants/76863.gif,https://www.just-eat.es/area/03010-alicante/americana,CC-MAIN-2023-23
2023-06-,Alicante,Taco Bell Rambla Alicante,Just Eat,,,,,,,,,,,False,False,,,https://www.just-eat.es/restaurants-taco-bell-rambla-alicante-alicantealacant/menu,https://d2egcvq7li5bpq.cloudfront.net/es/images/restaurants/39152.gif,https://www.just-eat.es/area/03010-alicante/americana,CC-MAIN-2023-23
2023-06-,Alicante,Burger King Alicante - Avda. Denia,Just Eat,,,,,,,,,,,False,False,,,https://www.just-eat.es/restaurants-burger-king-alicante---avda-denia-alicantealacant/menu,https://d2egcvq7li5bpq.cloudfront.net/es/images/restaurants/29054.gif,https://www.just-eat.es/area/03010-alicante/americana,CC-MAIN-2023-23
2023-06-,Alicante,McDonald's Alicante Doctor Rico,Just Eat,,,,,,,,,,,False,False,,,https://www.just-eat.es/restaurants-mcdonalds-alicante-doctor-rico-alicantealacant/menu,https://d2egcvq7li5bpq.cloudfront.net/es/images/restaurants/33597.gif,https://www.just-eat.es/area/03010-alicante/americana,CC-MAIN-2023-23
2023-06-,Alicante,KFC Alicante Bulevar Pla,Just Eat,,,,,,,,,,,False,False,,,https://www.just-eat.es/restaurants-kfc-alicante-bulevar-pla-03015/menu,https://d2egcvq7li5bpq.cloudfront.net/es/images/restaurants/60047.gif,https://www.just-eat.es/area/03010-alicante/americana,CC-MAIN-2023-23
2023-06-,Alicante,Five Guys Alicante Rambla,Just Eat,,,,,,,,,,,False,False,,,https://www.just-eat.es/restaurants-five-guys-alicante-ramblra-03002/menu,https://d2egcvq7li5bpq.cloudfront.net/es/images/restaurants/64391.gif,https://www.just-eat.es/area/03010-alicante/americana,CC-MAIN-2023-23
2023-06-,Alicante,TGB - The Good Burger Vistahermosa,Just Eat,,,,,,,,,,,False,False,,,https://www.just-eat.es/restaurants-tgb---the-good-burger-vistahermosa-03015/menu,https://d2egcvq7li5bpq.cloudfront.net/es/images/restaurants/75631.gif,https://www.just-eat.es/area/03010-alicante/americana,CC-MAIN-2023-23
2023-06-,Alicante,Subway Alicante,Just Eat,,,,,,,,,,,False,False,,,https://www.just-eat.es/restaurants-subway-alicante-alicantealacant/menu,https://d2egcvq7li5bpq.cloudfront.net/es/images/restaurants/67052.gif,https://www.just-eat.es/area/03010-alicante/americana,CC-MAIN-2023-23
2023-06-,Alicante,El Burger De Lara,Just Eat,,,,,,,,,,,False,False,,,https://www.just-eat.es/restaurants-el-burger-de-lara-alicantealacant/menu,https://d2egcvq7li5bpq.cloudfront.net/es/images/restaurants/74578.gif,https://www.just-eat.es/area/03010-alicante/americana,CC-MAIN-2023-23
2023-06-,Alicante,Egy Food,Just Eat,,,,,,,,,,,False,False,,,https://www.just-eat.es/restaurants-egy-food-alicantealacant/menu,https://d2egcvq7li5bpq.cloudfront.net/es/images/restaurants/57087.gif,https://www.just-eat.es/area/03010-alicante/americana,CC-MAIN-2023-23
2023-06-,Alicante,Burguer Fakos,Just Eat,,,,,,,,,,,False,False,,,https://www.just-eat.es/restaurants-burguerfakosalicante/menu,https://d2egcvq7li5bpq.cloudfront.net/es/images/restaurants/14804.gif,https://www.just-eat.es/area/03010-alicante/americana,CC-MAIN-2023-23
2023-06-,Alicante,McDonald's Alicante,Just Eat,,,,,,,,,,,False,False,,,https://www.just-eat.es/restaurants-mcdonalds-alicante-alicantealacant/menu,https://d2egcvq7li5bpq.cloudfront.net/es/images/restaurants/33589.gif,https://www.just-eat.es/area/03010-alicante/americana,CC-MAIN-2023-23
2023-06-,Alicante,McDonald's Plaza Mar II,Just Eat,,,,,,,,,,,False,False,,,https://www.just-eat.es/restaurants-mcdonalds-plaza-mar-ii-alicantealacant/menu,https://d2egcvq7li5bpq.cloudfront.net/es/images/restaurants/33593.gif,https://www.just-eat.es/area/03010-alicante/americana,CC-MAIN-2023-23
2023-06-,Alicante,McDonald's Alicante Vistahermosa,Just Eat,,,,,,,,,,,False,False,,,https://www.just-eat.es/restaurants-mcdonalds-alicante-vistahermosa-alicantealacant/menu,https://d2egcvq7li5bpq.cloudfront.net/es/images/restaurants/37656.gif,https://www.just-eat.es/area/03010-alicante/americana,CC-MAIN-2023-23
2023-06-,Alicante,McDonald's Alicante Universidad,Just Eat,,,,,,,,,,,False,False,,,https://www.just-eat.es/restaurants-mcdonalds-alicante-universidad-alicantealacant/menu,https://d2egcvq7li5bpq.cloudfront.net/es/images/restaurants/38344.gif,https://www.just-eat.es/area/03010-alicante/americana,CC-MAIN-2023-23
2023-06-,Alicante,Taco Bell Plaza Mar 2,Just Eat,,,,,,,,,,,False,False,,,https://www.just-eat.es/restaurants-taco-bell-plaza-mar-2-alicantealacant/menu,https://d2egcvq7li5bpq.cloudfront.net/es/images/restaurants/39199.gif,https://www.just-eat.es/area/03010-alicante/americana,CC-MAIN-2023-23
2023-06-,Alicante,Popeyes Vistahermosa,Just Eat,,,,,,,,,,,False,False,,,https://www.just-eat.es/restaurants-popeyes-vistahermosa-alicantealacant/menu,https://d2egcvq7li5bpq.cloudfront.net/es/images/restaurants/77168.gif,https://www.just-eat.es/area/03010-alicante/americana,CC-MAIN-2023-23
2023-06-,Alicante,TGB - The Good Burger Alicante,Just Eat,,,,,,,,,,,False,False,,,https://www.just-eat.es/restaurants-tgbalicanteelche/menu,https://d2egcvq7li5bpq.cloudfront.net/es/images/restaurants/15072.gif,https://www.just-eat.es/area/03010-alicante/americana,CC-MAIN-2023-23
2023-06-,Santjoand'Alacant,Bruno Caruso Restaurante Pizzería,Just Eat,,,,,,,,,,,False,False,,,https://www.just-eat.es/restaurants-brunocarusorestaurante/menu,https://d2egcvq7li5bpq.cloudfront.net/es/images/restaurants/8972.gif,https://www.just-eat.es/area/03550-santjoand'alacant/,CC-MAIN-2023-23
2023-06-,Santjoand'Alacant,Miss Sushi San Juan,Just Eat,,,,,,,,,,,False,False,,,https://www.just-eat.es/restaurants-miss-sushi-san-juan-alicantealacant/menu,https://d2egcvq7li5bpq.cloudfront.net/es/images/restaurants/75143.gif,https://www.just-eat.es/area/03550-santjoand'alacant/,CC-MAIN-2023-23
2023-06-,Santjoand'Alacant,Burger King San Juan de Alicante,Just Eat,,,,,,,,,,,False,False,,,https://www.just-eat.es/restaurants-burger-king-san-juan-de-sant-joan-dalacant/menu,https://d2egcvq7li5bpq.cloudfront.net/es/images/restaurants/29046.gif,https://www.just-eat.es/area/03550-santjoand'alacant/,CC-MAIN-2023-23
2023-06-,Santjoand'Alacant,TGB - The Good Burger San Juan,Just Eat,,,,,,,,,,,False,False,,,https://www.just-eat.es/restaurants-tgbsanjuan/menu,https://d2egcvq7li5bpq.cloudfront.net/es/images/restaurants/26803.gif,https://www.just-eat.es/area/03550-santjoand'alacant/,CC-MAIN-2023-23
2023-06-,Santjoand'Alacant,Telepizza - Avenida Holanda,Just Eat,,,,,,,,,,,False,False,,,https://www.just-eat.es/restaurants-telepizzaholanda/menu,https://d2egcvq7li5bpq.cloudfront.net/es/images/restaurants/27260.gif,https://www.just-eat.es/area/03550-santjoand'alacant/,CC-MAIN-2023-23
2023-06-,Santjoand'Alacant,Domino's Pizza Cabo De Huertas,Just Eat,,,,,,,,,,,False,False,,,https://www.just-eat.es/restaurants-dominos-pizza-cabo-de-huertas-03540/menu,https://d2egcvq7li5bpq.cloudfront.net/es/images/restaurants/66050.gif,https://www.just-eat.es/area/03550-santjoand'alacant/,CC-MAIN-2023-23
2023-06-,Santjoand'Alacant,Mahalo Poke,Just Eat,,,,,,,,,,,False,False,,,https://www.just-eat.es/restaurants-mahalopokealicante/menu,https://d2egcvq7li5bpq.cloudfront.net/es/images/restaurants/24680.gif,https://www.just-eat.es/area/03550-santjoand'alacant/,CC-MAIN-2023-23
2023-06-,Santjoand'Alacant,Heladería Jijona,Just Eat,,,,,,,,,,,False,False,,,https://www.just-eat.es/restaurants-heladeria-jijona-el-campello/menu,https://d2egcvq7li5bpq.cloudfront.net/es/images/restaurants/78058.gif,https://www.just-eat.es/area/03550-santjoand'alacant/,CC-MAIN-2023-23
2023-06-,Santjoand'Alacant,McDonald's Playa de San Juan,Just Eat,,,,,,,,,,,False,False,,,https://www.just-eat.es/restaurants-mcdonalds-playa-de-san-juan-alicante-alacant/menu,https://d2egcvq7li5bpq.cloudfront.net/es/images/restaurants/36433.gif,https://www.just-eat.es/area/03550-santjoand'alacant/,CC-MAIN-2023-23
2023-06-,Santjoand'Alacant,Tortillas La Ración HP San Juan,Just Eat,,,,,,,,,,,False,False,,,https://www.just-eat.es/restaurants-tortillas-la-racion-hp-san-juan-03550/menu,https://d2egcvq7li5bpq.cloudfront.net/es/images/restaurants/77238.gif,https://www.just-eat.es/area/03550-santjoand'alacant/,CC-MAIN-2023-23
2023-06-,Santjoand'Alacant,Restaurante Oriental Fu,Just Eat,,,,,,,,,,,False,False,,,https://www.just-eat.es/restaurants-orientalfu/menu,https://d2egcvq7li5bpq.cloudfront.net/es/images/restaurants/7607.gif,https://www.just-eat.es/area/03550-santjoand'alacant/,CC-MAIN-2023-23
2023-06-,Santjoand'Alacant,Sushi Point,Just Eat,,,,,,,,,,,False,False,,,https://www.just-eat.es/restaurants-sushipointalicante/menu,https://d2egcvq7li5bpq.cloudfront.net/es/images/restaurants/23296.gif,https://www.just-eat.es/area/03550-santjoand'alacant/,CC-MAIN-2023-23
2023-06-,Santjoand'Alacant,Napoli Pizzería Kebab,Just Eat,,,,,,,,,,,False,False,,,https://www.just-eat.es/restaurants-napolipizzeiasanjuansanjuandealicante/menu,https://d2egcvq7li5bpq.cloudfront.net/es/images/restaurants/14142.gif,https://www.just-eat.es/area/03550-santjoand'alacant/,CC-MAIN-2023-23
2023-06-,Santjoand'Alacant,KFC - San Juan,Just Eat,,,,,,,,,,,False,False,,,https://www.just-eat.es/restaurants-kfckentuckyfriedchickensanjuanalicante/menu,https://d2egcvq7li5bpq.cloudfront.net/es/images/restaurants/24841.gif,https://www.just-eat.es/area/03550-santjoand'alacant/,CC-MAIN-2023-23
2023-06-,Santjoand'Alacant,Pizzería Americana,Just Eat,,,,,,,,,,,False,False,,,https://www.just-eat.es/restaurants-pizzeriamericanaalicante/menu,https://d2egcvq7li5bpq.cloudfront.net/es/images/restaurants/16137.gif,https://www.just-eat.es/area/03550-santjoand'alacant/,CC-MAIN-2023-23
2023-06-,Santjoand'Alacant,Pandas Campello,Just Eat,,,,,,,,,,,False,False,,,https://www.just-eat.es/restaurants-pandas-campello-campello-el/menu,https://d2egcvq7li5bpq.cloudfront.net/es/images/restaurants/67112.gif,https://www.just-eat.es/area/03550-santjoand'alacant/,CC-MAIN-2023-23
2023-06-,Santjoand'Alacant,Servipizza,Just Eat,,,,,,,,,,,False,False,,,https://www.just-eat.es/restaurants-servipizza-alacant/menu,https://d2egcvq7li5bpq.cloudfront.net/es/images/restaurants/76757.gif,https://www.just-eat.es/area/03550-santjoand'alacant/,CC-MAIN-2023-23
2023-06-,Santjoand'Alacant,Apache Burger Grill,Just Eat,,,,,,,,,,,False,False,,,https://www.just-eat.es/restaurants-apache-burger-grill-alicante-alacant/menu,https://d2egcvq7li5bpq.cloudfront.net/es/images/restaurants/66652.gif,https://www.just-eat.es/area/03550-santjoand'alacant/,CC-MAIN-2023-23
2023-06-,Santjoand'Alacant,Zahara Poke Point,Just Eat,,,,,,,,,,,False,False,,,https://www.just-eat.es/restaurants-zahara-poke-point-alicantealacant/menu,https://d2egcvq7li5bpq.cloudfront.net/es/images/restaurants/31393.gif,https://www.just-eat.es/area/03550-santjoand'alacant/,CC-MAIN-2023-23
2023-06-,Santjoand'Alacant,Restaurante Griego Kyknos,Just Eat,,,,,,,,,,,False,False,,,https://www.just-eat.es/restaurants-restaurante-griego-kyknos-03550/menu,https://d2egcvq7li5bpq.cloudfront.net/es/images/restaurants/56230.gif,https://www.just-eat.es/area/03550-santjoand'alacant/,CC-MAIN-2023-23
2023-06-,Alicante,La Gran Familia Mediterránea by Dani García,Just Eat,,,,,,,,,,,False,False,,,https://www.just-eat.es/restaurants-la-gran-familia-mediterranea-by-dani-garcia-03009/menu,https://d2egcvq7li5bpq.cloudfront.net/es/images/restaurants/60449.gif,https://www.just-eat.es/area/03010-alicante/alta-cocina,CC-MAIN-2023-23
2023-06-,Alicante,Senyoret Arrocería,Just Eat,,,,,,,,,,,False,False,,,https://www.just-eat.es/restaurants-senyoret-arroceria-alicantealacant/menu,https://d2egcvq7li5bpq.cloudfront.net/es/images/restaurants/31064.gif,https://www.just-eat.es/area/03010-alicante/alta-cocina,CC-MAIN-2023-23
2023-06-,Alicante,Restaurante Caruso,Just Eat,,,,,,,,,,,False,False,,,https://www.just-eat.es/restaurants-restaurantecaruso/menu,https://d2egcvq7li5bpq.cloudfront.net/es/images/restaurants/20496.gif,https://www.just-eat.es/area/03010-alicante/alta-cocina,CC-MAIN-2023-23
2023-06-,Alicante,Namaste India,Just Eat,,,,,,,,,,,False,False,,,https://www.just-eat.es/restaurants-namasteindia/menu,https://d2egcvq7li5bpq.cloudfront.net/es/images/restaurants/8122.gif,https://www.just-eat.es/area/03010-alicante/alta-cocina,CC-MAIN-2023-23
2023-06-,Alicante,In Bocca Al Lupo,Just Eat,,,,,,,,,,,False,False,,,https://www.just-eat.es/restaurants-in-bocca-al-lupo-alicantealacant/menu,https://d2egcvq7li5bpq.cloudfront.net/es/images/restaurants/38096.gif,https://www.just-eat.es/area/03010-alicante/alta-cocina,CC-MAIN-2023-23
2023-06-,Alicante,Delivery Montoro,Just Eat,,,,,,,,,,,False,False,,,https://www.just-eat.es/restaurants-delivery-montoro-alicantealacant-03002/menu,https://d2egcvq7li5bpq.cloudfront.net/es/images/restaurants/63092.gif,https://www.just-eat.es/area/03010-alicante/alta-cocina,CC-MAIN-2023-23
2023-06-,Alicante,Sale & Pepe Castaños,Just Eat,,,,,,,,,,,False,False,,,https://www.just-eat.es/restaurants-sale-and-pepe-castanos-alicantealacant/menu,https://d2egcvq7li5bpq.cloudfront.net/es/images/restaurants/36624.gif,https://www.just-eat.es/area/03010-alicante/alta-cocina,CC-MAIN-2023-23
2023-06-,Alicante,Cervecería Sento Castellar,Just Eat,,,,,,,,,,,False,False,,,https://www.just-eat.es/restaurants-cerveceria-sento-castellar-03003/menu,https://d2egcvq7li5bpq.cloudfront.net/es/images/restaurants/64463.gif,https://www.just-eat.es/area/03010-alicante/alta-cocina,CC-MAIN-2023-23
2023-06-,Alicante,Kitagawa,Just Eat,,,,,,,,,,,False,False,,,https://www.just-eat.es/restaurants-kitagawa-alicantealacant/menu,https://d2egcvq7li5bpq.cloudfront.net/es/images/restaurants/30512.gif,https://www.just-eat.es/area/03010-alicante/alta-cocina,CC-MAIN-2023-23
2023-06-,Alicante,Pizza Lab,Just Eat,,,,,,,,,,,False,False,,,https://www.just-eat.es/restaurants-pizza-lab-alicantealacant/menu,https://d2egcvq7li5bpq.cloudfront.net/es/images/restaurants/48238.gif,https://www.just-eat.es/area/03010-alicante/alta-cocina,CC-MAIN-2023-23
2023-06-,Alicante,Daikichi,Just Eat,,,,,,,,,,,False,False,,,https://www.just-eat.es/restaurants-daikichi-alicantealacant/menu,https://d2egcvq7li5bpq.cloudfront.net/es/images/restaurants/48958.gif,https://www.just-eat.es/area/03010-alicante/alta-cocina,CC-MAIN-2023-23
2023-06-,Alicante,Big Twins,Just Eat,,,,,,,,,,,False,False,,,https://www.just-eat.es/restaurants-big-twins-alicantealacant/menu,https://d2egcvq7li5bpq.cloudfront.net/es/images/restaurants/40107.gif,https://www.just-eat.es/area/03010-alicante/alta-cocina,CC-MAIN-2023-23
2023-06-,Alicante,Pizzería Italiana La Gioconda,Just Eat,,,,,,,,,,,False,False,,,https://www.just-eat.es/restaurants-pizzeria-italiana-la-gioconda-03690/menu,https://d2egcvq7li5bpq.cloudfront.net/es/images/restaurants/75418.gif,https://www.just-eat.es/area/03010-alicante/italiana,CC-MAIN-2023-23
2023-06-,Alicante,Pizzería il Grano Alicante,Just Eat,,,,,,,,,,,False,False,,,https://www.just-eat.es/restaurants-pizzeriailgrano/menu,https://d2egcvq7li5bpq.cloudfront.net/es/images/restaurants/19711.gif,https://www.just-eat.es/area/03010-alicante/italiana,CC-MAIN-2023-23
2023-06-,Alicante,Pizzas & Empanadas Doña Elida,Just Eat,,,,,,,,,,,False,False,,,https://www.just-eat.es/restaurants-empanadas-dona-elida-alicantealacant-03004/menu,https://d2egcvq7li5bpq.cloudfront.net/es/images/restaurants/38275.gif,https://www.just-eat.es/area/03010-alicante/italiana,CC-MAIN-2023-23
2023-06-,Alicante,Telepizza - Alicante Bulevar,Just Eat,,,,,,,,,,,False,False,,,https://www.just-eat.es/restaurants-telepizza-alicante-vii-alicantealacant/menu,https://d2egcvq7li5bpq.cloudfront.net/es/images/restaurants/44585.gif,https://www.just-eat.es/area/03010-alicante/italiana,CC-MAIN-2023-23
2023-06-,Alicante,I Love Pizza,Just Eat,,,,,,,,,,,False,False,,,https://www.just-eat.es/restaurants-ilovepizzaalicante/menu,https://d2egcvq7li5bpq.cloudfront.net/es/images/restaurants/17012.gif,https://www.just-eat.es/area/03010-alicante/italiana,CC-MAIN-2023-23
2023-06-,Alicante,Pan y Pasta,Just Eat,,,,,,,,,,,False,False,,,https://www.just-eat.es/restaurants-panypasta/menu,https://d2egcvq7li5bpq.cloudfront.net/es/images/restaurants/4190.gif,https://www.just-eat.es/area/03010-alicante/italiana,CC-MAIN-2023-23
2023-06-,Alicante,Da Nonna Nina La Auténtica Pizza,Just Eat,,,,,,,,,,,False,False,,,https://www.just-eat.es/restaurants-danonnaninaalicante/menu,https://d2egcvq7li5bpq.cloudfront.net/es/images/restaurants/9284.gif,https://www.just-eat.es/area/03010-alicante/italiana,CC-MAIN-2023-23
2023-06-,Alicante,Desapizza,Just Eat,,,,,,,,,,,False,False,,,https://www.just-eat.es/restaurants-desapizza-alicantealacant/menu,https://d2egcvq7li5bpq.cloudfront.net/es/images/restaurants/33883.gif,https://www.just-eat.es/area/03010-alicante/italiana,CC-MAIN-2023-23
2023-06-,Alicante,Pizzería Rey,Just Eat,,,,,,,,,,,False,False,,,https://www.just-eat.es/restaurants-pizzeriareyalicante/menu,https://d2egcvq7li5bpq.cloudfront.net/es/images/restaurants/21397.gif,https://www.just-eat.es/area/03010-alicante/italiana,CC-MAIN-2023-23
2023-06-,Alicante,La Tapita 2 Transilvania,Just Eat,,,,,,,,,,,False,False,,,https://www.just-eat.es/restaurants-la-tapita-2-transilvaniaalicantealacant/menu,https://d2egcvq7li5bpq.cloudfront.net/es/images/restaurants/46155.gif,https://www.just-eat.es/area/03010-alicante/italiana,CC-MAIN-2023-23
2023-06-,Alicante,Ginos Plaza Mar,Just Eat,,,,,,,,,,,False,False,,,https://www.just-eat.es/restaurants-ginosalicanteplazamar/menu,https://d2egcvq7li5bpq.cloudfront.net/es/images/restaurants/16783.gif,https://www.just-eat.es/area/03010-alicante/italiana,CC-MAIN-2023-23
2023-06-,Alicante,La Tagliatella Alicante Vistahermosa,Just Eat,,,,,,,,,,,False,False,,,https://www.just-eat.es/restaurants-la-tagliatella-alicante-alicantealacant/menu,https://d2egcvq7li5bpq.cloudfront.net/es/images/restaurants/52067.gif,https://www.just-eat.es/area/03010-alicante/italiana,CC-MAIN-2023-23
2023-06-,Alicante,Borgo Mare,Just Eat,,,,,,,,,,,False,False,,,https://www.just-eat.es/restaurants-borgo-mare-alicantealacant/menu,https://d2egcvq7li5bpq.cloudfront.net/es/images/restaurants/73797.gif,https://www.just-eat.es/area/03010-alicante/italiana,CC-MAIN-2023-23
2023-06-,Alicante,Ed'Mundo,Just Eat,,,,,,,,,,,False,False,,,https://www.just-eat.es/restaurants-edmundo-alicantealacant/menu,https://d2egcvq7li5bpq.cloudfront.net/es/images/restaurants/59469.gif,https://www.just-eat.es/area/03010-alicante/italiana,CC-MAIN-2023-23
2023-06-,Alicante,DITALY Pizza Napolitana,Just Eat,,,,,,,,,,,False,False,,,https://www.just-eat.es/restaurants-ditaly-alicantealacant/menu,https://d2egcvq7li5bpq.cloudfront.net/es/images/restaurants/74285.gif,https://www.just-eat.es/area/03010-alicante/italiana,CC-MAIN-2023-23
2023-06-,Alicante,Pizzería Kebab Tasty,Just Eat,,,,,,,,,,,False,False,,,https://www.just-eat.es/restaurants-pizzeriakebabtasty/menu,https://d2egcvq7li5bpq.cloudfront.net/es/images/restaurants/6531.gif,https://www.just-eat.es/area/03010-alicante/italiana,CC-MAIN-2023-23
2023-06-,Alicante,No Mames Wey Alicante,Just Eat,,,,,,,,,,,False,False,,,https://www.just-eat.es/restaurants-no-mames-wey-alicante-alicantealacant/menu,https://d2egcvq7li5bpq.cloudfront.net/es/images/restaurants/76599.gif,https://www.just-eat.es/area/03010-alicante/marcas-con-promocion,CC-MAIN-2023-23
2023-06-,Alicante,Mahalo Poke,Just Eat,,,,,,,,,,,False,False,,,https://www.just-eat.es/restaurants-mahalopokealicante/menu,https://d2egcvq7li5bpq.cloudfront.net/es/images/restaurants/24680.gif,https://www.just-eat.es/area/03010-alicante/marcas-con-promocion,CC-MAIN-2023-23
2023-06-,Alicante,Domino's Pizza Devesa,Just Eat,,,,,,,,,,,False,False,,,https://www.just-eat.es/restaurants-dominos-pizza-devesa-alicantealacant/menu,https://d2egcvq7li5bpq.cloudfront.net/es/images/restaurants/65620.gif,https://www.just-eat.es/area/03010-alicante/marcas-con-promocion,CC-MAIN-2023-23
2023-06-,Alicante,KFC - San Vicente del Raspeig,Just Eat,,,,,,,,,,,False,False,,,https://www.just-eat.es/restaurants-kfcsanvicentealicante/menu,https://d2egcvq7li5bpq.cloudfront.net/es/images/restaurants/24126.gif,https://www.just-eat.es/area/03010-alicante/marcas-con-promocion,CC-MAIN-2023-23
2023-06-,Alicante,Black Turtle Alicante,Just Eat,,,,,,,,,,,False,False,,,https://www.just-eat.es/restaurants-the-black-turtle-alicante-03001/menu,https://d2egcvq7li5bpq.cloudfront.net/es/images/restaurants/64069.gif,https://www.just-eat.es/area/03010-alicante/marcas-con-promocion,CC-MAIN-2023-23
2023-06-,Alicante,Miss Poke Alicante,Just Eat,,,,,,,,,,,False,False,,,https://www.just-eat.es/restaurants-miss-poke-alicante-alicantealacant/menu,https://d2egcvq7li5bpq.cloudfront.net/es/images/restaurants/33855.gif,https://www.just-eat.es/area/03010-alicante/marcas-con-promocion,CC-MAIN-2023-23
2023-06-,Alicante,Urban Poke Alicante,Just Eat,,,,,,,,,,,False,False,,,https://www.just-eat.es/restaurants-urban-poke-alicante-alicantealacant/menu,https://d2egcvq7li5bpq.cloudfront.net/es/images/restaurants/58016.gif,https://www.just-eat.es/area/03010-alicante/marcas-con-promocion,CC-MAIN-2023-23
2023-06-,Alicante,Bam Bun Alicante,Just Eat,,,,,,,,,,,False,False,,,https://www.just-eat.es/restaurants-bam-bun-alicante-alicantealacant/menu,https://d2egcvq7li5bpq.cloudfront.net/es/images/restaurants/63448.gif,https://www.just-eat.es/area/03010-alicante/marcas-con-promocion,CC-MAIN-2023-23
2023-06-,Alicante,Saona Alicante Vistahermosa,Just Eat,,,,,,,,,,,False,False,,,https://www.just-eat.es/restaurants-saona-alicante-vistahermosa-03015/menu,https://d2egcvq7li5bpq.cloudfront.net/es/images/restaurants/77579.gif,https://www.just-eat.es/area/03010-alicante/marcas-con-promocion,CC-MAIN-2023-23
2023-06-,Alicante,Burger King Alicante Rabasa,Just Eat,,,,,,,,,,,False,False,,,https://www.just-eat.es/restaurants-burger-king-alicante-rabasa-alicantealacant/menu,https://d2egcvq7li5bpq.cloudfront.net/es/images/restaurants/29077.gif,https://www.just-eat.es/area/03010-alicante/marcas-con-promocion,CC-MAIN-2023-23
2023-06-,Alicante,Domino's Pizza Alicante 3,Just Eat,,,,,,,,,,,False,False,,,https://www.just-eat.es/restaurants-dominos-pizza-alicante-3-03005/menu,https://d2egcvq7li5bpq.cloudfront.net/es/images/restaurants/65206.gif,https://www.just-eat.es/area/03010-alicante/marcas-con-promocion,CC-MAIN-2023-23
2023-06-,Santjoand'Alacant,Me Gusta Sant Joan,Just Eat,,,,,,,,,,,False,False,,,https://www.just-eat.es/restaurants-megustasantjoan/menu,https://d2egcvq7li5bpq.cloudfront.net/es/images/restaurants/27140.gif,https://www.just-eat.es/area/03550-santjoand'alacant/?nojs=true,CC-MAIN-2023-23
2023-06-,Santjoand'Alacant,Memola Poke,Just Eat,,,,,,,,,,,False,False,,,https://www.just-eat.es/restaurants-memola-poke-campello-el/menu,https://d2egcvq7li5bpq.cloudfront.net/es/images/restaurants/71283.gif,https://www.just-eat.es/area/03550-santjoand'alacant/?nojs=true,CC-MAIN-2023-23
2023-06-,Santjoand'Alacant,Aracil 24h,Just Eat,,,,,,,,,,,False,False,,,https://www.just-eat.es/restaurants-aracil-24h-alacant/menu,https://d2egcvq7li5bpq.cloudfront.net/es/images/restaurants/67873.gif,https://www.just-eat.es/area/03550-santjoand'alacant/?nojs=true,CC-MAIN-2023-23
2023-06-,Santjoand'Alacant,Blanco y Negro,Just Eat,,,,,,,,,,,False,False,,,https://www.just-eat.es/restaurants-blanco-y-negro-alicantealacant/menu,https://d2egcvq7li5bpq.cloudfront.net/es/images/restaurants/42093.gif,https://www.just-eat.es/area/03550-santjoand'alacant/?nojs=true,CC-MAIN-2023-23
2023-06-,Santjoand'Alacant,Cervecería Sento Albufera,Just Eat,,,,,,,,,,,False,False,,,https://www.just-eat.es/restaurants-cerveceria-sento-albufera-03016/menu,https://d2egcvq7li5bpq.cloudfront.net/es/images/restaurants/64454.gif,https://www.just-eat.es/area/03550-santjoand'alacant/?nojs=true,CC-MAIN-2023-23
2023-06-,Santjoand'Alacant,Duetto Real Food,Just Eat,,,,,,,,,,,False,False,,,https://www.just-eat.es/restaurants-duetto-real-food-sant-joan-dalacant/menu,https://d2egcvq7li5bpq.cloudfront.net/es/images/restaurants/59589.gif,https://www.just-eat.es/area/03550-santjoand'alacant/?nojs=true,CC-MAIN-2023-23
2023-06-,Santjoand'Alacant,Best Burger,Just Eat,,,,,,,,,,,False,False,,,https://www.just-eat.es/restaurants-best-burger-sant-joan-dalacant/menu,https://d2egcvq7li5bpq.cloudfront.net/es/images/restaurants/61590.gif,https://www.just-eat.es/area/03550-santjoand'alacant/?nojs=true,CC-MAIN-2023-23
2023-06-,Santjoand'Alacant,El Rincón De Alfredo,Just Eat,,,,,,,,,,,False,False,,,https://www.just-eat.es/restaurants-el-rincon-de-alfredo-alicante-alacant/menu,https://d2egcvq7li5bpq.cloudfront.net/es/images/restaurants/76797.gif,https://www.just-eat.es/area/03550-santjoand'alacant/?nojs=true,CC-MAIN-2023-23
2023-06-,Santjoand'Alacant,La Boutique,Just Eat,,,,,,,,,,,False,False,,,https://www.just-eat.es/restaurants-la-boutique-alacant/menu,https://d2egcvq7li5bpq.cloudfront.net/es/images/restaurants/39450.gif,https://www.just-eat.es/area/03550-santjoand'alacant/?nojs=true,CC-MAIN-2023-23
2023-06-,Santjoand'Alacant,Pizza Pizza,Just Eat,,,,,,,,,,,False,False,,,https://www.just-eat.es/restaurants-pizza-pizza-sant-joan-dalacant/menu,https://d2egcvq7li5bpq.cloudfront.net/es/images/restaurants/61586.gif,https://www.just-eat.es/area/03550-santjoand'alacant/?nojs=true,CC-MAIN-2023-23
2023-06-,Santjoand'Alacant,Dulce Cielito,Just Eat,,,,,,,,,,,False,False,,,https://www.just-eat.es/restaurants-dulce-cielito-sant-joan-dalacant/menu,https://d2egcvq7li5bpq.cloudfront.net/es/images/restaurants/61597.gif,https://www.just-eat.es/area/03550-santjoand'alacant/?nojs=true,CC-MAIN-2023-23
2023-06-,Santjoand'Alacant,Hamburguesas Americanas (by Grupo Sento),Just Eat,,,,,,,,,,,False,False,,,https://www.just-eat.es/restaurants-american-smoke-burgers-alicantealacant/menu,https://d2egcvq7li5bpq.cloudfront.net/es/images/restaurants/62761.gif,https://www.just-eat.es/area/03550-santjoand'alacant/?nojs=true,CC-MAIN-2023-23
2023-06-,Santjoand'Alacant,Hot Thai Kitchen,Just Eat,,,,,,,,,,,False,False,,,https://www.just-eat.es/restaurants-hot-thai-kitchen-alicantealacant/menu,https://d2egcvq7li5bpq.cloudfront.net/es/images/restaurants/62765.gif,https://www.just-eat.es/area/03550-santjoand'alacant/?nojs=true,CC-MAIN-2023-23
2023-06-,Santjoand'Alacant,Takoyaki Japan Street Food,Just Eat,,,,,,,,,,,False,False,,,https://www.just-eat.es/restaurants-takoyaki-japan-street-food-03016/menu,https://d2egcvq7li5bpq.cloudfront.net/es/images/restaurants/62757.gif,https://www.just-eat.es/area/03550-santjoand'alacant/?nojs=true,CC-MAIN-2023-23
2023-06-,Santjoand'Alacant,McDonald's Alicante Santa Faz,Just Eat,,,,,,,,,,,False,False,,,https://www.just-eat.es/restaurants-mcdonalds-alicante-santa-faz-alicantealacant/menu,https://d2egcvq7li5bpq.cloudfront.net/es/images/restaurants/39767.gif,https://www.just-eat.es/area/03550-santjoand'alacant/?nojs=true,CC-MAIN-2023-23
2023-06-,Santjoand'Alacant,Burger King Alicante - Vistahermosa,Just Eat,,,,,,,,,,,False,False,,,https://www.just-eat.es/restaurants-burger-king-alicante---vistahermosa-madrid/menu,https://d2egcvq7li5bpq.cloudfront.net/es/images/restaurants/29085.gif,https://www.just-eat.es/area/03550-santjoand'alacant/?nojs=true,CC-MAIN-2023-23
2023-06-,Santjoand'Alacant,La Mafia se Sienta a la Mesa Alicante,Just Eat,,,,,,,,,,,False,False,,,https://www.just-eat.es/restaurants-lamafiasesientaalamesaalicante/menu,https://d2egcvq7li5bpq.cloudfront.net/es/images/restaurants/25408.gif,https://www.just-eat.es/area/03550-santjoand'alacant/?nojs=true,CC-MAIN-2023-23
2023-06-,Santjoand'Alacant,Gusta Pizza Campello,Just Eat,,,,,,,,,,,False,False,,,https://www.just-eat.es/restaurants-gusta-pizza-campello-campello-el/menu,https://d2egcvq7li5bpq.cloudfront.net/es/images/restaurants/55886.gif,https://www.just-eat.es/area/03550-santjoand'alacant/?nojs=true,CC-MAIN-2023-23
2023-06-,Santjoand'Alacant,Pizza Lab,Just Eat,,,,,,,,,,,False,False,,,https://www.just-eat.es/restaurants-pizza-lab-alicantealacant/menu,https://d2egcvq7li5bpq.cloudfront.net/es/images/restaurants/48238.gif,https://www.just-eat.es/area/03550-santjoand'alacant/?nojs=true,CC-MAIN-2023-23
2023-06-,Santjoand'Alacant,Julita Las Tortillas Del Norte,Just Eat,,,,,,,,,,,False,False,,,https://www.just-eat.es/restaurants-julita-las-tortillas-del-norte-03540/menu,https://d2egcvq7li5bpq.cloudfront.net/es/images/restaurants/76338.gif,https://www.just-eat.es/area/03550-santjoand'alacant/?nojs=true,CC-MAIN-2023-23
2023-06-,Santjoand'Alacant,La Parrilla,Just Eat,,,,,,,,,,,False,False,,,https://www.just-eat.es/restaurants-la-parrilla-sant-joan-dalacant/menu,https://d2egcvq7li5bpq.cloudfront.net/es/images/restaurants/73692.gif,https://www.just-eat.es/area/03550-santjoand'alacant/?nojs=true,CC-MAIN-2023-23
2023-06-,Santjoand'Alacant,Burger Chef by Cru Restaurante,Just Eat,,,,,,,,,,,False,False,,,https://www.just-eat.es/restaurants-burger-chef-by-cru-restaurante-03550/menu,https://d2egcvq7li5bpq.cloudfront.net/es/images/restaurants/72910.gif,https://www.just-eat.es/area/03550-santjoand'alacant/?nojs=true,CC-MAIN-2023-23
2023-06-,Santjoand'Alacant,Pizzeria Preggo,Just Eat,,,,,,,,,,,False,False,,,https://www.just-eat.es/restaurants-pizzeria-preggo-alacant/menu,https://d2egcvq7li5bpq.cloudfront.net/es/images/restaurants/65498.gif,https://www.just-eat.es/area/03550-santjoand'alacant/?nojs=true,CC-MAIN-2023-23
2023-06-,Santjoand'Alacant,Street Burger Vistahermosa,Just Eat,,,,,,,,,,,False,False,,,https://www.just-eat.es/restaurants-street-burger-vistahermosa-03015/menu,https://d2egcvq7li5bpq.cloudfront.net/es/images/restaurants/75392.gif,https://www.just-eat.es/area/03550-santjoand'alacant/?nojs=true,CC-MAIN-2023-23
2023-06-,Santjoand'Alacant,Shang Zuo,Just Eat,,,,,,,,,,,False,False,,,https://www.just-eat.es/restaurants-shang-zuo-alicante-alacant/menu,https://d2egcvq7li5bpq.cloudfront.net/es/images/restaurants/72064.gif,https://www.just-eat.es/area/03550-santjoand'alacant/?nojs=true,CC-MAIN-2023-23
2023-06-,Santjoand'Alacant,Star Kebab Pizzería,Just Eat,,,,,,,,,,,False,False,,,https://www.just-eat.es/restaurants-star-kebab-pizzeria-campello-el/menu,https://d2egcvq7li5bpq.cloudfront.net/es/images/restaurants/32764.gif,https://www.just-eat.es/area/03550-santjoand'alacant/?nojs=true,CC-MAIN-2023-23
2023-06-,Santjoand'Alacant,La Tagliatella Paqui Veza,Just Eat,,,,,,,,,,,False,False,,,https://www.just-eat.es/restaurants-la-tagliatella-paqui-veza-alicante-alacant/menu,https://d2egcvq7li5bpq.cloudfront.net/es/images/restaurants/52432.gif,https://www.just-eat.es/area/03550-santjoand'alacant/?nojs=true,CC-MAIN-2023-23
2023-06-,Santjoand'Alacant,Gourmettina Lovely Pizza,Just Eat,,,,,,,,,,,False,False,,,https://www.just-eat.es/restaurants-gourmettina-lovely-pizza-03540/menu,https://d2egcvq7li5bpq.cloudfront.net/es/images/restaurants/74165.gif,https://www.just-eat.es/area/03550-santjoand'alacant/?nojs=true,CC-MAIN-2023-23
2023-06-,Santjoand'Alacant,Kai Thai Rextaurant,Just Eat,,,,,,,,,,,False,False,,,https://www.just-eat.es/restaurants-kai-thai-rextaurant-alicante-alacant/menu,https://d2egcvq7li5bpq.cloudfront.net/es/images/restaurants/68458.gif,https://www.just-eat.es/area/03550-santjoand'alacant/?nojs=true,CC-MAIN-2023-23
2023-06-,Santjoand'Alacant,Restaurante Chino El Dragón,Just Eat,,,,,,,,,,,False,False,,,https://www.just-eat.es/restaurants-restaurante-chino-el-dragon-03550/menu,https://d2egcvq7li5bpq.cloudfront.net/es/images/restaurants/71725.gif,https://www.just-eat.es/area/03550-santjoand'alacant/?nojs=true,CC-MAIN-2023-23
2023-06-,Santjoand'Alacant,Tokyo,Just Eat,,,,,,,,,,,False,False,,,https://www.just-eat.es/restaurants-tokyo-alicante-alacant/menu,https://d2egcvq7li5bpq.cloudfront.net/es/images/restaurants/31889.gif,https://www.just-eat.es/area/03550-santjoand'alacant/?nojs=true,CC-MAIN-2023-23
2023-06-,Santjoand'Alacant,American Burger Vistahermosa,Just Eat,,,,,,,,,,,False,False,,,https://www.just-eat.es/restaurants-american-burger-vistahermosa-03015/menu,https://d2egcvq7li5bpq.cloudfront.net/es/images/restaurants/75387.gif,https://www.just-eat.es/area/03550-santjoand'alacant/?nojs=true,CC-MAIN-2023-23
2023-06-,Santjoand'Alacant,Restaurante Kebab Pizzeria Mutxamel,Just Eat,,,,,,,,,,,False,False,,,https://www.just-eat.es/restaurants-restaurante-kebab-pizzeria-mutxamel-mutxamel/menu,https://d2egcvq7li5bpq.cloudfront.net/es/images/restaurants/40797.gif,https://www.just-eat.es/area/03550-santjoand'alacant/?nojs=true,CC-MAIN-2023-23
2023-06-,Vitoriagasteiz,Toque De Marrakech,Just Eat,,,,,,,,,,,False,False,,,https://www.just-eat.es/restaurants-toque-de-marrakech-vitoria-gasteiz/menu,https://d2egcvq7li5bpq.cloudfront.net/es/images/restaurants/75034.gif,https://www.just-eat.es/area/01010-vitoriagasteiz,CC-MAIN-2023-23
2023-06-,Vitoriagasteiz,Tardes Caleñas,Just Eat,,,,,,,,,,,False,False,,,https://www.just-eat.es/restaurants-tardes-calenas-vitoria-gasteiz-01012/menu,https://d2egcvq7li5bpq.cloudfront.net/es/images/restaurants/73498.gif,https://www.just-eat.es/area/01010-vitoriagasteiz,CC-MAIN-2023-23
2023-06-,Vitoriagasteiz,Panadera Bertiz,Just Eat,,,,,,,,,,,False,False,,,https://www.just-eat.es/restaurants-panadera-bertiz-vitoria-gasteiz/menu,https://d2egcvq7li5bpq.cloudfront.net/es/images/restaurants/65082.gif,https://www.just-eat.es/area/01010-vitoriagasteiz,CC-MAIN-2023-23
2023-06-,Vitoriagasteiz,Gure Txoko Taberna,Just Eat,,,,,,,,,,,False,False,,,https://www.just-eat.es/restaurants-gure-txoko-taberna-vitoria-gasteiz/menu,https://d2egcvq7li5bpq.cloudfront.net/es/images/restaurants/61164.gif,https://www.just-eat.es/area/01010-vitoriagasteiz,CC-MAIN-2023-23
2023-06-,Vitoriagasteiz,Pantikosa,Just Eat,,,,,,,,,,,False,False,,,https://www.just-eat.es/restaurants-pantikosa-vitoria-gasteiz-01004/menu,https://d2egcvq7li5bpq.cloudfront.net/es/images/restaurants/71294.gif,https://www.just-eat.es/area/01010-vitoriagasteiz,CC-MAIN-2023-23
2023-06-,Vitoriagasteiz,Burger King VIT CC Boulevard,Just Eat,,,,,,,,,,,False,False,,,https://www.just-eat.es/restaurants-burger-king-vit-cc-boulevard-vitoria-gasteiz/menu,https://d2egcvq7li5bpq.cloudfront.net/es/images/restaurants/39478.gif,https://www.just-eat.es/area/01010-vitoriagasteiz,CC-MAIN-2023-23
2023-06-,Vitoriagasteiz,KFC Vitoria,Just Eat,,,,,,,,,,,False,False,,,https://www.just-eat.es/restaurants-kfc-vitoria-vitoria-gasteiz/menu,https://d2egcvq7li5bpq.cloudfront.net/es/images/restaurants/30286.gif,https://www.just-eat.es/area/01010-vitoriagasteiz,CC-MAIN-2023-23
2023-06-,Vitoriagasteiz,Grosso Napoletano San Prudencio,Just Eat,,,,,,,,,,,False,False,,,https://www.just-eat.es/restaurants-grosso-napoletano-san-prudencio-01005/menu,https://d2egcvq7li5bpq.cloudfront.net/es/images/restaurants/74731.gif,https://www.just-eat.es/area/01010-vitoriagasteiz,CC-MAIN-2023-23
2023-06-,Vitoriagasteiz,UDON Vitoria,Just Eat,,,,,,,,,,,False,False,,,https://www.just-eat.es/restaurants-udon-vitoria-vitoria-gasteiz/menu,https://d2egcvq7li5bpq.cloudfront.net/es/images/restaurants/70757.gif,https://www.just-eat.es/area/01010-vitoriagasteiz,CC-MAIN-2023-23
2023-06-,Vitoriagasteiz,Domino's Pizza Av Gasteiz,Just Eat,,,,,,,,,,,False,False,,,https://www.just-eat.es/restaurants-dominos-pizza-av-gasteiz-01008/menu,https://d2egcvq7li5bpq.cloudfront.net/es/images/restaurants/66462.gif,https://www.just-eat.es/area/01010-vitoriagasteiz,CC-MAIN-2023-23
2023-06-,Vitoriagasteiz,El Horno,Just Eat,,,,,,,,,,,False,False,,,https://www.just-eat.es/restaurants-elhorno/menu,https://d2egcvq7li5bpq.cloudfront.net/es/images/restaurants/3314.gif,https://www.just-eat.es/area/01010-vitoriagasteiz,CC-MAIN-2023-23
2023-06-,Vitoriagasteiz,Fulitu,Just Eat,,,,,,,,,,,False,False,,,https://www.just-eat.es/restaurants-fulitu2/menu,https://d2egcvq7li5bpq.cloudfront.net/es/images/restaurants/2845.gif,https://www.just-eat.es/area/01010-vitoriagasteiz,CC-MAIN-2023-23
2023-06-,Vitoriagasteiz,Rio de Oro 1,Just Eat,,,,,,,,,,,False,False,,,https://www.just-eat.es/restaurants-riodeoro1/menu,https://d2egcvq7li5bpq.cloudfront.net/es/images/restaurants/2732.gif,https://www.just-eat.es/area/01010-vitoriagasteiz,CC-MAIN-2023-23
2023-06-,Vitoriagasteiz,Sushi House & Taiwan Bubble Tea,Just Eat,,,,,,,,,,,False,False,,,https://www.just-eat.es/restaurants-sushi-house-and-taiwan-bubble-tea-vitoria-gasteiz/menu,https://d2egcvq7li5bpq.cloudfront.net/es/images/restaurants/40769.gif,https://www.just-eat.es/area/01010-vitoriagasteiz,CC-MAIN-2023-23
2023-06-,Vitoriagasteiz,Pizzería Totó Vitoria,Just Eat,,,,,,,,,,,False,False,,,https://www.just-eat.es/restaurants-pizzeriatotovitoria/menu,https://d2egcvq7li5bpq.cloudfront.net/es/images/restaurants/15220.gif,https://www.just-eat.es/area/01010-vitoriagasteiz,CC-MAIN-2023-23
2023-06-,Vitoriagasteiz,Restaurante Chino Lakua,Just Eat,,,,,,,,,,,False,False,,,https://www.just-eat.es/restaurants-restaurantechinolakua/menu,https://d2egcvq7li5bpq.cloudfront.net/es/images/restaurants/9025.gif,https://www.just-eat.es/area/01010-vitoriagasteiz,CC-MAIN-2023-23
2023-06-,Vitoriagasteiz,Lal Ali Kebab C.C.Lakua,Just Eat,,,,,,,,,,,False,False,,,https://www.just-eat.es/restaurants-lalalikebabvitoria/menu,https://d2egcvq7li5bpq.cloudfront.net/es/images/restaurants/24156.gif,https://www.just-eat.es/area/01010-vitoriagasteiz,CC-MAIN-2023-23
2023-06-,Vitoriagasteiz,Pollito Burger,Just Eat,,,,,,,,,,,False,False,,,https://www.just-eat.es/restaurants-pollito-burger-gasteiz/menu,https://d2egcvq7li5bpq.cloudfront.net/es/images/restaurants/79248.gif,https://www.just-eat.es/area/01010-vitoriagasteiz,CC-MAIN-2023-23
2023-06-,Vitoriagasteiz,Kebab Nieves Cano,Just Eat,,,,,,,,,,,False,False,,,https://www.just-eat.es/restaurants-kebabnievescano/menu,https://d2egcvq7li5bpq.cloudfront.net/es/images/restaurants/3222.gif,https://www.just-eat.es/area/01010-vitoriagasteiz,CC-MAIN-2023-23
2023-05-,Vitoriagasteiz,Burger King Iruraiz Deuna,Just Eat,,,,,,,,,,,False,False,,,https://www.just-eat.es/restaurants-burger-king-iruraiz-deuna-vitoria-gasteiz/menu,https://d2egcvq7li5bpq.cloudfront.net/es/images/restaurants/29836.gif,https://www.just-eat.es/area/01015-vitoriagasteiz,CC-MAIN-2023-23
2023-05-,Vitoriagasteiz,Casa del Sabor 2,Just Eat,,,,,,,,,,,False,False,,,https://www.just-eat.es/restaurants-casa-del-sabor-2-vitoria-gasteiz/menu,https://d2egcvq7li5bpq.cloudfront.net/es/images/restaurants/48625.gif,https://www.just-eat.es/area/01015-vitoriagasteiz,CC-MAIN-2023-23
2023-05-,Vitoriagasteiz,Restaurante Pattaya,Just Eat,,,,,,,,,,,False,False,,,https://www.just-eat.es/restaurants-restaurante-pattaya-gasteiz/menu,https://d2egcvq7li5bpq.cloudfront.net/es/images/restaurants/78006.gif,https://www.just-eat.es/area/01015-vitoriagasteiz,CC-MAIN-2023-23
2023-05-,Vitoriagasteiz,Restaurante Chino Hong Kong,Just Eat,,,,,,,,,,,False,False,,,https://www.just-eat.es/restaurants-restaurantechinohongkongvitoriagasteiz/menu,https://d2egcvq7li5bpq.cloudfront.net/es/images/restaurants/12351.gif,https://www.just-eat.es/area/01015-vitoriagasteiz,CC-MAIN-2023-23
2023-05-,Vitoriagasteiz,El Horno,Just Eat,,,,,,,,,,,False,False,,,https://www.just-eat.es/restaurants-elhorno/menu,https://d2egcvq7li5bpq.cloudfront.net/es/images/restaurants/3314.gif,https://www.just-eat.es/area/01015-vitoriagasteiz,CC-MAIN-2023-23
2023-05-,Vitoriagasteiz,Galp Vitoria Armentia,Just Eat,,,,,,,,,,,False,False,,,https://www.just-eat.es/restaurants-galp-vitoria-armentia-vitoria-gasteiz/menu,https://d2egcvq7li5bpq.cloudfront.net/es/images/restaurants/76446.gif,https://www.just-eat.es/area/01015-vitoriagasteiz,CC-MAIN-2023-23
2023-05-,Vitoriagasteiz,Rio de Oro 1,Just Eat,,,,,,,,,,,False,False,,,https://www.just-eat.es/restaurants-riodeoro1/menu,https://d2egcvq7li5bpq.cloudfront.net/es/images/restaurants/2732.gif,https://www.just-eat.es/area/01015-vitoriagasteiz,CC-MAIN-2023-23
2023-05-,Vitoriagasteiz,Fulitu,Just Eat,,,,,,,,,,,False,False,,,https://www.just-eat.es/restaurants-fulitu2/menu,https://d2egcvq7li5bpq.cloudfront.net/es/images/restaurants/2845.gif,https://www.just-eat.es/area/01015-vitoriagasteiz,CC-MAIN-2023-23
2023-05-,Vitoriagasteiz,Pizzería Savastano,Just Eat,,,,,,,,,,,False,False,,,https://www.just-eat.es/restaurants-pizzeriasavastanovitoriagasteiz/menu,https://d2egcvq7li5bpq.cloudfront.net/es/images/restaurants/27595.gif,https://www.just-eat.es/area/01015-vitoriagasteiz,CC-MAIN-2023-23
2023-05-,Vitoriagasteiz,Deep Blue,Just Eat,,,,,,,,,,,False,False,,,https://www.just-eat.es/restaurants-deep-blue-vitoria-gasteiz/menu,https://d2egcvq7li5bpq.cloudfront.net/es/images/restaurants/77594.gif,https://www.just-eat.es/area/01015-vitoriagasteiz,CC-MAIN-2023-23
2023-05-,Vitoriagasteiz,McDonald's Vitoria Armentia,Just Eat,,,,,,,,,,,False,False,,,https://www.just-eat.es/restaurants-mcdonalds-vitoria-armetia-vitoria-gasteiz/menu,https://d2egcvq7li5bpq.cloudfront.net/es/images/restaurants/38348.gif,https://www.just-eat.es/area/01015-vitoriagasteiz,CC-MAIN-2023-23
2023-05-,Vitoriagasteiz,Hamburguesería Mamay,Just Eat,,,,,,,,,,,False,False,,,https://www.just-eat.es/restaurants-hamburgueseriamamayvitoria/menu,https://d2egcvq7li5bpq.cloudfront.net/es/images/restaurants/10680.gif,https://www.just-eat.es/area/01015-vitoriagasteiz,CC-MAIN-2023-23
2023-05-,Vitoriagasteiz,Sushi House & Taiwan Bubble Tea,Just Eat,,,,,,,,,,,False,False,,,https://www.just-eat.es/restaurants-sushi-house-and-taiwan-bubble-tea-vitoria-gasteiz/menu,https://d2egcvq7li5bpq.cloudfront.net/es/images/restaurants/40769.gif,https://www.just-eat.es/area/01015-vitoriagasteiz,CC-MAIN-2023-23
2023-05-,Vitoria Gasteiz,Pizza World,Just Eat,,,,,,,,,,,False,False,,,https://www.just-eat.es/restaurants-pizza-world-vitoria-gasteiz/menu,https://d2egcvq7li5bpq.cloudfront.net/es/images/restaurants/45971.gif,https://www.just-eat.es/area/01015-vitoria-gasteiz,CC-MAIN-2023-23
2023-05-,Vitoria Gasteiz,Burger King Iruraiz Deuna,Just Eat,,,,,,,,,,,False,False,,,https://www.just-eat.es/restaurants-burger-king-iruraiz-deuna-vitoria-gasteiz/menu,https://d2egcvq7li5bpq.cloudfront.net/es/images/restaurants/29836.gif,https://www.just-eat.es/area/01015-vitoria-gasteiz,CC-MAIN-2023-23
2023-05-,Vitoria Gasteiz,TGB - The Good Burger Vitoria,Just Eat,,,,,,,,,,,False,False,,,https://www.just-eat.es/restaurants-tgb-the-good-burger-vitoria-vitoria-gasteiz/menu,https://d2egcvq7li5bpq.cloudfront.net/es/images/restaurants/32867.gif,https://www.just-eat.es/area/01015-vitoria-gasteiz,CC-MAIN-2023-23
2023-05-,Vitoria Gasteiz,Telepizza Zabalgana,Just Eat,,,,,,,,,,,False,False,,,https://www.just-eat.es/restaurants-telepizzazabalgana-vitoria-gasteiz/menu,https://d2egcvq7li5bpq.cloudfront.net/es/images/restaurants/69110.gif,https://www.just-eat.es/area/01015-vitoria-gasteiz,CC-MAIN-2023-23
2023-05-,Vitoria Gasteiz,Domino's Pizza Av Gasteiz,Just Eat,,,,,,,,,,,False,False,,,https://www.just-eat.es/restaurants-dominos-pizza-av-gasteiz-01008/menu,https://d2egcvq7li5bpq.cloudfront.net/es/images/restaurants/66462.gif,https://www.just-eat.es/area/01015-vitoria-gasteiz,CC-MAIN-2023-23
2023-05-,Vitoria Gasteiz,Casa del Sabor 2,Just Eat,,,,,,,,,,,False,False,,,https://www.just-eat.es/restaurants-casa-del-sabor-2-vitoria-gasteiz/menu,https://d2egcvq7li5bpq.cloudfront.net/es/images/restaurants/48625.gif,https://www.just-eat.es/area/01015-vitoria-gasteiz,CC-MAIN-2023-23
2023-05-,Vitoria Gasteiz,Kebab Nieves Cano,Just Eat,,,,,,,,,,,False,False,,,https://www.just-eat.es/restaurants-kebabnievescano/menu,https://d2egcvq7li5bpq.cloudfront.net/es/images/restaurants/3222.gif,https://www.just-eat.es/area/01015-vitoria-gasteiz,CC-MAIN-2023-23
2023-05-,Vitoria Gasteiz,El Horno,Just Eat,,,,,,,,,,,False,False,,,https://www.just-eat.es/restaurants-elhorno/menu,https://d2egcvq7li5bpq.cloudfront.net/es/images/restaurants/3314.gif,https://www.just-eat.es/area/01015-vitoria-gasteiz,CC-MAIN-2023-23
2023-05-,Vitoria Gasteiz,Bar Kebab Alaves,Just Eat,,,,,,,,,,,False,False,,,https://www.just-eat.es/restaurants-barkebabalaves/menu,https://d2egcvq7li5bpq.cloudfront.net/es/images/restaurants/12977.gif,https://www.just-eat.es/area/01015-vitoria-gasteiz,CC-MAIN-2023-23
2023-05-,Vitoria Gasteiz,Kebab Gasteiz,Just Eat,,,,,,,,,,,False,False,,,https://www.just-eat.es/restaurants-kebabgasteiz/menu,https://d2egcvq7li5bpq.cloudfront.net/es/images/restaurants/2709.gif,https://www.just-eat.es/area/01015-vitoria-gasteiz,CC-MAIN-2023-23
2023-05-,Vitoria Gasteiz,Deep Blue,Just Eat,,,,,,,,,,,False,False,,,https://www.just-eat.es/restaurants-deep-blue-vitoria-gasteiz/menu,https://d2egcvq7li5bpq.cloudfront.net/es/images/restaurants/77594.gif,https://www.just-eat.es/area/01015-vitoria-gasteiz,CC-MAIN-2023-23
2023-05-,Vitoria Gasteiz,McDonald's Vitoria Armentia,Just Eat,,,,,,,,,,,False,False,,,https://www.just-eat.es/restaurants-mcdonalds-vitoria-armetia-vitoria-gasteiz/menu,https://d2egcvq7li5bpq.cloudfront.net/es/images/restaurants/38348.gif,https://www.just-eat.es/area/01015-vitoria-gasteiz,CC-MAIN-2023-23
2023-05-,Vitoria Gasteiz,Silver Spoon,Just Eat,,,,,,,,,,,False,False,,,https://www.just-eat.es/restaurants-silverspoonvitoria/menu,https://d2egcvq7li5bpq.cloudfront.net/es/images/restaurants/24209.gif,https://www.just-eat.es/area/01015-vitoria-gasteiz,CC-MAIN-2023-23
2023-05-,Vitoria Gasteiz,Hamburguesería Mamay,Just Eat,,,,,,,,,,,False,False,,,https://www.just-eat.es/restaurants-hamburgueseriamamayvitoria/menu,https://d2egcvq7li5bpq.cloudfront.net/es/images/restaurants/10680.gif,https://www.just-eat.es/area/01015-vitoria-gasteiz,CC-MAIN-2023-23
2023-05-,Vitoria Gasteiz,Sushi House & Taiwan Bubble Tea,Just Eat,,,,,,,,,,,False,False,,,https://www.just-eat.es/restaurants-sushi-house-and-taiwan-bubble-tea-vitoria-gasteiz/menu,https://d2egcvq7li5bpq.cloudfront.net/es/images/restaurants/40769.gif,https://www.just-eat.es/area/01015-vitoria-gasteiz,CC-MAIN-2023-23
2023-05-,Vitoria Gasteiz,Lal Ali Zabalgana,Just Eat,,,,,,,,,,,False,False,,,https://www.just-eat.es/restaurants-lalalizabalganavitoria/menu,https://d2egcvq7li5bpq.cloudfront.net/es/images/restaurants/10139.gif,https://www.just-eat.es/area/01015-vitoria-gasteiz,CC-MAIN-2023-23
2023-05-,Vitoria Gasteiz,Lal Ali Doner Kebab Pintor,Just Eat,,,,,,,,,,,False,False,,,https://www.just-eat.es/restaurants-lalalidonerkebabpintor/menu,https://d2egcvq7li5bpq.cloudfront.net/es/images/restaurants/17044.gif,https://www.just-eat.es/area/01015-vitoria-gasteiz,CC-MAIN-2023-23
2023-05-,Vitoria Gasteiz,Foster's Hollywood Sancho el Sabio Vitoria,Just Eat,,,,,,,,,,,False,False,,,https://www.just-eat.es/restaurants-fosters-hollywood-vitoria-gasteiz/menu,https://d2egcvq7li5bpq.cloudfront.net/es/images/restaurants/42592.gif,https://www.just-eat.es/area/01015-vitoria-gasteiz,CC-MAIN-2023-23
2023-05-,Vitoria Gasteiz,llaollao Vitoria El Boulevard,Just Eat,,,,,,,,,,,False,False,,,https://www.just-eat.es/restaurants-llaollao-vitoria-el-boulevard-vitoria-gasteiz/menu,https://d2egcvq7li5bpq.cloudfront.net/es/images/restaurants/51711.gif,https://www.just-eat.es/area/01015-vitoria-gasteiz,CC-MAIN-2023-23
2023-05-,Vitoria Gasteiz,Funky Poke,Just Eat,,,,,,,,,,,False,False,,,https://www.just-eat.es/restaurants-funky-poke-vitoria-gasteiz/menu,https://d2egcvq7li5bpq.cloudfront.net/es/images/restaurants/74148.gif,https://www.just-eat.es/area/01015-vitoria-gasteiz,CC-MAIN-2023-23
2023-06-,Vitoriagasteiz,Los Desayunos y Meriendas de la Abuela,Just Eat,,,,,,,,,,,False,False,,,https://www.just-eat.es/restaurants-los-desayunos-y-meriendas-de-la-abuela-01003/menu,https://d2egcvq7li5bpq.cloudfront.net/es/images/restaurants/65037.gif,https://www.just-eat.es/area/01003-vitoriagasteiz,CC-MAIN-2023-23
2023-06-,Vitoriagasteiz,Goiko Gasteiz,Just Eat,,,,,,,,,,,False,False,,,https://www.just-eat.es/restaurants-goiko-vitoria-gasteiz/menu,https://d2egcvq7li5bpq.cloudfront.net/es/images/restaurants/41200.gif,https://www.just-eat.es/area/01003-vitoriagasteiz,CC-MAIN-2023-23
2023-06-,Vitoriagasteiz,Domino's Pizza Vitoria 2,Just Eat,,,,,,,,,,,False,False,,,https://www.just-eat.es/restaurants-dominos-pizza-vitoria-2-vitoria-gasteiz/menu,https://d2egcvq7li5bpq.cloudfront.net/es/images/restaurants/66465.gif,https://www.just-eat.es/area/01003-vitoriagasteiz,CC-MAIN-2023-23
2023-06-,Vitoriagasteiz,Pizzería Savastano,Just Eat,,,,,,,,,,,False,False,,,https://www.just-eat.es/restaurants-pizzeriasavastanovitoriagasteiz/menu,https://d2egcvq7li5bpq.cloudfront.net/es/images/restaurants/27595.gif,https://www.just-eat.es/area/01003-vitoriagasteiz,CC-MAIN-2023-23
2023-06-,Vitoriagasteiz,Tokyo Sushi Vitoria,Just Eat,,,,,,,,,,,False,False,,,https://www.just-eat.es/restaurants-tokyo-sushi-vitoria-vitoria-gasteiz/menu,https://d2egcvq7li5bpq.cloudfront.net/es/images/restaurants/30319.gif,https://www.just-eat.es/area/01003-vitoriagasteiz,CC-MAIN-2023-23
2023-06-,Vitoriagasteiz,Restaurante Más y Más,Just Eat,,,,,,,,,,,False,False,,,https://www.just-eat.es/restaurants-restaurantemasymasvitoria/menu,https://d2egcvq7li5bpq.cloudfront.net/es/images/restaurants/17818.gif,https://www.just-eat.es/area/01003-vitoriagasteiz,CC-MAIN-2023-23
2023-06-,Vitoriagasteiz,Bar Kebab Alaves,Just Eat,,,,,,,,,,,False,False,,,https://www.just-eat.es/restaurants-barkebabalaves/menu,https://d2egcvq7li5bpq.cloudfront.net/es/images/restaurants/12977.gif,https://www.just-eat.es/area/01003-vitoriagasteiz,CC-MAIN-2023-23
2023-06-,Santjoand'Alacant,Metoo Sushi Alicante New,Just Eat,,,,,,,,,,,False,False,,,https://www.just-eat.es/restaurants-metoo-sushi-alicante-new-03015/menu,https://d2egcvq7li5bpq.cloudfront.net/es/images/restaurants/62549.gif,https://www.just-eat.es/area/03550-santjoand'alacant/china,CC-MAIN-2023-23
2023-06-,Villena,Burger King Villena,Just Eat,,,,,,,,,,,False,False,,,https://www.just-eat.es/restaurants-burger-king-villena-villena/menu,https://d2egcvq7li5bpq.cloudfront.net/es/images/restaurants/76243.gif,https://www.just-eat.es/area/03409-villena,CC-MAIN-2023-23
2023-06-,Villena,Domino's Pizza Villena,Just Eat,,,,,,,,,,,False,False,,,https://www.just-eat.es/restaurants-dominos-pizza-villena-villena/menu,https://d2egcvq7li5bpq.cloudfront.net/es/images/restaurants/68630.gif,https://www.just-eat.es/area/03409-villena,CC-MAIN-2023-23
2023-06-,Villena,Kami Doner Kebab,Just Eat,,,,,,,,,,,False,False,,,https://www.just-eat.es/restaurants-kami-doner-kebab-villena/menu,https://d2egcvq7li5bpq.cloudfront.net/es/images/restaurants/65058.gif,https://www.just-eat.es/area/03409-villena,CC-MAIN-2023-23
2023-06-,Villena,Mian Kebab Pizzería,Just Eat,,,,,,,,,,,False,False,,,https://www.just-eat.es/restaurants-mian-kebab-sax/menu,https://d2egcvq7li5bpq.cloudfront.net/es/images/restaurants/69321.gif,https://www.just-eat.es/area/03409-villena,CC-MAIN-2023-23
2023-06-,Villena,Pizzería El Tesoro,Just Eat,,,,,,,,,,,False,False,,,https://www.just-eat.es/restaurants-pizzeriaeltesoroalicante/menu,https://d2egcvq7li5bpq.cloudfront.net/es/images/restaurants/13687.gif,https://www.just-eat.es/area/03409-villena,CC-MAIN-2023-23
2023-06-,Villena,La Tasca Kebab Pizzería,Just Eat,,,,,,,,,,,False,False,,,https://www.just-eat.es/restaurants-latascakebabpizeriavillena/menu,https://d2egcvq7li5bpq.cloudfront.net/es/images/restaurants/26288.gif,https://www.just-eat.es/area/03409-villena,CC-MAIN-2023-23
2023-06-,Villena,Münich Beer Bar,Just Eat,,,,,,,,,,,False,False,,,https://www.just-eat.es/restaurants-munich-beer-bar-villena/menu,https://d2egcvq7li5bpq.cloudfront.net/es/images/restaurants/68675.gif,https://www.just-eat.es/area/03409-villena,CC-MAIN-2023-23
2023-06-,Villena,Street Burguer,Just Eat,,,,,,,,,,,False,False,,,https://www.just-eat.es/restaurants-street-burguer-villena/menu,https://d2egcvq7li5bpq.cloudfront.net/es/images/restaurants/69299.gif,https://www.just-eat.es/area/03409-villena,CC-MAIN-2023-23
2023-06-,Sanfulgencio,Sadan Pizza Kebab,Just Eat,,,,,,,,,,,False,False,,,https://www.just-eat.es/restaurants-sadan-pizza-kebab-formentera-del-segura/menu,https://d2egcvq7li5bpq.cloudfront.net/es/images/restaurants/28144.gif,https://www.just-eat.es/area/03177-sanfulgencio,CC-MAIN-2023-23
2023-06-,Sanfulgencio,Telepizza Guardamar Del Segura,Just Eat,,,,,,,,,,,False,False,,,https://www.just-eat.es/restaurants-telepizza-guardamar-guardamar-del-segura/menu,https://d2egcvq7li5bpq.cloudfront.net/es/images/restaurants/37644.gif,https://www.just-eat.es/area/03177-sanfulgencio,CC-MAIN-2023-23
2023-06-,Sanfulgencio,Gran China,Just Eat,,,,,,,,,,,False,False,,,https://www.just-eat.es/restaurants-gran-china-san-fulgencio/menu,https://d2egcvq7li5bpq.cloudfront.net/es/images/restaurants/50398.gif,https://www.just-eat.es/area/03177-sanfulgencio,CC-MAIN-2023-23
2023-06-,Sanfulgencio,Burger King San Fulgencio,Just Eat,,,,,,,,,,,False,False,,,https://www.just-eat.es/restaurants-burger-king-san-fulgencio-san-fulgencio/menu,https://d2egcvq7li5bpq.cloudfront.net/es/images/restaurants/58122.gif,https://www.just-eat.es/area/03177-sanfulgencio,CC-MAIN-2023-23
2023-06-,Sanfulgencio,Telepizza Almoradí,Just Eat,,,,,,,,,,,False,False,,,https://www.just-eat.es/restaurants-telepizza-almoradi-almoradi/menu,https://d2egcvq7li5bpq.cloudfront.net/es/images/restaurants/53101.gif,https://www.just-eat.es/area/03177-sanfulgencio,CC-MAIN-2023-23
2023-06-,Sanfulgencio,Maritao Kitchen,Just Eat,,,,,,,,,,,False,False,,,https://www.just-eat.es/restaurants-maritao-kitchen-rojales/menu,https://d2egcvq7li5bpq.cloudfront.net/es/images/restaurants/60776.gif,https://www.just-eat.es/area/03177-sanfulgencio,CC-MAIN-2023-23
2023-06-,Sanfulgencio,Pizzería Kebab Dolores,Just Eat,,,,,,,,,,,False,False,,,https://www.just-eat.es/restaurants-pizzeria-kebab-dolores-dolores/menu,https://d2egcvq7li5bpq.cloudfront.net/es/images/restaurants/55159.gif,https://www.just-eat.es/area/03177-sanfulgencio,CC-MAIN-2023-23
2023-06-,Sanfulgencio,Chester Rock & Grill,Just Eat,,,,,,,,,,,False,False,,,https://www.just-eat.es/restaurants-chester-rock-and-grill-san-fulgencio/menu,https://d2egcvq7li5bpq.cloudfront.net/es/images/restaurants/34810.gif,https://www.just-eat.es/area/03177-sanfulgencio,CC-MAIN-2023-23
2023-05-,Vitoriagasteiz,Telepizza Salburua,Just Eat,,,,,,,,,,,False,False,,,https://www.just-eat.es/restaurants-telepizzasalburua-vitoria-gasteiz/menu,https://d2egcvq7li5bpq.cloudfront.net/es/images/restaurants/69134.gif,https://www.just-eat.es/area/01013-vitoriagasteiz,CC-MAIN-2023-23
2023-05-,Vitoriagasteiz,Lal Ali,Just Eat,,,,,,,,,,,False,False,,,https://www.just-eat.es/restaurants-lalalilakuavitoria/menu,https://d2egcvq7li5bpq.cloudfront.net/es/images/restaurants/10450.gif,https://www.just-eat.es/area/01013-vitoriagasteiz,CC-MAIN-2023-23
2023-06-,Albacete,Telepizza La Roda,Just Eat,,,,,,,,,,,False,False,,,https://www.just-eat.es/restaurants-telepizza-la-roda-roda-la/menu,https://d2egcvq7li5bpq.cloudfront.net/es/images/restaurants/35366.gif,https://www.just-eat.es/area/02630-albacete,CC-MAIN-2023-23
2023-05-,Castalla,La Cocina Fantasma,Just Eat,,,,,,,,,,,False,False,,,https://www.just-eat.es/restaurants-la-cocina-fantasma-ibi/menu,https://d2egcvq7li5bpq.cloudfront.net/es/images/restaurants/74538.gif,https://www.just-eat.es/area/03420-castalla,CC-MAIN-2023-23
2023-05-,Castalla,Mian Kebab Pizzería,Just Eat,,,,,,,,,,,False,False,,,https://www.just-eat.es/restaurants-mian-kebab-pizzeria-castalla/menu,https://d2egcvq7li5bpq.cloudfront.net/es/images/restaurants/68872.gif,https://www.just-eat.es/area/03420-castalla,CC-MAIN-2023-23
2023-05-,Castalla,Pizzería La Colometa,Just Eat,,,,,,,,,,,False,False,,,https://www.just-eat.es/restaurants-pizzeria-la-colometa-castalla/menu,https://d2egcvq7li5bpq.cloudfront.net/es/images/restaurants/75880.gif,https://www.just-eat.es/area/03420-castalla,CC-MAIN-2023-23
2023-06-,Santjoand'Alacant,Da Nonna Nina La Auténtica Pizza,Just Eat,,,,,,,,,,,False,False,,,https://www.just-eat.es/restaurants-danonnaninaalicante/menu,https://d2egcvq7li5bpq.cloudfront.net/es/images/restaurants/9284.gif,https://www.just-eat.es/area/03550-santjoand'alacant/italiana,CC-MAIN-2023-23
2023-06-,Santjoand'Alacant,"La Ricetta, Il Nonno Ristopizza & Bar",Just Eat,,,,,,,,,,,False,False,,,https://www.just-eat.es/restaurants-la-ricetta-il-nonno-ristopizza-and-bar-alacant/menu,https://d2egcvq7li5bpq.cloudfront.net/es/images/restaurants/31638.gif,https://www.just-eat.es/area/03550-santjoand'alacant/italiana,CC-MAIN-2023-23
2023-06-,Santjoand'Alacant,Locanda Pau,Just Eat,,,,,,,,,,,False,False,,,https://www.just-eat.es/restaurants-locanda-pau-alicante-alacant/menu,https://d2egcvq7li5bpq.cloudfront.net/es/images/restaurants/62286.gif,https://www.just-eat.es/area/03550-santjoand'alacant/italiana,CC-MAIN-2023-23
2023-06-,Santjoand'Alacant,Wood Pecker,Just Eat,,,,,,,,,,,False,False,,,https://www.just-eat.es/restaurants-wood-pecker-alicante-alacant/menu,https://d2egcvq7li5bpq.cloudfront.net/es/images/restaurants/31805.gif,https://www.just-eat.es/area/03550-santjoand'alacant/italiana,CC-MAIN-2023-23
2023-06-,Santjoand'Alacant,Il Fornello,Just Eat,,,,,,,,,,,False,False,,,https://www.just-eat.es/restaurants-il-fornello-alicante-alacant-03540/menu,https://d2egcvq7li5bpq.cloudfront.net/es/images/restaurants/68668.gif,https://www.just-eat.es/area/03550-santjoand'alacant/italiana,CC-MAIN-2023-23
2023-06-,Santjoand'Alacant,Doña Luna,Just Eat,,,,,,,,,,,False,False,,,https://www.just-eat.es/restaurants-dona-luna-alicante-alacant/menu,https://d2egcvq7li5bpq.cloudfront.net/es/images/restaurants/63281.gif,https://www.just-eat.es/area/03550-santjoand'alacant/italiana,CC-MAIN-2023-23
2023-06-,Santjoand'Alacant,Telepizza - San Juan Pueblo,Just Eat,,,,,,,,,,,False,False,,,https://www.just-eat.es/restaurants-telepizza-san-juan-pueblo-sant-joan-dalacant/menu,https://d2egcvq7li5bpq.cloudfront.net/es/images/restaurants/38887.gif,https://www.just-eat.es/area/03550-santjoand'alacant/italiana,CC-MAIN-2023-23
2023-06-,Santjoand'Alacant,Telepizza El Campello,Just Eat,,,,,,,,,,,False,False,,,https://www.just-eat.es/restaurants-telepizzaelcampello/menu,https://d2egcvq7li5bpq.cloudfront.net/es/images/restaurants/27495.gif,https://www.just-eat.es/area/03550-santjoand'alacant/italiana,CC-MAIN-2023-23
2023-06-,Santjoand'Alacant,Pizzería La Espiga,Just Eat,,,,,,,,,,,False,False,,,https://www.just-eat.es/restaurants-pizzeria-la-espiga-campello-el/menu,https://d2egcvq7li5bpq.cloudfront.net/es/images/restaurants/50890.gif,https://www.just-eat.es/area/03550-santjoand'alacant/italiana,CC-MAIN-2023-23
2023-06-,Santjoand'Alacant,Milanesa Street San Juan,Just Eat,,,,,,,,,,,False,False,,,https://www.just-eat.es/restaurants-milanesa-street-san-juan-alacant/menu,https://d2egcvq7li5bpq.cloudfront.net/es/images/restaurants/65499.gif,https://www.just-eat.es/area/03550-santjoand'alacant/italiana,CC-MAIN-2023-23
2023-06-,Alicante,Kebab Rey,Just Eat,,,,,,,,,,,False,False,,,https://www.just-eat.es/restaurants-kebabrey_1/menu,https://d2egcvq7li5bpq.cloudfront.net/es/images/restaurants/2025.gif,https://www.just-eat.es/area/03010-alicante,CC-MAIN-2023-23
2023-06-,Alicante,Taco Bell San Vicente,Just Eat,,,,,,,,,,,False,False,,,https://www.just-eat.es/restaurants-taco-bell-san-vicente-raspeigg/menu,https://d2egcvq7li5bpq.cloudfront.net/es/images/restaurants/39196.gif,https://www.just-eat.es/area/03010-alicante,CC-MAIN-2023-23
2023-06-,Alicante,ABC Gran Mundo,Just Eat,,,,,,,,,,,False,False,,,https://www.just-eat.es/restaurants-restaurantechinogranmundoalicante/menu,https://d2egcvq7li5bpq.cloudfront.net/es/images/restaurants/25225.gif,https://www.just-eat.es/area/03010-alicante,CC-MAIN-2023-23
2023-06-,Alicante,Beijing Fusión,Just Eat,,,,,,,,,,,False,False,,,https://www.just-eat.es/restaurants-beijing-fusion-alicante-alacant/menu,https://d2egcvq7li5bpq.cloudfront.net/es/images/restaurants/78144.gif,https://www.just-eat.es/area/03010-alicante,CC-MAIN-2023-23
2023-06-,Alicante,Pizzeria Ristorante Bella Napoli,Just Eat,,,,,,,,,,,False,False,,,https://www.just-eat.es/restaurants-bellanapoli-alicante/menu,https://d2egcvq7li5bpq.cloudfront.net/es/images/restaurants/2356.gif,https://www.just-eat.es/area/03010-alicante,CC-MAIN-2023-23
2023-06-,Alicante,Kome Kasa,Just Eat,,,,,,,,,,,False,False,,,https://www.just-eat.es/restaurants-kome-kasa-alicantealacant/menu,https://d2egcvq7li5bpq.cloudfront.net/es/images/restaurants/75984.gif,https://www.just-eat.es/area/03010-alicante,CC-MAIN-2023-23
2023-05-,Santjoand'Alacant,Big Twins San Juan,Just Eat,,,,,,,,,,,False,False,,,https://www.just-eat.es/restaurants-big-twins-san-juan-alacant/menu,https://d2egcvq7li5bpq.cloudfront.net/es/images/restaurants/50931.gif,https://www.just-eat.es/area/03550-santjoand'alacant/alta-cocina,CC-MAIN-2023-23
2023-05-,Santjoand'Alacant,Pizza Lab,Just Eat,,,,,,,,,,,False,False,,,https://www.just-eat.es/restaurants-pizza-lab-alicantealacant/menu,https://d2egcvq7li5bpq.cloudfront.net/es/images/restaurants/48238.gif,https://www.just-eat.es/area/03550-santjoand'alacant/alta-cocina,CC-MAIN-2023-23
2023-05-,Santjoand'Alacant,Namaste India,Just Eat,,,,,,,,,,,False,False,,,https://www.just-eat.es/restaurants-namasteindia/menu,https://d2egcvq7li5bpq.cloudfront.net/es/images/restaurants/8122.gif,https://www.just-eat.es/area/03550-santjoand'alacant/alta-cocina,CC-MAIN-2023-23
2023-05-,Santjoand'Alacant,Taxco Tacos Callejeros,Just Eat,,,,,,,,,,,False,False,,,https://www.just-eat.es/restaurants-taxco-tacos-callejeros-alacant/menu,https://d2egcvq7li5bpq.cloudfront.net/es/images/restaurants/59475.gif,https://www.just-eat.es/area/03550-santjoand'alacant/alta-cocina,CC-MAIN-2023-23
2023-05-,Santjoand'Alacant,Cervecería Sento Albufera,Just Eat,,,,,,,,,,,False,False,,,https://www.just-eat.es/restaurants-cerveceria-sento-albufera-03016/menu,https://d2egcvq7li5bpq.cloudfront.net/es/images/restaurants/64454.gif,https://www.just-eat.es/area/03550-santjoand'alacant/alta-cocina,CC-MAIN-2023-23
2023-05-,Santjoand'Alacant,Kai Thai Rextaurant,Just Eat,,,,,,,,,,,False,False,,,https://www.just-eat.es/restaurants-kai-thai-rextaurant-alicante-alacant/menu,https://d2egcvq7li5bpq.cloudfront.net/es/images/restaurants/68458.gif,https://www.just-eat.es/area/03550-santjoand'alacant/alta-cocina,CC-MAIN-2023-23
2023-06-,Alicante,Antojos,Glovo,,,Dulces 34802,,4.95,92,,,,,False,False,,,https://glovoapp.com/es/es/alicante/antojos-alicante/,"https://res.cloudinary.com/glovoapp/image/fetch/f_svg,c_pad,q_auto:low,h_179,w_351,b_transparent/https://glovoapp.com/images/svg/bckg-pattern.svg",https://glovoapp.com/es/es/alicante/restaurantes_1/dulces_34802/?sortingId=2&sort=cerca-de-mi,CC-MAIN-2023-23
2023-06-,Alicante,Pinocchio Heladería Italiana,Glovo,,,Dulces 34802,,4.55,38,,,,,False,False,,,https://glovoapp.com/es/es/alicante/pinocchio-heladeria-italiana-alicante/,"https://res.cloudinary.com/glovoapp/image/fetch/f_svg,c_pad,q_auto:low,h_179,w_351,b_transparent/https://glovoapp.com/images/svg/bckg-pattern.svg",https://glovoapp.com/es/es/alicante/restaurantes_1/dulces_34802/?sortingId=2&sort=cerca-de-mi,CC-MAIN-2023-23
2023-06-,Alicante,Gmornin,Glovo,,,Dulces 34802,,5.0,58,,,,,False,False,,,https://glovoapp.com/es/es/alicante/gmornin-alicante/,"https://res.cloudinary.com/glovoapp/image/fetch/f_svg,c_pad,q_auto:low,h_179,w_351,b_transparent/https://glovoapp.com/images/svg/bckg-pattern.svg",https://glovoapp.com/es/es/alicante/restaurantes_1/dulces_34802/?sortingId=2&sort=cerca-de-mi,CC-MAIN-2023-23
2023-06-,Alicante,Dulce Cielito,Glovo,,,Dulces 34802,,4.65,14,,,,,False,False,,,https://glovoapp.com/es/es/alicante/dulce-cielito-alicante/,"https://res.cloudinary.com/glovoapp/image/fetch/f_svg,c_pad,q_auto:low,h_179,w_351,b_transparent/https://glovoapp.com/images/svg/bckg-pattern.svg",https://glovoapp.com/es/es/alicante/restaurantes_1/dulces_34802/?sortingId=2&sort=cerca-de-mi,CC-MAIN-2023-23
2023-06-,Alicante,Bombon Boss,Glovo,,,Dulces 34802,,4.7,87,,,,,False,False,,,https://glovoapp.com/es/es/alicante/bombon-boss-alicante/,"https://res.cloudinary.com/glovoapp/image/fetch/f_svg,c_pad,q_auto:low,h_179,w_351,b_transparent/https://glovoapp.com/images/svg/bckg-pattern.svg",https://glovoapp.com/es/es/alicante/restaurantes_1/dulces_34802/?sortingId=2&sort=cerca-de-mi,CC-MAIN-2023-23
2023-06-,Alicante,Monster Cookies,Glovo,,,Dulces 34802,,3.95,74,,,,,False,False,,,https://glovoapp.com/es/es/alicante/monster-cookies-alicante/,"https://res.cloudinary.com/glovoapp/image/fetch/f_svg,c_pad,q_auto:low,h_179,w_351,b_transparent/https://glovoapp.com/images/svg/bckg-pattern.svg",https://glovoapp.com/es/es/alicante/restaurantes_1/dulces_34802/?sortingId=2&sort=cerca-de-mi,CC-MAIN-2023-23
2023-06-,Alicante,Heladería Elbit,Glovo,,,Dulces 34802,,4.9,193,,,,,False,False,,,https://glovoapp.com/es/es/alicante/heladeria-elbit-alicante/,"https://res.cloudinary.com/glovoapp/image/fetch/f_svg,c_pad,q_auto:low,h_179,w_351,b_transparent/https://glovoapp.com/images/svg/bckg-pattern.svg",https://glovoapp.com/es/es/alicante/restaurantes_1/dulces_34802/?sortingId=2&sort=cerca-de-mi,CC-MAIN-2023-23
2023-06-,Alicante,Mish Mish,Glovo,,,Dulces 34802,,4.8,70,,,,,False,False,,,https://glovoapp.com/es/es/alicante/mish-mish/,"https://res.cloudinary.com/glovoapp/image/fetch/f_svg,c_pad,q_auto:low,h_179,w_351,b_transparent/https://glovoapp.com/images/svg/bckg-pattern.svg",https://glovoapp.com/es/es/alicante/restaurantes_1/dulces_34802/?sortingId=2&sort=cerca-de-mi,CC-MAIN-2023-23
2023-06-,Alicante,Sala Café,Glovo,,,Dulces 34802,,5.0,10,,,,,False,False,,,https://glovoapp.com/es/es/alicante/sala-cafe-alicante/,"https://res.cloudinary.com/glovoapp/image/fetch/f_svg,c_pad,q_auto:low,h_179,w_351,b_transparent/https://glovoapp.com/images/svg/bckg-pattern.svg",https://glovoapp.com/es/es/alicante/restaurantes_1/dulces_34802/?sortingId=2&sort=cerca-de-mi,CC-MAIN-2023-23
2023-06-,Alicante,Churrería San Blas,Glovo,,,Dulces 34802,,4.8,100,,,,,False,False,,,https://glovoapp.com/es/es/alicante/churreria-san-blas-alicante/,"https://res.cloudinary.com/glovoapp/image/fetch/f_svg,c_pad,q_auto:low,h_179,w_351,b_transparent/https://glovoapp.com/images/svg/bckg-pattern.svg",https://glovoapp.com/es/es/alicante/restaurantes_1/dulces_34802/?sortingId=2&sort=cerca-de-mi,CC-MAIN-2023-23
2023-06-,Alicante,El Patio de Picasso,Glovo,,,Dulces 34802,,4.95,10,,,,,False,False,,,https://glovoapp.com/es/es/alicante/el-patio-de-picasso-alicante/,"https://res.cloudinary.com/glovoapp/image/fetch/f_svg,c_pad,q_auto:low,h_179,w_351,b_transparent/https://glovoapp.com/images/svg/bckg-pattern.svg",https://glovoapp.com/es/es/alicante/restaurantes_1/dulces_34802/?sortingId=2&sort=cerca-de-mi,CC-MAIN-2023-23
2023-06-,Alicante,El Cookie,Glovo,,,Dulces 34802,,4.35,12,,,,,False,False,,,https://glovoapp.com/es/es/alicante/el-cookie-alicante/,"https://res.cloudinary.com/glovoapp/image/fetch/f_svg,c_pad,q_auto:low,h_179,w_351,b_transparent/https://glovoapp.com/images/svg/bckg-pattern.svg",https://glovoapp.com/es/es/alicante/restaurantes_1/dulces_34802/?sortingId=2&sort=cerca-de-mi,CC-MAIN-2023-23
2023-06-,Alicante,La Heladería,Glovo,,,Helado 34747,,5.0,71,,,,,False,False,,,https://glovoapp.com/es/es/alicante/heladeria-express-alc/,"https://res.cloudinary.com/glovoapp/image/fetch/f_svg,c_pad,q_auto:low,h_179,w_351,b_transparent/https://glovoapp.com/images/svg/bckg-pattern.svg",https://glovoapp.com/es/es/alicante/restaurantes_1/helado_34747/?sortingId=2&sort=cerca-de-mi,CC-MAIN-2023-23
2023-06-,Alicante,Ben & Jerry's y Magnum,Glovo,,,Helado 34747,,4.8,25,,,,,False,False,,,https://glovoapp.com/es/es/alicante/ben-and-jerrys-y-magnum-alicante/,"https://res.cloudinary.com/glovoapp/image/fetch/f_svg,c_pad,q_auto:low,h_179,w_351,b_transparent/https://glovoapp.com/images/svg/bckg-pattern.svg",https://glovoapp.com/es/es/alicante/restaurantes_1/helado_34747/?sortingId=2&sort=cerca-de-mi,CC-MAIN-2023-23
2023-06-,Alicante,Amorino Alicante,Glovo,,,Helado 34747,,5.0,32,,,,,False,False,,,https://glovoapp.com/es/es/alicante/amorino-alicante-alicante/,"https://res.cloudinary.com/glovoapp/image/fetch/f_svg,c_pad,q_auto:low,h_179,w_351,b_transparent/https://glovoapp.com/images/svg/bckg-pattern.svg",https://glovoapp.com/es/es/alicante/restaurantes_1/helado_34747/?sortingId=2&sort=cerca-de-mi,CC-MAIN-2023-23
2023-06-,Alicante,llaollao,Glovo,,,Helado 34747,,4.9,22,,,,,False,False,,,https://glovoapp.com/es/es/alicante/llao-llao-alicante/,"https://res.cloudinary.com/glovoapp/image/fetch/f_svg,c_pad,q_auto:low,h_179,w_351,b_transparent/https://glovoapp.com/images/svg/bckg-pattern.svg",https://glovoapp.com/es/es/alicante/restaurantes_1/helado_34747/?sortingId=2&sort=cerca-de-mi,CC-MAIN-2023-23
2023-06-,Alicante,Cremontano di La Tagliatella,Glovo,,,Helado 34747,,,,,,,,False,False,,,https://glovoapp.com/es/es/alicante/cremontano-di-la-taglieatella-alicante/,"https://res.cloudinary.com/glovoapp/image/fetch/f_svg,c_pad,q_auto:low,h_179,w_351,b_transparent/https://glovoapp.com/images/svg/bckg-pattern.svg",https://glovoapp.com/es/es/alicante/restaurantes_1/helado_34747/?sortingId=2&sort=cerca-de-mi,CC-MAIN-2023-23
2023-06-,Alicante,Gori Helados,Glovo,,,Helado 34747,,,,,,,,False,False,,,https://glovoapp.com/es/es/alicante/gori-helados-alicante/,"https://res.cloudinary.com/glovoapp/image/fetch/f_svg,c_pad,q_auto:low,h_179,w_351,b_transparent/https://glovoapp.com/images/svg/bckg-pattern.svg",https://glovoapp.com/es/es/alicante/restaurantes_1/helado_34747/?sortingId=2&sort=cerca-de-mi,CC-MAIN-2023-23
2023-06-,Alicante,Takoyaki By Food Away,Glovo,,,Asiatica 34834,,4.35,34,,,,,False,False,,,https://glovoapp.com/es/es/alicante/takoyaki-by-food-away-alicante/,"https://res.cloudinary.com/glovoapp/image/fetch/f_svg,c_pad,q_auto:low,h_179,w_351,b_transparent/https://glovoapp.com/images/svg/bckg-pattern.svg",https://glovoapp.com/es/es/alicante/restaurantes_1/asiatica_34834/?sortingId=2&sort=cerca-de-mi,CC-MAIN-2023-23
2023-06-,Alicante,Naruto Ramen By Food Away,Glovo,,,Asiatica 34834,,4.1,27,,,,,False,False,,,https://glovoapp.com/es/es/alicante/naruto-ramen-by-food-away-alicante/,"https://res.cloudinary.com/glovoapp/image/fetch/f_svg,c_pad,q_auto:low,h_179,w_351,b_transparent/https://glovoapp.com/images/svg/bckg-pattern.svg",https://glovoapp.com/es/es/alicante/restaurantes_1/asiatica_34834/?sortingId=2&sort=cerca-de-mi,CC-MAIN-2023-23
2023-06-,Alicante,Tailang Ramen,Glovo,,,Asiatica 34834,,4.85,123,,,,,False,False,,,https://glovoapp.com/es/es/alicante/tailang-ramen-alicante/,"https://res.cloudinary.com/glovoapp/image/fetch/f_svg,c_pad,q_auto:low,h_179,w_351,b_transparent/https://glovoapp.com/images/svg/bckg-pattern.svg",https://glovoapp.com/es/es/alicante/restaurantes_1/asiatica_34834/?sortingId=2&sort=cerca-de-mi,CC-MAIN-2023-23
2023-06-,Alicante,Gurume Ramen,Glovo,,,Asiatica 34834,,4.8,78,,,,,False,False,,,https://glovoapp.com/es/es/alicante/gurume-ramen-alicante/,"https://res.cloudinary.com/glovoapp/image/fetch/f_svg,c_pad,q_auto:low,h_179,w_351,b_transparent/https://glovoapp.com/images/svg/bckg-pattern.svg",https://glovoapp.com/es/es/alicante/restaurantes_1/asiatica_34834/?sortingId=2&sort=cerca-de-mi,CC-MAIN-2023-23
2023-06-,Alicante,Tandoor,Glovo,,,Asiatica 34834,,,,,,,,False,False,,,https://glovoapp.com/es/es/alicante/tandoor-alicante/,"https://res.cloudinary.com/glovoapp/image/fetch/f_svg,c_pad,q_auto:low,h_179,w_351,b_transparent/https://glovoapp.com/images/svg/bckg-pattern.svg",https://glovoapp.com/es/es/alicante/restaurantes_1/asiatica_34834/?sortingId=2&sort=cerca-de-mi,CC-MAIN-2023-23
2023-06-,Alicante,Sibuya,Glovo,,,Asiatica 34834,,4.95,214,,,,,False,False,,,https://glovoapp.com/es/es/alicante/sibuya-alicante/,"https://res.cloudinary.com/glovoapp/image/fetch/f_svg,c_pad,q_auto:low,h_179,w_351,b_transparent/https://glovoapp.com/images/svg/bckg-pattern.svg",https://glovoapp.com/es/es/alicante/restaurantes_1/asiatica_34834/?sortingId=2&sort=cerca-de-mi,CC-MAIN-2023-23
2023-06-,Alicante,Urban Poke,Glovo,,,Asiatica 34834,,4.65,285,,,,,False,False,,,https://glovoapp.com/es/es/alicante/urban-poke-alicante/,"https://res.cloudinary.com/glovoapp/image/fetch/f_svg,c_pad,q_auto:low,h_179,w_351,b_transparent/https://glovoapp.com/images/svg/bckg-pattern.svg",https://glovoapp.com/es/es/alicante/restaurantes_1/asiatica_34834/?sortingId=2&sort=cerca-de-mi,CC-MAIN-2023-23
2023-06-,Alicante,Chisushi,Glovo,,,Asiatica 34834,,4.8,137,,,,,False,False,,,https://glovoapp.com/es/es/alicante/chisushi-alicante/,"https://res.cloudinary.com/glovoapp/image/fetch/f_svg,c_pad,q_auto:low,h_179,w_351,b_transparent/https://glovoapp.com/images/svg/bckg-pattern.svg",https://glovoapp.com/es/es/alicante/restaurantes_1/asiatica_34834/?sortingId=2&sort=cerca-de-mi,CC-MAIN-2023-23
2023-06-,Alicante,Beijing Fusión,Glovo,,,Asiatica 34834,,4.85,39,,,,,False,False,,,https://glovoapp.com/es/es/alicante/beijing-fusion-alicante/,"https://res.cloudinary.com/glovoapp/image/fetch/f_svg,c_pad,q_auto:low,h_179,w_351,b_transparent/https://glovoapp.com/images/svg/bckg-pattern.svg",https://glovoapp.com/es/es/alicante/restaurantes_1/asiatica_34834/?sortingId=2&sort=cerca-de-mi,CC-MAIN-2023-23
2023-06-,Alicante,UDON,Glovo,,,Asiatica 34834,,4.55,143,,,,,False,False,,,https://glovoapp.com/es/es/alicante/udon-5/,"https://res.cloudinary.com/glovoapp/image/fetch/f_svg,c_pad,q_auto:low,h_179,w_351,b_transparent/https://glovoapp.com/images/svg/bckg-pattern.svg",https://glovoapp.com/es/es/alicante/restaurantes_1/asiatica_34834/?sortingId=2&sort=cerca-de-mi,CC-MAIN-2023-23
2023-06-,Alicante,Tairyo Kaiten Sushi,Glovo,,,Asiatica 34834,,4.4,41,,,,,False,False,,,https://glovoapp.com/es/es/alicante/tairyo-kaiten-sushi-alicante/,"https://res.cloudinary.com/glovoapp/image/fetch/f_svg,c_pad,q_auto:low,h_179,w_351,b_transparent/https://glovoapp.com/images/svg/bckg-pattern.svg",https://glovoapp.com/es/es/alicante/restaurantes_1/asiatica_34834/?sortingId=2&sort=cerca-de-mi,CC-MAIN-2023-23
2023-06-,Alicante,La Xinesa,Glovo,,,Asiatica 34834,,4.85,,,,,,False,False,,,https://glovoapp.com/es/es/alicante/la-xinesa-alicante/,"https://res.cloudinary.com/glovoapp/image/fetch/f_svg,c_pad,q_auto:low,h_179,w_351,b_transparent/https://glovoapp.com/images/svg/bckg-pattern.svg",https://glovoapp.com/es/es/alicante/restaurantes_1/asiatica_34834/?sortingId=2&sort=cerca-de-mi,CC-MAIN-2023-23
2023-06-,Alicante,Kome Kasa,Glovo,,,Asiatica 34834,,4.4,20,,,,,False,False,,,https://glovoapp.com/es/es/alicante/kome-kasa-alicante/,"https://res.cloudinary.com/glovoapp/image/fetch/f_svg,c_pad,q_auto:low,h_179,w_351,b_transparent/https://glovoapp.com/images/svg/bckg-pattern.svg",https://glovoapp.com/es/es/alicante/restaurantes_1/asiatica_34834/?sortingId=2&sort=cerca-de-mi,CC-MAIN-2023-23
2023-06-,Alicante,ABC Gran Mundo,Glovo,,,Asiatica 34834,,4.75,,,,,,False,False,,,https://glovoapp.com/es/es/alicante/restaurante-abc-alicante/,"https://res.cloudinary.com/glovoapp/image/fetch/f_svg,c_pad,q_auto:low,h_179,w_351,b_transparent/https://glovoapp.com/images/svg/bckg-pattern.svg",https://glovoapp.com/es/es/alicante/restaurantes_1/asiatica_34834/?sortingId=2&sort=cerca-de-mi,CC-MAIN-2023-23
2023-06-,Alicante,Sushi City,Glovo,,,Asiatica 34834,,5.0,32,,,,,False,False,,,https://glovoapp.com/es/es/alicante/sushi-city-alicante/,"https://res.cloudinary.com/glovoapp/image/fetch/f_svg,c_pad,q_auto:low,h_179,w_351,b_transparent/https://glovoapp.com/images/svg/bckg-pattern.svg",https://glovoapp.com/es/es/alicante/restaurantes_1/asiatica_34834/?sortingId=2&sort=cerca-de-mi,CC-MAIN-2023-23
2023-06-,Alicante,Ramen Shifu,Glovo,,,Asiatica 34834,,4.7,133,,,,,False,False,,,https://glovoapp.com/es/es/alicante/ramen-shifu-alicante/,"https://res.cloudinary.com/glovoapp/image/fetch/f_svg,c_pad,q_auto:low,h_179,w_351,b_transparent/https://glovoapp.com/images/svg/bckg-pattern.svg",https://glovoapp.com/es/es/alicante/restaurantes_1/asiatica_34834/?sortingId=2&sort=cerca-de-mi,CC-MAIN-2023-23
2023-06-,Alicante,Sushi Zuo,Glovo,,,Asiatica 34834,,,,,,,,False,False,,,https://glovoapp.com/es/es/alicante/sushi-zuo-alicante/,"https://res.cloudinary.com/glovoapp/image/fetch/f_svg,c_pad,q_auto:low,h_179,w_351,b_transparent/https://glovoapp.com/images/svg/bckg-pattern.svg",https://glovoapp.com/es/es/alicante/restaurantes_1/asiatica_34834/?sortingId=2&sort=cerca-de-mi,CC-MAIN-2023-23
2023-06-,Alicante,Tokyo,Glovo,,,Asiatica 34834,,4.8,245,,,,,False,False,,,https://glovoapp.com/es/es/alicante/tokyo-2/,"https://res.cloudinary.com/glovoapp/image/fetch/f_svg,c_pad,q_auto:low,h_179,w_351,b_transparent/https://glovoapp.com/images/svg/bckg-pattern.svg",https://glovoapp.com/es/es/alicante/restaurantes_1/asiatica_34834/?sortingId=2&sort=cerca-de-mi,CC-MAIN-2023-23
2023-06-,Alicante,Sushi's Gourmet,Glovo,,,Asiatica 34834,,4.7,10,,,,,False,False,,,https://glovoapp.com/es/es/alicante/sushis-gourmet-alicante/,"https://res.cloudinary.com/glovoapp/image/fetch/f_svg,c_pad,q_auto:low,h_179,w_351,b_transparent/https://glovoapp.com/images/svg/bckg-pattern.svg",https://glovoapp.com/es/es/alicante/restaurantes_1/asiatica_34834/?sortingId=2&sort=cerca-de-mi,CC-MAIN-2023-23
2023-06-,Alicante,Restaurante Chino Nuevo Milenio,Glovo,,,Asiatica 34834,,4.75,105,,,,,False,False,,,https://glovoapp.com/es/es/alicante/restaurante-chino-nuevo-milenio-alicante/,"https://res.cloudinary.com/glovoapp/image/fetch/f_svg,c_pad,q_auto:low,h_179,w_351,b_transparent/https://glovoapp.com/images/svg/bckg-pattern.svg",https://glovoapp.com/es/es/alicante/restaurantes_1/asiatica_34834/?sortingId=2&sort=cerca-de-mi,CC-MAIN-2023-23
2023-06-,Alicante,Restaurante Asiático,Glovo,,,Asiatica 34834,,4.65,108,,,,,False,False,,,https://glovoapp.com/es/es/alicante/wok-asiatico-alicante/,"https://res.cloudinary.com/glovoapp/image/fetch/f_svg,c_pad,q_auto:low,h_179,w_351,b_transparent/https://glovoapp.com/images/svg/bckg-pattern.svg",https://glovoapp.com/es/es/alicante/restaurantes_1/asiatica_34834/?sortingId=2&sort=cerca-de-mi,CC-MAIN-2023-23
2023-06-,Alicante,Restaurante Chino Meilihua,Glovo,,,Asiatica 34834,,4.7,162,,,,,False,False,,,https://glovoapp.com/es/es/alicante/restaurante-chino-meilihua-alicante/,"https://res.cloudinary.com/glovoapp/image/fetch/f_svg,c_pad,q_auto:low,h_179,w_351,b_transparent/https://glovoapp.com/images/svg/bckg-pattern.svg",https://glovoapp.com/es/es/alicante/restaurantes_1/asiatica_34834/?sortingId=2&sort=cerca-de-mi,CC-MAIN-2023-23
2023-06-,Alicante,Sushi Kento,Glovo,,,Asiatica 34834,,5.0,11,,,,,False,False,,,https://glovoapp.com/es/es/alicante/kento-alicante/,"https://res.cloudinary.com/glovoapp/image/fetch/f_svg,c_pad,q_auto:low,h_179,w_351,b_transparent/https://glovoapp.com/images/svg/bckg-pattern.svg",https://glovoapp.com/es/es/alicante/restaurantes_1/asiatica_34834/?sortingId=2&sort=cerca-de-mi,CC-MAIN-2023-23
2023-06-,Alicante,Yokocho Ramen,Glovo,,,Asiatica 34834,,4.9,416,,,,,False,False,,,https://glovoapp.com/es/es/alicante/yokocho-ramen-alicante/,"https://res.cloudinary.com/glovoapp/image/fetch/f_svg,c_pad,q_auto:low,h_179,w_351,b_transparent/https://glovoapp.com/images/svg/bckg-pattern.svg",https://glovoapp.com/es/es/alicante/restaurantes_1/asiatica_34834/?sortingId=2&sort=cerca-de-mi,CC-MAIN-2023-23
2023-06-,Alicante,Restaurante Asiático Lidu Garden,Glovo,,,Asiatica 34834,,4.95,66,,,,,False,False,,,https://glovoapp.com/es/es/alicante/restaurante-asiatico-lidu-garden-el-campello/,"https://res.cloudinary.com/glovoapp/image/fetch/f_svg,c_pad,q_auto:low,h_179,w_351,b_transparent/https://glovoapp.com/images/svg/bckg-pattern.svg",https://glovoapp.com/es/es/alicante/restaurantes_1/asiatica_34834/?sortingId=2&sort=cerca-de-mi,CC-MAIN-2023-23
2023-06-,Alicante,Panda's Food,Glovo,,,Asiatica 34834,,4.85,216,,,,,False,False,,,https://glovoapp.com/es/es/alicante/pandas-food-alicante/,"https://res.cloudinary.com/glovoapp/image/fetch/f_svg,c_pad,q_auto:low,h_179,w_351,b_transparent/https://glovoapp.com/images/svg/bckg-pattern.svg",https://glovoapp.com/es/es/alicante/restaurantes_1/asiatica_34834/?sortingId=2&sort=cerca-de-mi,CC-MAIN-2023-23
2023-06-,Alicante,SŌL,Glovo,,,Asiatica 34834,,4.45,22,,,,,False,False,,,https://glovoapp.com/es/es/alicante/sol-alicante/,"https://res.cloudinary.com/glovoapp/image/fetch/f_svg,c_pad,q_auto:low,h_179,w_351,b_transparent/https://glovoapp.com/images/svg/bckg-pattern.svg",https://glovoapp.com/es/es/alicante/restaurantes_1/asiatica_34834/?sortingId=2&sort=cerca-de-mi,CC-MAIN-2023-23
2023-06-,Alicante,88 Sushi,Glovo,,,Asiatica 34834,,4.85,38,,,,,False,False,,,https://glovoapp.com/es/es/alicante/88-sushi-alicante/,"https://res.cloudinary.com/glovoapp/image/fetch/f_svg,c_pad,q_auto:low,h_179,w_351,b_transparent/https://glovoapp.com/images/svg/bckg-pattern.svg",https://glovoapp.com/es/es/alicante/restaurantes_1/asiatica_34834/?sortingId=2&sort=cerca-de-mi,CC-MAIN-2023-23
2023-06-,Alicante,Golden City,Glovo,,,Asiatica 34834,,4.6,113,,,,,False,False,,,https://glovoapp.com/es/es/alicante/golden-city-alicante/,"https://res.cloudinary.com/glovoapp/image/fetch/f_svg,c_pad,q_auto:low,h_179,w_351,b_transparent/https://glovoapp.com/images/svg/bckg-pattern.svg",https://glovoapp.com/es/es/alicante/restaurantes_1/asiatica_34834/?sortingId=2&sort=cerca-de-mi,CC-MAIN-2023-23
2023-06-,Alicante,Restaurante DonLay,Glovo,,,Asiatica 34834,,4.9,125,,,,,False,False,,,https://glovoapp.com/es/es/alicante/restaurante-donlay-alicante/,"https://res.cloudinary.com/glovoapp/image/fetch/f_svg,c_pad,q_auto:low,h_179,w_351,b_transparent/https://glovoapp.com/images/svg/bckg-pattern.svg",https://glovoapp.com/es/es/alicante/restaurantes_1/asiatica_34834/?sortingId=2&sort=cerca-de-mi,CC-MAIN-2023-23
2023-06-,Alicante,Estilo Oriental,Glovo,,,Asiatica 34834,,5.0,25,,,,,False,False,,,https://glovoapp.com/es/es/alicante/estilo-oriental-alicante/,"https://res.cloudinary.com/glovoapp/image/fetch/f_svg,c_pad,q_auto:low,h_179,w_351,b_transparent/https://glovoapp.com/images/svg/bckg-pattern.svg",https://glovoapp.com/es/es/alicante/restaurantes_1/asiatica_34834/?sortingId=2&sort=cerca-de-mi,CC-MAIN-2023-23
2023-06-,Alicante,Zhu,Glovo,,,Asiatica 34834,,4.75,58,,,,,False,False,,,https://glovoapp.com/es/es/alicante/zhu-alicante/,"https://res.cloudinary.com/glovoapp/image/fetch/f_svg,c_pad,q_auto:low,h_179,w_351,b_transparent/https://glovoapp.com/images/svg/bckg-pattern.svg",https://glovoapp.com/es/es/alicante/restaurantes_1/asiatica_34834/?sortingId=2&sort=cerca-de-mi,CC-MAIN-2023-23
2023-06-,Alicante,KohLanta,Glovo,,,Asiatica 34834,,4.65,60,,,,,False,False,,,https://glovoapp.com/es/es/alicante/kohlanta-alicante/,"https://res.cloudinary.com/glovoapp/image/fetch/f_svg,c_pad,q_auto:low,h_179,w_351,b_transparent/https://glovoapp.com/images/svg/bckg-pattern.svg",https://glovoapp.com/es/es/alicante/restaurantes_1/asiatica_34834/?sortingId=2&sort=cerca-de-mi,CC-MAIN-2023-23
2023-06-,Alicante,Kenkyo Sushi & Art,Glovo,,,Asiatica 34834,,4.3,38,,,,,False,False,,,https://glovoapp.com/es/es/alicante/kenkyo-sushi-and-art-alicante/,"https://res.cloudinary.com/glovoapp/image/fetch/f_svg,c_pad,q_auto:low,h_179,w_351,b_transparent/https://glovoapp.com/images/svg/bckg-pattern.svg",https://glovoapp.com/es/es/alicante/restaurantes_1/asiatica_34834/?sortingId=2&sort=cerca-de-mi,CC-MAIN-2023-23
2023-06-,Alicante,Asika,Glovo,,,Asiatica 34834,,4.8,165,,,,,False,False,,,https://glovoapp.com/es/es/alicante/sabatika/,"https://res.cloudinary.com/glovoapp/image/fetch/f_svg,c_pad,q_auto:low,h_179,w_351,b_transparent/https://glovoapp.com/images/svg/bckg-pattern.svg",https://glovoapp.com/es/es/alicante/restaurantes_1/asiatica_34834/?sortingId=2&sort=cerca-de-mi,CC-MAIN-2023-23
2023-06-,Alicante,Restaurante Chino Internacional,Glovo,,,Asiatica 34834,,4.75,378,,,,,False,False,,,https://glovoapp.com/es/es/alicante/restaurante-chino-internacional-alicante/,"https://res.cloudinary.com/glovoapp/image/fetch/f_svg,c_pad,q_auto:low,h_179,w_351,b_transparent/https://glovoapp.com/images/svg/bckg-pattern.svg",https://glovoapp.com/es/es/alicante/restaurantes_1/asiatica_34834/?sortingId=2&sort=cerca-de-mi,CC-MAIN-2023-23
2023-06-,Alicante,Mi Sushi 2,Glovo,,,Asiatica 34834,,4.75,50,,,,,False,False,,,https://glovoapp.com/es/es/alicante/mi-sushi-2-alicante/,"https://res.cloudinary.com/glovoapp/image/fetch/f_svg,c_pad,q_auto:low,h_179,w_351,b_transparent/https://glovoapp.com/images/svg/bckg-pattern.svg",https://glovoapp.com/es/es/alicante/restaurantes_1/asiatica_34834/?sortingId=2&sort=cerca-de-mi,CC-MAIN-2023-23
2023-06-,Alicante,Sushi Bar Tottori,Glovo,,,Asiatica 34834,,4.5,11,,,,,False,False,,,https://glovoapp.com/es/es/alicante/sushi-bar-tottori-alicante/,"https://res.cloudinary.com/glovoapp/image/fetch/f_svg,c_pad,q_auto:low,h_179,w_351,b_transparent/https://glovoapp.com/images/svg/bckg-pattern.svg",https://glovoapp.com/es/es/alicante/restaurantes_1/asiatica_34834/?sortingId=2&sort=cerca-de-mi,CC-MAIN-2023-23
2023-06-,Alicante,Shang Zuo,Glovo,,,Asiatica 34834,,4.8,121,,,,,False,False,,,https://glovoapp.com/es/es/alicante/shang-zuo-alicante/,"https://res.cloudinary.com/glovoapp/image/fetch/f_svg,c_pad,q_auto:low,h_179,w_351,b_transparent/https://glovoapp.com/images/svg/bckg-pattern.svg",https://glovoapp.com/es/es/alicante/restaurantes_1/asiatica_34834/?sortingId=2&sort=cerca-de-mi,CC-MAIN-2023-23
2023-06-,Alicante,Arroces Del Oriente,Glovo,,,Asiatica 34834,,4.65,20,,,,,False,False,,,https://glovoapp.com/es/es/alicante/arroces-del-oriente-alcicante/,"https://res.cloudinary.com/glovoapp/image/fetch/f_svg,c_pad,q_auto:low,h_179,w_351,b_transparent/https://glovoapp.com/images/svg/bckg-pattern.svg",https://glovoapp.com/es/es/alicante/restaurantes_1/asiatica_34834/?sortingId=2&sort=cerca-de-mi,CC-MAIN-2023-23
2023-06-,Alicante,Sukiya,Glovo,,,Asiatica 34834,,4.5,22,,,,,False,False,,,https://glovoapp.com/es/es/alicante/sukiya-alicante/,"https://res.cloudinary.com/glovoapp/image/fetch/f_svg,c_pad,q_auto:low,h_179,w_351,b_transparent/https://glovoapp.com/images/svg/bckg-pattern.svg",https://glovoapp.com/es/es/alicante/restaurantes_1/asiatica_34834/?sortingId=2&sort=cerca-de-mi,CC-MAIN-2023-23
2023-06-,Alicante,Ramen Kagura Alicante,Glovo,,,Asiatica 34834,,4.65,66,,,,,False,False,,,https://glovoapp.com/es/es/alicante/ramen-kagura-alicante-alicante/,"https://res.cloudinary.com/glovoapp/image/fetch/f_svg,c_pad,q_auto:low,h_179,w_351,b_transparent/https://glovoapp.com/images/svg/bckg-pattern.svg",https://glovoapp.com/es/es/alicante/restaurantes_1/asiatica_34834/?sortingId=2&sort=cerca-de-mi,CC-MAIN-2023-23
2023-06-,Alicante,Shanghai,Glovo,,,Asiatica 34834,,4.85,163,,,,,False,False,,,https://glovoapp.com/es/es/alicante/shanghai-alicante/,"https://res.cloudinary.com/glovoapp/image/fetch/f_svg,c_pad,q_auto:low,h_179,w_351,b_transparent/https://glovoapp.com/images/svg/bckg-pattern.svg",https://glovoapp.com/es/es/alicante/restaurantes_1/asiatica_34834/?sortingId=2&sort=cerca-de-mi,CC-MAIN-2023-23
2023-06-,Alicante,Restaurante Li Du,Glovo,,,Asiatica 34834,,4.5,71,,,,,False,False,,,https://glovoapp.com/es/es/alicante/restaurante-li-du-alicante/,"https://res.cloudinary.com/glovoapp/image/fetch/f_svg,c_pad,q_auto:low,h_179,w_351,b_transparent/https://glovoapp.com/images/svg/bckg-pattern.svg",https://glovoapp.com/es/es/alicante/restaurantes_1/asiatica_34834/?sortingId=2&sort=cerca-de-mi,CC-MAIN-2023-23
2023-06-,Alicante,Restaurante Chino King,Glovo,,,Asiatica 34834,,4.5,109,,,,,False,False,,,https://glovoapp.com/es/es/alicante/restaurante-chino-king-alicante/,"https://res.cloudinary.com/glovoapp/image/fetch/f_svg,c_pad,q_auto:low,h_179,w_351,b_transparent/https://glovoapp.com/images/svg/bckg-pattern.svg",https://glovoapp.com/es/es/alicante/restaurantes_1/asiatica_34834/?sortingId=2&sort=cerca-de-mi,CC-MAIN-2023-23
2023-06-,Alicante,Hot Thai Kitchen By Food Away,Glovo,,,Asiatica 34834,,4.65,28,,,,,False,False,,,https://glovoapp.com/es/es/alicante/hot-thai-kitchen-by-food-away-alicante/,"https://res.cloudinary.com/glovoapp/image/fetch/f_svg,c_pad,q_auto:low,h_179,w_351,b_transparent/https://glovoapp.com/images/svg/bckg-pattern.svg",https://glovoapp.com/es/es/alicante/restaurantes_1/asiatica_34834/?sortingId=2&sort=cerca-de-mi,CC-MAIN-2023-23
2023-06-,Alicante,Xiao,Glovo,,,Asiatica 34834,,4.5,17,,,,,False,False,,,https://glovoapp.com/es/es/alicante/xiao-alicante/,"https://res.cloudinary.com/glovoapp/image/fetch/f_svg,c_pad,q_auto:low,h_179,w_351,b_transparent/https://glovoapp.com/images/svg/bckg-pattern.svg",https://glovoapp.com/es/es/alicante/restaurantes_1/asiatica_34834/?sortingId=2&sort=cerca-de-mi,CC-MAIN-2023-23
2023-06-,Alicante,Shangai Xhino,Glovo,,,Asiatica 34834,,,,,,,,False,False,,,https://glovoapp.com/es/es/alicante/shangai-xhino-alicante/,"https://res.cloudinary.com/glovoapp/image/fetch/f_svg,c_pad,q_auto:low,h_179,w_351,b_transparent/https://glovoapp.com/images/svg/bckg-pattern.svg",https://glovoapp.com/es/es/alicante/restaurantes_1/asiatica_34834/?sortingId=2&sort=cerca-de-mi,CC-MAIN-2023-23
2023-06-,Alcala De Henares,Bam Bun,Glovo,,,Saludable 34697,,4.75,27,,,,,False,False,,,https://glovoapp.com/es/es/alcala-de-henares/miss-sushi-100-vegano-alcala-de-henares/,"https://res.cloudinary.com/glovoapp/image/fetch/f_svg,c_pad,q_auto:low,h_179,w_351,b_transparent/https://glovoapp.com/images/svg/bckg-pattern.svg",https://glovoapp.com/es/es/alcala-de-henares/restaurantes_1/saludable_34697/,CC-MAIN-2023-23
2023-06-,Alcala De Henares,GREENS,Glovo,,,Saludable 34697,,,,,,,,False,False,,,https://glovoapp.com/es/es/alcala-de-henares/greens-hen-new/,"https://res.cloudinary.com/glovoapp/image/fetch/f_svg,c_pad,q_auto:low,h_179,w_351,b_transparent/https://glovoapp.com/images/svg/bckg-pattern.svg",https://glovoapp.com/es/es/alcala-de-henares/restaurantes_1/saludable_34697/,CC-MAIN-2023-23
2023-06-,Alcala De Henares,Miss Poke,Glovo,,,Saludable 34697,,4.75,149,,,,,False,False,,,https://glovoapp.com/es/es/alcala-de-henares/miss-poke-alcala-de-henares/,"https://res.cloudinary.com/glovoapp/image/fetch/f_svg,c_pad,q_auto:low,h_179,w_351,b_transparent/https://glovoapp.com/images/svg/bckg-pattern.svg",https://glovoapp.com/es/es/alcala-de-henares/restaurantes_1/saludable_34697/,CC-MAIN-2023-23
2023-06-,Alcala De Henares,Healthy Poke,Glovo,,,Saludable 34697,,4.45,446,,,,,False,False,,,https://glovoapp.com/es/es/alcala-de-henares/healthy-poke-alcala-de-henares/,"https://res.cloudinary.com/glovoapp/image/fetch/f_svg,c_pad,q_auto:low,h_179,w_351,b_transparent/https://glovoapp.com/images/svg/bckg-pattern.svg",https://glovoapp.com/es/es/alcala-de-henares/restaurantes_1/saludable_34697/,CC-MAIN-2023-23
2023-06-,Alcala De Henares,Healthy Sandwich,Glovo,,,Saludable 34697,,4.5,52,,,,,False,False,,,https://glovoapp.com/es/es/alcala-de-henares/healthy-sandwich-alcala-de-henares/,"https://res.cloudinary.com/glovoapp/image/fetch/f_svg,c_pad,q_auto:low,h_179,w_351,b_transparent/https://glovoapp.com/images/svg/bckg-pattern.svg",https://glovoapp.com/es/es/alcala-de-henares/restaurantes_1/saludable_34697/,CC-MAIN-2023-23
2023-06-,Alcala De Henares,La Huella Vegana,Glovo,,,Saludable 34697,,4.95,37,,,,,False,False,,,https://glovoapp.com/es/es/alcala-de-henares/la-huella-vegana-alcala-de-henares/,"https://res.cloudinary.com/glovoapp/image/fetch/f_svg,c_pad,q_auto:low,h_179,w_351,b_transparent/https://glovoapp.com/images/svg/bckg-pattern.svg",https://glovoapp.com/es/es/alcala-de-henares/restaurantes_1/saludable_34697/,CC-MAIN-2023-23
2023-06-,Alcala De Henares,Mundo Poke & Sushi,Glovo,,,Saludable 34697,,4.95,12,,,,,False,False,,,https://glovoapp.com/es/es/alcala-de-henares/mundo-poke-and-sushi-alcala-de-henares/,"https://res.cloudinary.com/glovoapp/image/fetch/f_svg,c_pad,q_auto:low,h_179,w_351,b_transparent/https://glovoapp.com/images/svg/bckg-pattern.svg",https://glovoapp.com/es/es/alcala-de-henares/restaurantes_1/saludable_34697/,CC-MAIN-2023-23
2023-06-,Alcala De Henares,Real Vegan Food,Glovo,,,Saludable 34697,,5.0,11,,,,,False,False,,,https://glovoapp.com/es/es/alcala-de-henares/real-vegan-food-alcala-de-henares-y-torrejon-de-ardoz/,"https://res.cloudinary.com/glovoapp/image/fetch/f_svg,c_pad,q_auto:low,h_179,w_351,b_transparent/https://glovoapp.com/images/svg/bckg-pattern.svg",https://glovoapp.com/es/es/alcala-de-henares/restaurantes_1/saludable_34697/,CC-MAIN-2023-23
2023-06-,Alcala De Henares,Metropoke,Glovo,,,Saludable 34697,,2.35,10,,,,,False,False,,,https://glovoapp.com/es/es/alcala-de-henares/metropoke-alcala-de-henares/,"https://res.cloudinary.com/glovoapp/image/fetch/f_svg,c_pad,q_auto:low,h_179,w_351,b_transparent/https://glovoapp.com/images/svg/bckg-pattern.svg",https://glovoapp.com/es/es/alcala-de-henares/restaurantes_1/saludable_34697/,CC-MAIN-2023-23
2023-06-,Alcala De Henares,Donaciones para World Central Kitchen,Glovo,,,Saludable 34697,,,,,,,,False,False,,,https://glovoapp.com/es/es/alcala-de-henares/donaciones-para-world-center-kitchen-hen/,"https://res.cloudinary.com/glovoapp/image/fetch/f_svg,c_pad,q_auto:low,h_179,w_351,b_transparent/https://glovoapp.com/images/svg/bckg-pattern.svg",https://glovoapp.com/es/es/alcala-de-henares/restaurantes_1/saludable_34697/,CC-MAIN-2023-23
2023-06-,Alcala De Henares,Salutary Fresh Food,Glovo,,,Saludable 34697,,4.95,152,,,,,False,False,,,https://glovoapp.com/es/es/alcala-de-henares/salutary-fresh-food-alcala-de-henares/,"https://res.cloudinary.com/glovoapp/image/fetch/f_svg,c_pad,q_auto:low,h_179,w_351,b_transparent/https://glovoapp.com/images/svg/bckg-pattern.svg",https://glovoapp.com/es/es/alcala-de-henares/restaurantes_1/saludable_34697/,CC-MAIN-2023-23
2023-06-,Alicante,Pizzeria Corner,Glovo,,,Arabe 34690,,,,,,,,False,False,,,https://glovoapp.com/es/es/alicante/pizzeria-corner-alicante/,"https://res.cloudinary.com/glovoapp/image/fetch/f_svg,c_pad,q_auto:low,h_179,w_351,b_transparent/https://glovoapp.com/images/svg/bckg-pattern.svg",https://glovoapp.com/es/es/alicante/restaurantes_1/arabe_34690/?sortingId=2&sort=cerca-de-mi,CC-MAIN-2023-23
2023-06-,Alicante,Kebab Gran Via,Glovo,,,Arabe 34690,,4.9,122,,,,,False,False,,,https://glovoapp.com/es/es/alicante/kebab-gran-via-alicante/,"https://res.cloudinary.com/glovoapp/image/fetch/f_svg,c_pad,q_auto:low,h_179,w_351,b_transparent/https://glovoapp.com/images/svg/bckg-pattern.svg",https://glovoapp.com/es/es/alicante/restaurantes_1/arabe_34690/?sortingId=2&sort=cerca-de-mi,CC-MAIN-2023-23
2023-06-,Alicante,D Kebab,Glovo,,,Arabe 34690,,3.75,72,,,,,False,False,,,https://glovoapp.com/es/es/alicante/d-kebab-alicante/,"https://res.cloudinary.com/glovoapp/image/fetch/f_svg,c_pad,q_auto:low,h_179,w_351,b_transparent/https://glovoapp.com/images/svg/bckg-pattern.svg",https://glovoapp.com/es/es/alicante/restaurantes_1/arabe_34690/?sortingId=2&sort=cerca-de-mi,CC-MAIN-2023-23
2023-06-,Alicante,Kebap Auténtica Pizza Napolitana,Glovo,,,Arabe 34690,,4.9,153,,,,,False,False,,,https://glovoapp.com/es/es/alicante/kebap-autentica-pizza-napolitana-alcante/,"https://res.cloudinary.com/glovoapp/image/fetch/f_svg,c_pad,q_auto:low,h_179,w_351,b_transparent/https://glovoapp.com/images/svg/bckg-pattern.svg",https://glovoapp.com/es/es/alicante/restaurantes_1/arabe_34690/?sortingId=2&sort=cerca-de-mi,CC-MAIN-2023-23
2023-06-,Alicante,Pizzeria España,Glovo,,,Arabe 34690,,4.75,124,,,,,False,False,,,https://glovoapp.com/es/es/alicante/pizzeria-espana-alicante/,"https://res.cloudinary.com/glovoapp/image/fetch/f_svg,c_pad,q_auto:low,h_179,w_351,b_transparent/https://glovoapp.com/images/svg/bckg-pattern.svg",https://glovoapp.com/es/es/alicante/restaurantes_1/arabe_34690/?sortingId=2&sort=cerca-de-mi,CC-MAIN-2023-23
2023-06-,Alicante,Ali Kebab,Glovo,,,Arabe 34690,,2.65,19,,,,,False,False,,,https://glovoapp.com/es/es/alicante/ali-kebab-alicante/,"https://res.cloudinary.com/glovoapp/image/fetch/f_svg,c_pad,q_auto:low,h_179,w_351,b_transparent/https://glovoapp.com/images/svg/bckg-pattern.svg",https://glovoapp.com/es/es/alicante/restaurantes_1/arabe_34690/?sortingId=2&sort=cerca-de-mi,CC-MAIN-2023-23
2023-06-,Alicante,Doner Kebab Amigos,Glovo,,,Arabe 34690,,4.75,92,,,,,False,False,,,https://glovoapp.com/es/es/alicante/doner-kebab-amigos-alicante/,"https://res.cloudinary.com/glovoapp/image/fetch/f_svg,c_pad,q_auto:low,h_179,w_351,b_transparent/https://glovoapp.com/images/svg/bckg-pattern.svg",https://glovoapp.com/es/es/alicante/restaurantes_1/arabe_34690/?sortingId=2&sort=cerca-de-mi,CC-MAIN-2023-23
2023-06-,Alicante,Fontana Kebab,Glovo,,,Arabe 34690,,,,,,,,False,False,,,https://glovoapp.com/es/es/alicante/fontana-kebab-alicante/,"https://res.cloudinary.com/glovoapp/image/fetch/f_svg,c_pad,q_auto:low,h_179,w_351,b_transparent/https://glovoapp.com/images/svg/bckg-pattern.svg",https://glovoapp.com/es/es/alicante/restaurantes_1/arabe_34690/?sortingId=2&sort=cerca-de-mi,CC-MAIN-2023-23
2023-06-,Alicante,Star Kebab Pizzería,Glovo,,,Arabe 34690,,4.65,97,,,,,False,False,,,https://glovoapp.com/es/es/alicante/star-kebab-pizzeria-alicante/,"https://res.cloudinary.com/glovoapp/image/fetch/f_svg,c_pad,q_auto:low,h_179,w_351,b_transparent/https://glovoapp.com/images/svg/bckg-pattern.svg",https://glovoapp.com/es/es/alicante/restaurantes_1/arabe_34690/?sortingId=2&sort=cerca-de-mi,CC-MAIN-2023-23
2023-06-,Alicante,Kebab & Grill Express,Glovo,,,Arabe 34690,,3.95,19,,,,,False,False,,,https://glovoapp.com/es/es/alicante/kebab-and-grill-express-alicante/,"https://res.cloudinary.com/glovoapp/image/fetch/f_svg,c_pad,q_auto:low,h_179,w_351,b_transparent/https://glovoapp.com/images/svg/bckg-pattern.svg",https://glovoapp.com/es/es/alicante/restaurantes_1/arabe_34690/?sortingId=2&sort=cerca-de-mi,CC-MAIN-2023-23
2023-06-,Alicante,Amigo Kebab III,Glovo,,,Arabe 34690,,4.8,118,,,,,False,False,,,https://glovoapp.com/es/es/alicante/amigo-kebab-iii-alicante/,"https://res.cloudinary.com/glovoapp/image/fetch/f_svg,c_pad,q_auto:low,h_179,w_351,b_transparent/https://glovoapp.com/images/svg/bckg-pattern.svg",https://glovoapp.com/es/es/alicante/restaurantes_1/arabe_34690/?sortingId=2&sort=cerca-de-mi,CC-MAIN-2023-23
2023-06-,Alicante,Amigos Kebab,Glovo,,,Arabe 34690,,4.9,177,,,,,False,False,,,https://glovoapp.com/es/es/alicante/amigos-kebab-alc/,"https://res.cloudinary.com/glovoapp/image/fetch/f_svg,c_pad,q_auto:low,h_179,w_351,b_transparent/https://glovoapp.com/images/svg/bckg-pattern.svg",https://glovoapp.com/es/es/alicante/restaurantes_1/arabe_34690/?sortingId=2&sort=cerca-de-mi,CC-MAIN-2023-23
2023-06-,Alicante,Tono Kebab,Glovo,,,Arabe 34690,,4.9,170,,,,,False,False,,,https://glovoapp.com/es/es/alicante/tono-kebab-alicante/,"https://res.cloudinary.com/glovoapp/image/fetch/f_svg,c_pad,q_auto:low,h_179,w_351,b_transparent/https://glovoapp.com/images/svg/bckg-pattern.svg",https://glovoapp.com/es/es/alicante/restaurantes_1/arabe_34690/?sortingId=2&sort=cerca-de-mi,CC-MAIN-2023-23
2023-06-,Alicante,Kebab Miriam Blasco,Glovo,,,Arabe 34690,,4.6,85,,,,,False,False,,,https://glovoapp.com/es/es/alicante/kebab-miriam-blasco-alicante/,"https://res.cloudinary.com/glovoapp/image/fetch/f_svg,c_pad,q_auto:low,h_179,w_351,b_transparent/https://glovoapp.com/images/svg/bckg-pattern.svg",https://glovoapp.com/es/es/alicante/restaurantes_1/arabe_34690/?sortingId=2&sort=cerca-de-mi,CC-MAIN-2023-23
2023-06-,Alicante,El Golden Doner Kebap,Glovo,,,Arabe 34690,,4.75,76,,,,,False,False,,,https://glovoapp.com/es/es/alicante/el-golden-doner-kebap-alicante/,"https://res.cloudinary.com/glovoapp/image/fetch/f_svg,c_pad,q_auto:low,h_179,w_351,b_transparent/https://glovoapp.com/images/svg/bckg-pattern.svg",https://glovoapp.com/es/es/alicante/restaurantes_1/arabe_34690/?sortingId=2&sort=cerca-de-mi,CC-MAIN-2023-23
2023-06-,Alicante,Palamo Pizzería Kebab,Glovo,,,Arabe 34690,,4.1,52,,,,,False,False,,,https://glovoapp.com/es/es/alicante/palamo-pizzeria-kebab-alicante/,"https://res.cloudinary.com/glovoapp/image/fetch/f_svg,c_pad,q_auto:low,h_179,w_351,b_transparent/https://glovoapp.com/images/svg/bckg-pattern.svg",https://glovoapp.com/es/es/alicante/restaurantes_1/arabe_34690/?sortingId=2&sort=cerca-de-mi,CC-MAIN-2023-23
2023-06-,Alicante,Kebab Corner,Glovo,,,Arabe 34690,,4.7,35,,,,,False,False,,,https://glovoapp.com/es/es/alicante/pizzeria-kebab-corner-alicante/,"https://res.cloudinary.com/glovoapp/image/fetch/f_svg,c_pad,q_auto:low,h_179,w_351,b_transparent/https://glovoapp.com/images/svg/bckg-pattern.svg",https://glovoapp.com/es/es/alicante/restaurantes_1/arabe_34690/?sortingId=2&sort=cerca-de-mi,CC-MAIN-2023-23
2023-06-,Alicante,Pizzeria Los Ángeles Kebab,Glovo,,,Arabe 34690,,4.6,68,,,,,False,False,,,https://glovoapp.com/es/es/alicante/pizzeria-los-angeles-kebab-alicante/,"https://res.cloudinary.com/glovoapp/image/fetch/f_svg,c_pad,q_auto:low,h_179,w_351,b_transparent/https://glovoapp.com/images/svg/bckg-pattern.svg",https://glovoapp.com/es/es/alicante/restaurantes_1/arabe_34690/?sortingId=2&sort=cerca-de-mi,CC-MAIN-2023-23
2023-06-,Alicante,Euro Doner Kebab,Glovo,,,Arabe 34690,,4.75,136,,,,,False,False,,,https://glovoapp.com/es/es/alicante/euro-doner-kebab-alicante/,"https://res.cloudinary.com/glovoapp/image/fetch/f_svg,c_pad,q_auto:low,h_179,w_351,b_transparent/https://glovoapp.com/images/svg/bckg-pattern.svg",https://glovoapp.com/es/es/alicante/restaurantes_1/arabe_34690/?sortingId=2&sort=cerca-de-mi,CC-MAIN-2023-23
2023-06-,Alicante,Amigo Kebab,Glovo,,,Arabe 34690,,4.8,270,,,,,False,False,,,https://glovoapp.com/es/es/alicante/amigo-kebab-alicante/,"https://res.cloudinary.com/glovoapp/image/fetch/f_svg,c_pad,q_auto:low,h_179,w_351,b_transparent/https://glovoapp.com/images/svg/bckg-pattern.svg",https://glovoapp.com/es/es/alicante/restaurantes_1/arabe_34690/?sortingId=2&sort=cerca-de-mi,CC-MAIN-2023-23
2023-06-,Alicante,Faizan Doner Kebab,Glovo,,,Arabe 34690,,4.5,63,,,,,False,False,,,https://glovoapp.com/es/es/alicante/faizan-doner-kebab-alicante/,"https://res.cloudinary.com/glovoapp/image/fetch/f_svg,c_pad,q_auto:low,h_179,w_351,b_transparent/https://glovoapp.com/images/svg/bckg-pattern.svg",https://glovoapp.com/es/es/alicante/restaurantes_1/arabe_34690/?sortingId=2&sort=cerca-de-mi,CC-MAIN-2023-23
2023-06-,Alicante,España Burger Kebap,Glovo,,,Arabe 34690,,3.3,10,,,,,False,False,,,https://glovoapp.com/es/es/alicante/espana-burger-kebab-alicante/,"https://res.cloudinary.com/glovoapp/image/fetch/f_svg,c_pad,q_auto:low,h_179,w_351,b_transparent/https://glovoapp.com/images/svg/bckg-pattern.svg",https://glovoapp.com/es/es/alicante/restaurantes_1/arabe_34690/?sortingId=2&sort=cerca-de-mi,CC-MAIN-2023-23
2023-06-,Alicante,Sabor Doner,Glovo,,,Arabe 34690,,3.9,10,,,,,False,False,,,https://glovoapp.com/es/es/alicante/sabor-doner-alicante/,"https://res.cloudinary.com/glovoapp/image/fetch/f_svg,c_pad,q_auto:low,h_179,w_351,b_transparent/https://glovoapp.com/images/svg/bckg-pattern.svg",https://glovoapp.com/es/es/alicante/restaurantes_1/arabe_34690/?sortingId=2&sort=cerca-de-mi,CC-MAIN-2023-23
2023-06-,Alicante,El Campello Kebab,Glovo,,,Arabe 34690,,3.95,22,,,,,False,False,,,https://glovoapp.com/es/es/alicante/el-campello-kebab-alicante/,"https://res.cloudinary.com/glovoapp/image/fetch/f_svg,c_pad,q_auto:low,h_179,w_351,b_transparent/https://glovoapp.com/images/svg/bckg-pattern.svg",https://glovoapp.com/es/es/alicante/restaurantes_1/arabe_34690/?sortingId=2&sort=cerca-de-mi,CC-MAIN-2023-23
2023-06-,Alicante,Kebab House,Glovo,,,Arabe 34690,,4.7,431,,,,,False,False,,,https://glovoapp.com/es/es/alicante/kebab-house/,"https://res.cloudinary.com/glovoapp/image/fetch/f_svg,c_pad,q_auto:low,h_179,w_351,b_transparent/https://glovoapp.com/images/svg/bckg-pattern.svg",https://glovoapp.com/es/es/alicante/restaurantes_1/arabe_34690/?sortingId=2&sort=cerca-de-mi,CC-MAIN-2023-23
2023-06-,Alicante,Doner Kebab New Taj Mahal,Glovo,,,Arabe 34690,,4.8,46,,,,,False,False,,,https://glovoapp.com/es/es/alicante/doner-kebab-new-taj-mahal-alicante/,"https://res.cloudinary.com/glovoapp/image/fetch/f_svg,c_pad,q_auto:low,h_179,w_351,b_transparent/https://glovoapp.com/images/svg/bckg-pattern.svg",https://glovoapp.com/es/es/alicante/restaurantes_1/arabe_34690/?sortingId=2&sort=cerca-de-mi,CC-MAIN-2023-23
2023-06-,Alicante,Curry Express,Glovo,,,Arabe 34690,,5.0,31,,,,,False,False,,,https://glovoapp.com/es/es/alicante/curry-express-alicante/,"https://res.cloudinary.com/glovoapp/image/fetch/f_svg,c_pad,q_auto:low,h_179,w_351,b_transparent/https://glovoapp.com/images/svg/bckg-pattern.svg",https://glovoapp.com/es/es/alicante/restaurantes_1/arabe_34690/?sortingId=2&sort=cerca-de-mi,CC-MAIN-2023-23
2023-06-,Alicante,Natural Spanish Kebab,Glovo,,,Arabe 34690,,4.6,59,,,,,False,False,,,https://glovoapp.com/es/es/alicante/natural-spanish-kebab-alicante/,"https://res.cloudinary.com/glovoapp/image/fetch/f_svg,c_pad,q_auto:low,h_179,w_351,b_transparent/https://glovoapp.com/images/svg/bckg-pattern.svg",https://glovoapp.com/es/es/alicante/restaurantes_1/arabe_34690/?sortingId=2&sort=cerca-de-mi,CC-MAIN-2023-23
2023-06-,Alicante,Restaurante Albaraka,Glovo,,,Arabe 34690,,4.95,79,,,,,False,False,,,https://glovoapp.com/es/es/alicante/restaurante-albaraka-alicante/,"https://res.cloudinary.com/glovoapp/image/fetch/f_svg,c_pad,q_auto:low,h_179,w_351,b_transparent/https://glovoapp.com/images/svg/bckg-pattern.svg",https://glovoapp.com/es/es/alicante/restaurantes_1/arabe_34690/?sortingId=2&sort=cerca-de-mi,CC-MAIN-2023-23
2023-06-,Alicante,Kebab Buen Gusto,Glovo,,,Arabe 34690,,4.6,145,,,,,False,False,,,https://glovoapp.com/es/es/alicante/kebab-buen-gusto-alicante/,"https://res.cloudinary.com/glovoapp/image/fetch/f_svg,c_pad,q_auto:low,h_179,w_351,b_transparent/https://glovoapp.com/images/svg/bckg-pattern.svg",https://glovoapp.com/es/es/alicante/restaurantes_1/arabe_34690/?sortingId=2&sort=cerca-de-mi,CC-MAIN-2023-23
2023-06-,Alicante,Riko España,Glovo,,,Arabe 34690,,4.7,68,,,,,False,False,,,https://glovoapp.com/es/es/alicante/riko-espana-alicante/,"https://res.cloudinary.com/glovoapp/image/fetch/f_svg,c_pad,q_auto:low,h_179,w_351,b_transparent/https://glovoapp.com/images/svg/bckg-pattern.svg",https://glovoapp.com/es/es/alicante/restaurantes_1/arabe_34690/?sortingId=2&sort=cerca-de-mi,CC-MAIN-2023-23
2023-06-,Alicante,Raman Kebab,Glovo,,,Arabe 34690,,4.65,22,,,,,False,False,,,https://glovoapp.com/es/es/alicante/raman-kebab-alicante/,"https://res.cloudinary.com/glovoapp/image/fetch/f_svg,c_pad,q_auto:low,h_179,w_351,b_transparent/https://glovoapp.com/images/svg/bckg-pattern.svg",https://glovoapp.com/es/es/alicante/restaurantes_1/arabe_34690/?sortingId=2&sort=cerca-de-mi,CC-MAIN-2023-23
2023-06-,Alicante,Kiriaki Pita,Glovo,,,Arabe 34690,,3.45,10,,,,,False,False,,,https://glovoapp.com/es/es/alicante/kiriaki-pita-alicante/,"https://res.cloudinary.com/glovoapp/image/fetch/f_svg,c_pad,q_auto:low,h_179,w_351,b_transparent/https://glovoapp.com/images/svg/bckg-pattern.svg",https://glovoapp.com/es/es/alicante/restaurantes_1/arabe_34690/?sortingId=2&sort=cerca-de-mi,CC-MAIN-2023-23
2023-06-,Alicante,Kebab Puente Rojo Barbacoa Pizzería,Glovo,,,Arabe 34690,,,,,,,,False,False,,,https://glovoapp.com/es/es/alicante/kebab-puente-rojo-barbacoa-pizzeria-alicante/,"https://res.cloudinary.com/glovoapp/image/fetch/f_svg,c_pad,q_auto:low,h_179,w_351,b_transparent/https://glovoapp.com/images/svg/bckg-pattern.svg",https://glovoapp.com/es/es/alicante/restaurantes_1/arabe_34690/?sortingId=2&sort=cerca-de-mi,CC-MAIN-2023-23
2023-06-,Alicante,The Urban Kebab,Glovo,,,Arabe 34690,,4.6,12,,,,,False,False,,,https://glovoapp.com/es/es/alicante/the-urban-kebab-alicante/,"https://res.cloudinary.com/glovoapp/image/fetch/f_svg,c_pad,q_auto:low,h_179,w_351,b_transparent/https://glovoapp.com/images/svg/bckg-pattern.svg",https://glovoapp.com/es/es/alicante/restaurantes_1/arabe_34690/?sortingId=2&sort=cerca-de-mi,CC-MAIN-2023-23
2023-06-,Alicante,Döner Kebab Diagonal,Glovo,,,Arabe 34690,,,,,,,,False,False,,,https://glovoapp.com/es/es/alicante/doner-kebab-diagonal-alicante/,"https://res.cloudinary.com/glovoapp/image/fetch/f_svg,c_pad,q_auto:low,h_179,w_351,b_transparent/https://glovoapp.com/images/svg/bckg-pattern.svg",https://glovoapp.com/es/es/alicante/restaurantes_1/arabe_34690/?sortingId=2&sort=cerca-de-mi,CC-MAIN-2023-23
2023-06-,Alicante,Tacos kebab Ihab,Glovo,,,Arabe 34690,,,,,,,,False,False,,,https://glovoapp.com/es/es/alicante/tacos-kebab-ihab-alicante/,"https://res.cloudinary.com/glovoapp/image/fetch/f_svg,c_pad,q_auto:low,h_179,w_351,b_transparent/https://glovoapp.com/images/svg/bckg-pattern.svg",https://glovoapp.com/es/es/alicante/restaurantes_1/arabe_34690/?sortingId=2&sort=cerca-de-mi,CC-MAIN-2023-23
2023-06-,Alicante,Kebab & Grill 2,Glovo,,,Arabe 34690,,,,,,,,False,False,,,https://glovoapp.com/es/es/alicante/kebab-and-grill-2-alicante/,"https://res.cloudinary.com/glovoapp/image/fetch/f_svg,c_pad,q_auto:low,h_179,w_351,b_transparent/https://glovoapp.com/images/svg/bckg-pattern.svg",https://glovoapp.com/es/es/alicante/restaurantes_1/arabe_34690/?sortingId=2&sort=cerca-de-mi,CC-MAIN-2023-23
2023-06-,Alicante,La Casa De Kebab,Glovo,,,Arabe 34690,,4.5,12,,,,,False,False,,,https://glovoapp.com/es/es/alicante/la-casa-de-kebab-alicante/,"https://res.cloudinary.com/glovoapp/image/fetch/f_svg,c_pad,q_auto:low,h_179,w_351,b_transparent/https://glovoapp.com/images/svg/bckg-pattern.svg",https://glovoapp.com/es/es/alicante/restaurantes_1/arabe_34690/?sortingId=2&sort=cerca-de-mi,CC-MAIN-2023-23
2023-06-,Alicante,Turco Kebab Y Pizzería,Glovo,,,Arabe 34690,,3.75,11,,,,,False,False,,,https://glovoapp.com/es/es/alicante/turco-kebab-y-pizzeria-alicante/,"https://res.cloudinary.com/glovoapp/image/fetch/f_svg,c_pad,q_auto:low,h_179,w_351,b_transparent/https://glovoapp.com/images/svg/bckg-pattern.svg",https://glovoapp.com/es/es/alicante/restaurantes_1/arabe_34690/?sortingId=2&sort=cerca-de-mi,CC-MAIN-2023-23
2023-06-,Alicante,Sabor Kebabish,Glovo,,,Arabe 34690,,4.3,14,,,,,False,False,,,https://glovoapp.com/es/es/alicante/sabor-kebabish-alicante/,"https://res.cloudinary.com/glovoapp/image/fetch/f_svg,c_pad,q_auto:low,h_179,w_351,b_transparent/https://glovoapp.com/images/svg/bckg-pattern.svg",https://glovoapp.com/es/es/alicante/restaurantes_1/arabe_34690/?sortingId=2&sort=cerca-de-mi,CC-MAIN-2023-23
2023-06-,Alicante,Kebab Plaza,Glovo,,,Arabe 34690,,,,,,,,False,False,,,https://glovoapp.com/es/es/alicante/kebab-plaza-alicante/,"https://res.cloudinary.com/glovoapp/image/fetch/f_svg,c_pad,q_auto:low,h_179,w_351,b_transparent/https://glovoapp.com/images/svg/bckg-pattern.svg",https://glovoapp.com/es/es/alicante/restaurantes_1/arabe_34690/?sortingId=2&sort=cerca-de-mi,CC-MAIN-2023-23
2023-06-,Alicante,TACOBAB,Glovo,,,Arabe 34690,,4.3,23,,,,,False,False,,,https://glovoapp.com/es/es/alicante/taco-bab-san-vicente-alc/,"https://res.cloudinary.com/glovoapp/image/fetch/f_svg,c_pad,q_auto:low,h_179,w_351,b_transparent/https://glovoapp.com/images/svg/bckg-pattern.svg",https://glovoapp.com/es/es/alicante/restaurantes_1/arabe_34690/?sortingId=2&sort=cerca-de-mi,CC-MAIN-2023-23
2023-06-,Alicante,Doner Kebap Egipto,Glovo,,,Arabe 34690,,,,,,,,False,False,,,https://glovoapp.com/es/es/alicante/doner-kebap-egipto-alicante/,"https://res.cloudinary.com/glovoapp/image/fetch/f_svg,c_pad,q_auto:low,h_179,w_351,b_transparent/https://glovoapp.com/images/svg/bckg-pattern.svg",https://glovoapp.com/es/es/alicante/restaurantes_1/arabe_34690/?sortingId=2&sort=cerca-de-mi,CC-MAIN-2023-23
2023-06-,Alicante,El Castillo,Glovo,,,Arabe 34690,,,,,,,,False,False,,,https://glovoapp.com/es/es/alicante/el-castillo-alicante/,"https://res.cloudinary.com/glovoapp/image/fetch/f_svg,c_pad,q_auto:low,h_179,w_351,b_transparent/https://glovoapp.com/images/svg/bckg-pattern.svg",https://glovoapp.com/es/es/alicante/restaurantes_1/arabe_34690/?sortingId=2&sort=cerca-de-mi,CC-MAIN-2023-23
2023-06-,Alicante,Pizza and kebab Castle,Glovo,,,Arabe 34690,,,,,,,,False,False,,,https://glovoapp.com/es/es/alicante/tienda-castle-tenerife/,"https://res.cloudinary.com/glovoapp/image/fetch/f_svg,c_pad,q_auto:low,h_179,w_351,b_transparent/https://glovoapp.com/images/svg/bckg-pattern.svg",https://glovoapp.com/es/es/alicante/restaurantes_1/arabe_34690/?sortingId=2&sort=cerca-de-mi,CC-MAIN-2023-23
2023-06-,Alicante,Sufí Doner Kebab,Glovo,,,Arabe 34690,,,,,,,,False,False,,,https://glovoapp.com/es/es/alicante/sufi-doner-kebab-alicante/,"https://res.cloudinary.com/glovoapp/image/fetch/f_svg,c_pad,q_auto:low,h_179,w_351,b_transparent/https://glovoapp.com/images/svg/bckg-pattern.svg",https://glovoapp.com/es/es/alicante/restaurantes_1/arabe_34690/?sortingId=2&sort=cerca-de-mi,CC-MAIN-2023-23
2023-06-,Alicante,La Taberna del Gourmet,Glovo,,,Gourmet 35076,,4.9,210,,,,,False,False,,,https://glovoapp.com/es/es/alicante/la-taberna-del-gourmet/,"https://res.cloudinary.com/glovoapp/image/fetch/f_svg,c_pad,q_auto:low,h_179,w_351,b_transparent/https://glovoapp.com/images/svg/bckg-pattern.svg",https://glovoapp.com/es/es/alicante/restaurantes_1/gourmet_35076/?sortingId=2&sort=cerca-de-mi,CC-MAIN-2023-23
2023-06-,Alicante,Bar Manero,Glovo,,,Gourmet 35076,,5.0,32,,,,,False,False,,,https://glovoapp.com/es/es/alicante/bar-manero-alicante/,"https://res.cloudinary.com/glovoapp/image/fetch/f_svg,c_pad,q_auto:low,h_179,w_351,b_transparent/https://glovoapp.com/images/svg/bckg-pattern.svg",https://glovoapp.com/es/es/alicante/restaurantes_1/gourmet_35076/?sortingId=2&sort=cerca-de-mi,CC-MAIN-2023-23
2023-06-,Alicante,La Vinoteca,Glovo,,,Gourmet 35076,,5.0,21,,,,,False,False,,,https://glovoapp.com/es/es/alicante/the-winery-alicante/,"https://res.cloudinary.com/glovoapp/image/fetch/f_svg,c_pad,q_auto:low,h_179,w_351,b_transparent/https://glovoapp.com/images/svg/bckg-pattern.svg",https://glovoapp.com/es/es/alicante/restaurantes_1/gourmet_35076/?sortingId=2&sort=cerca-de-mi,CC-MAIN-2023-23
2023-06-,Alicante,Rías Baixas,Glovo,,,Gourmet 35076,,,,,,,,False,False,,,https://glovoapp.com/es/es/alicante/rias-baixas-alicante/,"https://res.cloudinary.com/glovoapp/image/fetch/f_svg,c_pad,q_auto:low,h_179,w_351,b_transparent/https://glovoapp.com/images/svg/bckg-pattern.svg",https://glovoapp.com/es/es/alicante/restaurantes_1/gourmet_35076/?sortingId=2&sort=cerca-de-mi,CC-MAIN-2023-23
2023-06-,Alicante,Petimetre El Corte Inglés,Glovo,,,Gourmet 35076,,4.95,28,,,,,False,False,,,https://glovoapp.com/es/es/alicante/petimetre-el-corte-ingles-alicante/,"https://res.cloudinary.com/glovoapp/image/fetch/f_svg,c_pad,q_auto:low,h_179,w_351,b_transparent/https://glovoapp.com/images/svg/bckg-pattern.svg",https://glovoapp.com/es/es/alicante/restaurantes_1/gourmet_35076/?sortingId=2&sort=cerca-de-mi,CC-MAIN-2023-23
2023-06-,Alicante,Enrique Tomás,Glovo,,,Gourmet 35076,,,,,,,,False,False,,,https://glovoapp.com/es/es/alicante/enrique-tomas-alicante/,"https://res.cloudinary.com/glovoapp/image/fetch/f_svg,c_pad,q_auto:low,h_179,w_351,b_transparent/https://glovoapp.com/images/svg/bckg-pattern.svg",https://glovoapp.com/es/es/alicante/restaurantes_1/gourmet_35076/?sortingId=2&sort=cerca-de-mi,CC-MAIN-2023-23
2023-06-,Alicante,Gastrobar La Malmirá,Glovo,,,Gourmet 35076,,3.4,10,,,,,False,False,,,https://glovoapp.com/es/es/alicante/gastrobar-la-malmira-alicante/,"https://res.cloudinary.com/glovoapp/image/fetch/f_svg,c_pad,q_auto:low,h_179,w_351,b_transparent/https://glovoapp.com/images/svg/bckg-pattern.svg",https://glovoapp.com/es/es/alicante/restaurantes_1/gourmet_35076/?sortingId=2&sort=cerca-de-mi,CC-MAIN-2023-23
2023-06-,Alicante,Nou Manolín,Glovo,,,Gourmet 35076,,5.0,14,,,,,False,False,,,https://glovoapp.com/es/es/alicante/nou-manolin-alicante/,"https://res.cloudinary.com/glovoapp/image/fetch/f_svg,c_pad,q_auto:low,h_179,w_351,b_transparent/https://glovoapp.com/images/svg/bckg-pattern.svg",https://glovoapp.com/es/es/alicante/restaurantes_1/gourmet_35076/?sortingId=2&sort=cerca-de-mi,CC-MAIN-2023-23
2023-06-,Alicante,Pico Limón Gourmet,Glovo,,,Gourmet 35076,,,,,,,,False,False,,,https://glovoapp.com/es/es/alicante/pico-limon-gourmet-alicante/,"https://res.cloudinary.com/glovoapp/image/fetch/f_svg,c_pad,q_auto:low,h_179,w_351,b_transparent/https://glovoapp.com/images/svg/bckg-pattern.svg",https://glovoapp.com/es/es/alicante/restaurantes_1/gourmet_35076/?sortingId=2&sort=cerca-de-mi,CC-MAIN-2023-23
2023-06-,Alicante,Restaurante Pópuli Bistró,Glovo,,,Gourmet 35076,,4.9,61,,,,,False,False,,,https://glovoapp.com/es/es/alicante/restaurante-populi-bistro-alicante/,"https://res.cloudinary.com/glovoapp/image/fetch/f_svg,c_pad,q_auto:low,h_179,w_351,b_transparent/https://glovoapp.com/images/svg/bckg-pattern.svg",https://glovoapp.com/es/es/alicante/restaurantes_1/gourmet_35076/?sortingId=2&sort=cerca-de-mi,CC-MAIN-2023-23
2023-06-,Alicante,Monumental Restaurant,Glovo,,,Gourmet 35076,,4.7,10,,,,,False,False,,,https://glovoapp.com/es/es/alicante/monumental-restaurante-alicante/,"https://res.cloudinary.com/glovoapp/image/fetch/f_svg,c_pad,q_auto:low,h_179,w_351,b_transparent/https://glovoapp.com/images/svg/bckg-pattern.svg",https://glovoapp.com/es/es/alicante/restaurantes_1/gourmet_35076/?sortingId=2&sort=cerca-de-mi,CC-MAIN-2023-23
2023-06-,Alicante,Restaurante Piripi,Glovo,,,Gourmet 35076,,5.0,15,,,,,False,False,,,https://glovoapp.com/es/es/alicante/restaurante-piripi-alicante/,"https://res.cloudinary.com/glovoapp/image/fetch/f_svg,c_pad,q_auto:low,h_179,w_351,b_transparent/https://glovoapp.com/images/svg/bckg-pattern.svg",https://glovoapp.com/es/es/alicante/restaurantes_1/gourmet_35076/?sortingId=2&sort=cerca-de-mi,CC-MAIN-2023-23
2023-05-,Alicante,El Rincón Del Pollo Halal 2,Glovo,,,Grill 34811,,5.0,32,,,,,False,False,,,https://glovoapp.com/es/es/alicante/el-rincon-del-pollo-halal-2-alicante/,"https://res.cloudinary.com/glovoapp/image/fetch/f_svg,c_pad,q_auto:low,h_179,w_351,b_transparent/https://glovoapp.com/images/svg/bckg-pattern.svg",https://glovoapp.com/es/es/alicante/restaurantes_1/grill_34811/?sortingId=2&sort=cerca-de-mi,CC-MAIN-2023-23
2023-05-,Alicante,Muu Steak House,Glovo,,,Grill 34811,,4.85,96,,,,,False,False,,,https://glovoapp.com/es/es/alicante/muu-steak-house-alicante/,"https://res.cloudinary.com/glovoapp/image/fetch/f_svg,c_pad,q_auto:low,h_179,w_351,b_transparent/https://glovoapp.com/images/svg/bckg-pattern.svg",https://glovoapp.com/es/es/alicante/restaurantes_1/grill_34811/?sortingId=2&sort=cerca-de-mi,CC-MAIN-2023-23
2023-05-,Alicante,Asador El Ombu,Glovo,,,Grill 34811,,,,,,,,False,False,,,https://glovoapp.com/es/es/alicante/asador-el-ombu-alicante/,"https://res.cloudinary.com/glovoapp/image/fetch/f_svg,c_pad,q_auto:low,h_179,w_351,b_transparent/https://glovoapp.com/images/svg/bckg-pattern.svg",https://glovoapp.com/es/es/alicante/restaurantes_1/grill_34811/?sortingId=2&sort=cerca-de-mi,CC-MAIN-2023-23
2023-05-,Alicante,Asador La Vaquería,Glovo,,,Grill 34811,,,,,,,,False,False,,,https://glovoapp.com/es/es/alicante/asador-la-vaqueria-alicante/,"https://res.cloudinary.com/glovoapp/image/fetch/f_svg,c_pad,q_auto:low,h_179,w_351,b_transparent/https://glovoapp.com/images/svg/bckg-pattern.svg",https://glovoapp.com/es/es/alicante/restaurantes_1/grill_34811/?sortingId=2&sort=cerca-de-mi,CC-MAIN-2023-23
2023-05-,Alicante,Garden Grill,Glovo,,,Grill 34811,,4.75,11,,,,,False,False,,,https://glovoapp.com/es/es/alicante/garden-grill-alicante/,"https://res.cloudinary.com/glovoapp/image/fetch/f_svg,c_pad,q_auto:low,h_179,w_351,b_transparent/https://glovoapp.com/images/svg/bckg-pattern.svg",https://glovoapp.com/es/es/alicante/restaurantes_1/grill_34811/?sortingId=2&sort=cerca-de-mi,CC-MAIN-2023-23
2023-06-,Algeciras,Grillaera,Glovo,,,Hamburguesas 34789,,4.7,291,,,,,False,False,,,https://glovoapp.com/es/es/algeciras/grillaera-algeciras/,"https://res.cloudinary.com/glovoapp/image/fetch/f_svg,c_pad,q_auto:low,h_179,w_351,b_transparent/https://glovoapp.com/images/svg/bckg-pattern.svg",https://glovoapp.com/es/es/algeciras/restaurantes_1/hamburguesas_34789/,CC-MAIN-2023-23
2023-06-,Algeciras,McDonald's®,Glovo,,,Hamburguesas 34789,,4.4,,,,,,False,False,,,https://glovoapp.com/es/es/algeciras/mcdonalds-algeciras/,"https://res.cloudinary.com/glovoapp/image/fetch/f_svg,c_pad,q_auto:low,h_179,w_351,b_transparent/https://glovoapp.com/images/svg/bckg-pattern.svg",https://glovoapp.com/es/es/algeciras/restaurantes_1/hamburguesas_34789/,CC-MAIN-2023-23
2023-06-,Algeciras,El Rincón De Manuela,Glovo,,,Hamburguesas 34789,,4.75,27,,,,,False,False,,,https://glovoapp.com/es/es/algeciras/el-rincon-de-manuela-algeciras/,"https://res.cloudinary.com/glovoapp/image/fetch/f_svg,c_pad,q_auto:low,h_179,w_351,b_transparent/https://glovoapp.com/images/svg/bckg-pattern.svg",https://glovoapp.com/es/es/algeciras/restaurantes_1/hamburguesas_34789/,CC-MAIN-2023-23
2023-06-,Algeciras,Burger King,Glovo,,,Hamburguesas 34789,,4.5,,,,,,False,False,,,https://glovoapp.com/es/es/algeciras/burger-king-algeciras/,"https://res.cloudinary.com/glovoapp/image/fetch/f_svg,c_pad,q_auto:low,h_179,w_351,b_transparent/https://glovoapp.com/images/svg/bckg-pattern.svg",https://glovoapp.com/es/es/algeciras/restaurantes_1/hamburguesas_34789/,CC-MAIN-2023-23
2023-06-,Algeciras,Foster's Hollywood,Glovo,,,Hamburguesas 34789,,4.65,68,,,,,False,False,,,https://glovoapp.com/es/es/algeciras/foster-s-hollywood-algeciras/,"https://res.cloudinary.com/glovoapp/image/fetch/f_svg,c_pad,q_auto:low,h_179,w_351,b_transparent/https://glovoapp.com/images/svg/bckg-pattern.svg",https://glovoapp.com/es/es/algeciras/restaurantes_1/hamburguesas_34789/,CC-MAIN-2023-23
2023-06-,Algeciras,Goiko,Glovo,,,Hamburguesas 34789,,4.85,84,,,,,False,False,,,https://glovoapp.com/es/es/algeciras/goiko-algeciras/,"https://res.cloudinary.com/glovoapp/image/fetch/f_svg,c_pad,q_auto:low,h_179,w_351,b_transparent/https://glovoapp.com/images/svg/bckg-pattern.svg",https://glovoapp.com/es/es/algeciras/restaurantes_1/hamburguesas_34789/,CC-MAIN-2023-23
2023-06-,Algeciras,Yankee Burger,Glovo,,,Hamburguesas 34789,,2.35,11,,,,,False,False,,,https://glovoapp.com/es/es/algeciras/yankeebulgeralg/,"https://res.cloudinary.com/glovoapp/image/fetch/f_svg,c_pad,q_auto:low,h_179,w_351,b_transparent/https://glovoapp.com/images/svg/bckg-pattern.svg",https://glovoapp.com/es/es/algeciras/restaurantes_1/hamburguesas_34789/,CC-MAIN-2023-23
2023-06-,Algeciras,Swarma Fast Food Los Amigos,Glovo,,,Hamburguesas 34789,,4.05,169,,,,,False,False,,,https://glovoapp.com/es/es/algeciras/swarma-fast-food-los-amigos-algeciras/,"https://res.cloudinary.com/glovoapp/image/fetch/f_svg,c_pad,q_auto:low,h_179,w_351,b_transparent/https://glovoapp.com/images/svg/bckg-pattern.svg",https://glovoapp.com/es/es/algeciras/restaurantes_1/hamburguesas_34789/,CC-MAIN-2023-23
2023-06-,Algeciras,Cheese World,Glovo,,,Hamburguesas 34789,,4.85,18,,,,,False,False,,,https://glovoapp.com/es/es/algeciras/comida-r-pida-estambul-algeciras/,"https://res.cloudinary.com/glovoapp/image/fetch/f_svg,c_pad,q_auto:low,h_179,w_351,b_transparent/https://glovoapp.com/images/svg/bckg-pattern.svg",https://glovoapp.com/es/es/algeciras/restaurantes_1/hamburguesas_34789/,CC-MAIN-2023-23
2023-06-,Algeciras,Bocateria La Placita,Glovo,,,Hamburguesas 34789,,4.6,103,,,,,False,False,,,https://glovoapp.com/es/es/algeciras/bocateria-la-placita-algeciras/,"https://res.cloudinary.com/glovoapp/image/fetch/f_svg,c_pad,q_auto:low,h_179,w_351,b_transparent/https://glovoapp.com/images/svg/bckg-pattern.svg",https://glovoapp.com/es/es/algeciras/restaurantes_1/hamburguesas_34789/,CC-MAIN-2023-23
2023-06-,Algeciras,Matahambre,Glovo,,,Hamburguesas 34789,,1.4,10,,,,,False,False,,,https://glovoapp.com/es/es/algeciras/matahambre-algeciras/,"https://res.cloudinary.com/glovoapp/image/fetch/f_svg,c_pad,q_auto:low,h_179,w_351,b_transparent/https://glovoapp.com/images/svg/bckg-pattern.svg",https://glovoapp.com/es/es/algeciras/restaurantes_1/hamburguesas_34789/,CC-MAIN-2023-23
2023-06-,Algeciras,Kanguro Burger,Glovo,,,Hamburguesas 34789,,,,,,,,False,False,,,https://glovoapp.com/es/es/algeciras/kanguro-burger-algeciras/,"https://res.cloudinary.com/glovoapp/image/fetch/f_svg,c_pad,q_auto:low,h_179,w_351,b_transparent/https://glovoapp.com/images/svg/bckg-pattern.svg",https://glovoapp.com/es/es/algeciras/restaurantes_1/hamburguesas_34789/,CC-MAIN-2023-23
2023-06-,Algeciras,Max Chicken,Glovo,,,Hamburguesas 34789,,,,,,,,False,False,,,https://glovoapp.com/es/es/algeciras/max-chicken-algeciras/,"https://res.cloudinary.com/glovoapp/image/fetch/f_svg,c_pad,q_auto:low,h_179,w_351,b_transparent/https://glovoapp.com/images/svg/bckg-pattern.svg",https://glovoapp.com/es/es/algeciras/restaurantes_1/hamburguesas_34789/,CC-MAIN-2023-23
2023-06-,Algeciras,La Tapería,Glovo,,,Hamburguesas 34789,,,,,,,,False,False,,,https://glovoapp.com/es/es/algeciras/la-taperia-algeciras/,"https://res.cloudinary.com/glovoapp/image/fetch/f_svg,c_pad,q_auto:low,h_179,w_351,b_transparent/https://glovoapp.com/images/svg/bckg-pattern.svg",https://glovoapp.com/es/es/algeciras/restaurantes_1/hamburguesas_34789/,CC-MAIN-2023-23
2023-06-,Algeciras,Orange Burger,Glovo,,,Hamburguesas 34789,,,,,,,,False,False,,,https://glovoapp.com/es/es/algeciras/orange-burger-algeciras/,"https://res.cloudinary.com/glovoapp/image/fetch/f_svg,c_pad,q_auto:low,h_179,w_351,b_transparent/https://glovoapp.com/images/svg/bckg-pattern.svg",https://glovoapp.com/es/es/algeciras/restaurantes_1/hamburguesas_34789/,CC-MAIN-2023-23
2023-06-,Algeciras,Caballero,Glovo,,,Hamburguesas 34789,,,,,,,,False,False,,,https://glovoapp.com/es/es/algeciras/caballero-algeciras/,"https://res.cloudinary.com/glovoapp/image/fetch/f_svg,c_pad,q_auto:low,h_179,w_351,b_transparent/https://glovoapp.com/images/svg/bckg-pattern.svg",https://glovoapp.com/es/es/algeciras/restaurantes_1/hamburguesas_34789/,CC-MAIN-2023-23
2023-06-,Algeciras,Taberna Recoveco,Glovo,,,Hamburguesas 34789,,,,,,,,False,False,,,https://glovoapp.com/es/es/algeciras/taberna-recoveco-algeciras/,"https://res.cloudinary.com/glovoapp/image/fetch/f_svg,c_pad,q_auto:low,h_179,w_351,b_transparent/https://glovoapp.com/images/svg/bckg-pattern.svg",https://glovoapp.com/es/es/algeciras/restaurantes_1/hamburguesas_34789/,CC-MAIN-2023-23
2023-06-,Algeciras,The Beast Burger,Glovo,,,Hamburguesas 34789,,,,,,,,False,False,,,https://glovoapp.com/es/es/algeciras/the-beast-burger-algeciras/,"https://res.cloudinary.com/glovoapp/image/fetch/f_svg,c_pad,q_auto:low,h_179,w_351,b_transparent/https://glovoapp.com/images/svg/bckg-pattern.svg",https://glovoapp.com/es/es/algeciras/restaurantes_1/hamburguesas_34789/,CC-MAIN-2023-23
2023-06-,Algeciras,Pa Comé,Glovo,,,Hamburguesas 34789,,,,,,,,False,False,,,https://glovoapp.com/es/es/algeciras/pa-come-algeciras/,"https://res.cloudinary.com/glovoapp/image/fetch/f_svg,c_pad,q_auto:low,h_179,w_351,b_transparent/https://glovoapp.com/images/svg/bckg-pattern.svg",https://glovoapp.com/es/es/algeciras/restaurantes_1/hamburguesas_34789/,CC-MAIN-2023-23
2023-06-,Algeciras,Hamburguesería Foot Truck Donbk2,Glovo,,,Hamburguesas 34789,,,,,,,,False,False,,,https://glovoapp.com/es/es/algeciras/hamburgueseria-foot-truck-donbk2-algeciras/,"https://res.cloudinary.com/glovoapp/image/fetch/f_svg,c_pad,q_auto:low,h_179,w_351,b_transparent/https://glovoapp.com/images/svg/bckg-pattern.svg",https://glovoapp.com/es/es/algeciras/restaurantes_1/hamburguesas_34789/,CC-MAIN-2023-23
2023-06-,Algeciras,Donaciones para World Central Kitchen,Glovo,,,Hamburguesas 34789,,,,,,,,False,False,,,https://glovoapp.com/es/es/algeciras/donaciones-para-world-center-kitchen-alg/,"https://res.cloudinary.com/glovoapp/image/fetch/f_svg,c_pad,q_auto:low,h_179,w_351,b_transparent/https://glovoapp.com/images/svg/bckg-pattern.svg",https://glovoapp.com/es/es/algeciras/restaurantes_1/hamburguesas_34789/,CC-MAIN-2023-23
2023-05-,Alicante,Bombon Boss,Glovo,,,Dulces 34802,,4.75,106,,,,,False,False,,,https://glovoapp.com/es/es/alicante/bombon-boss-alicante/,"https://res.cloudinary.com/glovoapp/image/fetch/f_svg,c_pad,q_auto:low,h_179,w_351,b_transparent/https://glovoapp.com/images/svg/bckg-pattern.svg",https://glovoapp.com/es/es/alicante/restaurantes_1/dulces_34802/?sortingId=4&sort=precio-de-entrega,CC-MAIN-2023-23
2023-05-,Alicante,Pinocchio Heladería Italiana,Glovo,,,Dulces 34802,,4.5,44,,,,,False,False,,,https://glovoapp.com/es/es/alicante/pinocchio-heladeria-italiana-alicante/,"https://res.cloudinary.com/glovoapp/image/fetch/f_svg,c_pad,q_auto:low,h_179,w_351,b_transparent/https://glovoapp.com/images/svg/bckg-pattern.svg",https://glovoapp.com/es/es/alicante/restaurantes_1/dulces_34802/?sortingId=4&sort=precio-de-entrega,CC-MAIN-2023-23
2023-05-,Alicante,Gmornin,Glovo,,,Dulces 34802,,5.0,58,,,,,False,False,,,https://glovoapp.com/es/es/alicante/gmornin-alicante/,"https://res.cloudinary.com/glovoapp/image/fetch/f_svg,c_pad,q_auto:low,h_179,w_351,b_transparent/https://glovoapp.com/images/svg/bckg-pattern.svg",https://glovoapp.com/es/es/alicante/restaurantes_1/dulces_34802/?sortingId=4&sort=precio-de-entrega,CC-MAIN-2023-23
2023-05-,Alicante,Heladería Elbit,Glovo,,,Dulces 34802,,4.9,184,,,,,False,False,,,https://glovoapp.com/es/es/alicante/heladeria-elbit-alicante/,"https://res.cloudinary.com/glovoapp/image/fetch/f_svg,c_pad,q_auto:low,h_179,w_351,b_transparent/https://glovoapp.com/images/svg/bckg-pattern.svg",https://glovoapp.com/es/es/alicante/restaurantes_1/dulces_34802/?sortingId=4&sort=precio-de-entrega,CC-MAIN-2023-23
2023-05-,Alicante,Mish Mish,Glovo,,,Dulces 34802,,4.75,76,,,,,False,False,,,https://glovoapp.com/es/es/alicante/mish-mish/,"https://res.cloudinary.com/glovoapp/image/fetch/f_svg,c_pad,q_auto:low,h_179,w_351,b_transparent/https://glovoapp.com/images/svg/bckg-pattern.svg",https://glovoapp.com/es/es/alicante/restaurantes_1/dulces_34802/?sortingId=4&sort=precio-de-entrega,CC-MAIN-2023-23
2023-05-,Alicante,Antojos,Glovo,,,Dulces 34802,,4.9,93,,,,,False,False,,,https://glovoapp.com/es/es/alicante/antojos-alicante/,"https://res.cloudinary.com/glovoapp/image/fetch/f_svg,c_pad,q_auto:low,h_179,w_351,b_transparent/https://glovoapp.com/images/svg/bckg-pattern.svg",https://glovoapp.com/es/es/alicante/restaurantes_1/dulces_34802/?sortingId=4&sort=precio-de-entrega,CC-MAIN-2023-23
2023-05-,Alicante,Monster Cookies,Glovo,,,Dulces 34802,,3.7,74,,,,,False,False,,,https://glovoapp.com/es/es/alicante/monster-cookies-alicante/,"https://res.cloudinary.com/glovoapp/image/fetch/f_svg,c_pad,q_auto:low,h_179,w_351,b_transparent/https://glovoapp.com/images/svg/bckg-pattern.svg",https://glovoapp.com/es/es/alicante/restaurantes_1/dulces_34802/?sortingId=4&sort=precio-de-entrega,CC-MAIN-2023-23
2023-05-,Alicante,Sala Café,Glovo,,,Dulces 34802,,5.0,13,,,,,False,False,,,https://glovoapp.com/es/es/alicante/sala-cafe-alicante/,"https://res.cloudinary.com/glovoapp/image/fetch/f_svg,c_pad,q_auto:low,h_179,w_351,b_transparent/https://glovoapp.com/images/svg/bckg-pattern.svg",https://glovoapp.com/es/es/alicante/restaurantes_1/dulces_34802/?sortingId=4&sort=precio-de-entrega,CC-MAIN-2023-23
2023-05-,Alicante,Dulce Cielito,Glovo,,,Dulces 34802,,4.65,14,,,,,False,False,,,https://glovoapp.com/es/es/alicante/dulce-cielito-alicante/,"https://res.cloudinary.com/glovoapp/image/fetch/f_svg,c_pad,q_auto:low,h_179,w_351,b_transparent/https://glovoapp.com/images/svg/bckg-pattern.svg",https://glovoapp.com/es/es/alicante/restaurantes_1/dulces_34802/?sortingId=4&sort=precio-de-entrega,CC-MAIN-2023-23
2023-05-,Alicante,El Patio de Picasso,Glovo,,,Dulces 34802,,4.95,10,,,,,False,False,,,https://glovoapp.com/es/es/alicante/el-patio-de-picasso-alicante/,"https://res.cloudinary.com/glovoapp/image/fetch/f_svg,c_pad,q_auto:low,h_179,w_351,b_transparent/https://glovoapp.com/images/svg/bckg-pattern.svg",https://glovoapp.com/es/es/alicante/restaurantes_1/dulces_34802/?sortingId=4&sort=precio-de-entrega,CC-MAIN-2023-23
2023-05-,Alicante,El Cookie,Glovo,,,Dulces 34802,,4.35,13,,,,,False,False,,,https://glovoapp.com/es/es/alicante/el-cookie-alicante/,"https://res.cloudinary.com/glovoapp/image/fetch/f_svg,c_pad,q_auto:low,h_179,w_351,b_transparent/https://glovoapp.com/images/svg/bckg-pattern.svg",https://glovoapp.com/es/es/alicante/restaurantes_1/dulces_34802/?sortingId=4&sort=precio-de-entrega,CC-MAIN-2023-23
2023-05-,Alicante,Churrería San Blas,Glovo,,,Dulces 34802,,4.8,107,,,,,False,False,,,https://glovoapp.com/es/es/alicante/churreria-san-blas-alicante/,"https://res.cloudinary.com/glovoapp/image/fetch/f_svg,c_pad,q_auto:low,h_179,w_351,b_transparent/https://glovoapp.com/images/svg/bckg-pattern.svg",https://glovoapp.com/es/es/alicante/restaurantes_1/dulces_34802/?sortingId=4&sort=precio-de-entrega,CC-MAIN-2023-23
2023-05-,Albacete,Reyna Istanbul,Glovo,,,,,4.05,43,,,,,False,False,,,https://glovoapp.com/es/es/albacete/reyna-istanbul-albacete/,"https://res.cloudinary.com/glovoapp/image/fetch/f_svg,c_pad,q_auto:low,h_179,w_351,b_transparent/https://glovoapp.com/images/svg/bckg-pattern.svg",https://glovoapp.com/es/es/albacete/restaurantes_1/,CC-MAIN-2023-23
2023-05-,Albacete,Restaurante Casa de Oro II,Glovo,,,,,4.45,,,,,,False,False,,,https://glovoapp.com/es/es/albacete/restaurante-casa-de-oro-ii-albacete/,"https://res.cloudinary.com/glovoapp/image/fetch/f_svg,c_pad,q_auto:low,h_179,w_351,b_transparent/https://glovoapp.com/images/svg/bckg-pattern.svg",https://glovoapp.com/es/es/albacete/restaurantes_1/,CC-MAIN-2023-23
2023-05-,Albacete,Taco Bell,Glovo,,,,,4.8,,,,,,False,False,,,https://glovoapp.com/es/es/albacete/taco-bell-alb/,"https://res.cloudinary.com/glovoapp/image/fetch/f_svg,c_pad,q_auto:low,h_179,w_351,b_transparent/https://glovoapp.com/images/svg/bckg-pattern.svg",https://glovoapp.com/es/es/albacete/restaurantes_1/,CC-MAIN-2023-23
2023-05-,Albacete,Domino's Pizza,Glovo,,,,,4.85,61,,,,,False,False,,,https://glovoapp.com/es/es/albacete/dominos-pizza-albacete/,"https://res.cloudinary.com/glovoapp/image/fetch/f_svg,c_pad,q_auto:low,h_179,w_351,b_transparent/https://glovoapp.com/images/svg/bckg-pattern.svg",https://glovoapp.com/es/es/albacete/restaurantes_1/,CC-MAIN-2023-23
2023-05-,Albacete,Camperos Gigantes Malagueños,Glovo,,,,,,,,,,,False,False,,,https://glovoapp.com/es/es/albacete/camperos-gigantes-malaguenos-albacete/,"https://res.cloudinary.com/glovoapp/image/fetch/f_svg,c_pad,q_auto:low,h_179,w_351,b_transparent/https://glovoapp.com/images/svg/bckg-pattern.svg",https://glovoapp.com/es/es/albacete/restaurantes_1/,CC-MAIN-2023-23
2023-05-,Albacete,Healthy Hunters,Glovo,,,,,4.7,113,,,,,False,False,,,https://glovoapp.com/es/es/albacete/healthy-hunters-albacete/,"https://res.cloudinary.com/glovoapp/image/fetch/f_svg,c_pad,q_auto:low,h_179,w_351,b_transparent/https://glovoapp.com/images/svg/bckg-pattern.svg",https://glovoapp.com/es/es/albacete/restaurantes_1/,CC-MAIN-2023-23
2023-05-,Albacete,McDonald's®,Glovo,,,,,4.45,,,,,,False,False,,,https://glovoapp.com/es/es/albacete/mcdonald-s-albacete/,"https://res.cloudinary.com/glovoapp/image/fetch/f_svg,c_pad,q_auto:low,h_179,w_351,b_transparent/https://glovoapp.com/images/svg/bckg-pattern.svg",https://glovoapp.com/es/es/albacete/restaurantes_1/,CC-MAIN-2023-23
2023-05-,Albacete,Pollos Olga,Glovo,,,,,4.75,131,,,,,False,False,,,https://glovoapp.com/es/es/albacete/pollos-olga-albacete/,"https://res.cloudinary.com/glovoapp/image/fetch/f_svg,c_pad,q_auto:low,h_179,w_351,b_transparent/https://glovoapp.com/images/svg/bckg-pattern.svg",https://glovoapp.com/es/es/albacete/restaurantes_1/,CC-MAIN-2023-23
2023-05-,Albacete,La Cocina Al Día,Glovo,,,,,4.85,53,,,,,False,False,,,https://glovoapp.com/es/es/albacete/la-cocina-al-dia-albacete/,"https://res.cloudinary.com/glovoapp/image/fetch/f_svg,c_pad,q_auto:low,h_179,w_351,b_transparent/https://glovoapp.com/images/svg/bckg-pattern.svg",https://glovoapp.com/es/es/albacete/restaurantes_1/,CC-MAIN-2023-23
2023-05-,Albacete,Burger King,Glovo,,,,,4.7,364,,,,,False,False,,,https://glovoapp.com/es/es/albacete/burger-king-albacete/,"https://res.cloudinary.com/glovoapp/image/fetch/f_svg,c_pad,q_auto:low,h_179,w_351,b_transparent/https://glovoapp.com/images/svg/bckg-pattern.svg",https://glovoapp.com/es/es/albacete/restaurantes_1/,CC-MAIN-2023-23
2023-05-,Albacete,Pomodoro,Glovo,,,,,4.15,49,,,,,False,False,,,https://glovoapp.com/es/es/albacete/pomodoro-albacete/,"https://res.cloudinary.com/glovoapp/image/fetch/f_svg,c_pad,q_auto:low,h_179,w_351,b_transparent/https://glovoapp.com/images/svg/bckg-pattern.svg",https://glovoapp.com/es/es/albacete/restaurantes_1/,CC-MAIN-2023-23
2023-05-,Albacete,Restaurante Sushi Chan,Glovo,,,,,4.75,66,,,,,False,False,,,https://glovoapp.com/es/es/albacete/restaurante-sushi-chan-albacete/,"https://res.cloudinary.com/glovoapp/image/fetch/f_svg,c_pad,q_auto:low,h_179,w_351,b_transparent/https://glovoapp.com/images/svg/bckg-pattern.svg",https://glovoapp.com/es/es/albacete/restaurantes_1/,CC-MAIN-2023-23
2023-05-,Albacete,llaollao,Glovo,,,,,4.8,29,,,,,False,False,,,https://glovoapp.com/es/es/albacete/llaollao-albacete/,"https://res.cloudinary.com/glovoapp/image/fetch/f_svg,c_pad,q_auto:low,h_179,w_351,b_transparent/https://glovoapp.com/images/svg/bckg-pattern.svg",https://glovoapp.com/es/es/albacete/restaurantes_1/,CC-MAIN-2023-23
2023-05-,Albacete,Baru Coffee Estate,Glovo,,,,,5.0,13,,,,,False,False,,,https://glovoapp.com/es/es/albacete/baru-coffee-estate-albacete/,"https://res.cloudinary.com/glovoapp/image/fetch/f_svg,c_pad,q_auto:low,h_179,w_351,b_transparent/https://glovoapp.com/images/svg/bckg-pattern.svg",https://glovoapp.com/es/es/albacete/restaurantes_1/,CC-MAIN-2023-23
2023-05-,Albacete,Al Punto,Glovo,,,,,4.9,26,,,,,False,False,,,https://glovoapp.com/es/es/albacete/al-punto-albacete/,"https://res.cloudinary.com/glovoapp/image/fetch/f_svg,c_pad,q_auto:low,h_179,w_351,b_transparent/https://glovoapp.com/images/svg/bckg-pattern.svg",https://glovoapp.com/es/es/albacete/restaurantes_1/,CC-MAIN-2023-23
2023-05-,Albacete,Sesamum,Glovo,,,,,4.5,18,,,,,False,False,,,https://glovoapp.com/es/es/albacete/sesamum-albacete/,"https://res.cloudinary.com/glovoapp/image/fetch/f_svg,c_pad,q_auto:low,h_179,w_351,b_transparent/https://glovoapp.com/images/svg/bckg-pattern.svg",https://glovoapp.com/es/es/albacete/restaurantes_1/,CC-MAIN-2023-23
2023-05-,Albacete,Don Pollo,Glovo,,,,,5.0,120,,,,,False,False,,,https://glovoapp.com/es/es/albacete/don-pollo-albacete/,"https://res.cloudinary.com/glovoapp/image/fetch/f_svg,c_pad,q_auto:low,h_179,w_351,b_transparent/https://glovoapp.com/images/svg/bckg-pattern.svg",https://glovoapp.com/es/es/albacete/restaurantes_1/,CC-MAIN-2023-23
2023-05-,Albacete,Bar Los Corzos,Glovo,,,,,5.0,50,,,,,False,False,,,https://glovoapp.com/es/es/albacete/bar-los-corzos-albacete/,"https://res.cloudinary.com/glovoapp/image/fetch/f_svg,c_pad,q_auto:low,h_179,w_351,b_transparent/https://glovoapp.com/images/svg/bckg-pattern.svg",https://glovoapp.com/es/es/albacete/restaurantes_1/,CC-MAIN-2023-23
2023-05-,Albacete,Buddy Boy,Glovo,,,,,4.45,34,,,,,False,False,,,https://glovoapp.com/es/es/albacete/buddy-boy-albacete/,"https://res.cloudinary.com/glovoapp/image/fetch/f_svg,c_pad,q_auto:low,h_179,w_351,b_transparent/https://glovoapp.com/images/svg/bckg-pattern.svg",https://glovoapp.com/es/es/albacete/restaurantes_1/,CC-MAIN-2023-23
2023-05-,Albacete,Cafetería Sampa,Glovo,,,,,4.8,10,,,,,False,False,,,https://glovoapp.com/es/es/albacete/cafeteria-sampa-albacete/,"https://res.cloudinary.com/glovoapp/image/fetch/f_svg,c_pad,q_auto:low,h_179,w_351,b_transparent/https://glovoapp.com/images/svg/bckg-pattern.svg",https://glovoapp.com/es/es/albacete/restaurantes_1/,CC-MAIN-2023-23
2023-05-,Albacete,Top Chef Kebab,Glovo,,,,,4.8,44,,,,,False,False,,,https://glovoapp.com/es/es/albacete/top-chef-kebab-albacete/,"https://res.cloudinary.com/glovoapp/image/fetch/f_svg,c_pad,q_auto:low,h_179,w_351,b_transparent/https://glovoapp.com/images/svg/bckg-pattern.svg",https://glovoapp.com/es/es/albacete/restaurantes_1/,CC-MAIN-2023-23
2023-05-,Albacete,El Pollo Asado De Albacete,Glovo,,,,,3.65,10,,,,,False,False,,,https://glovoapp.com/es/es/albacete/el-pollo-asado-de-albacete-albacete/,"https://res.cloudinary.com/glovoapp/image/fetch/f_svg,c_pad,q_auto:low,h_179,w_351,b_transparent/https://glovoapp.com/images/svg/bckg-pattern.svg",https://glovoapp.com/es/es/albacete/restaurantes_1/,CC-MAIN-2023-23
2023-05-,Albacete,Ben & Jerry's y Magnum,Glovo,,,,,4.6,53,,,,,False,False,,,https://glovoapp.com/es/es/albacete/unilever-albacete/,"https://res.cloudinary.com/glovoapp/image/fetch/f_svg,c_pad,q_auto:low,h_179,w_351,b_transparent/https://glovoapp.com/images/svg/bckg-pattern.svg",https://glovoapp.com/es/es/albacete/restaurantes_1/,CC-MAIN-2023-23
2023-05-,Albacete,Kebab Aladino Tejares,Glovo,,,,,4.75,76,,,,,False,False,,,https://glovoapp.com/es/es/albacete/kebab-aladino-tejares-alb/,"https://res.cloudinary.com/glovoapp/image/fetch/f_svg,c_pad,q_auto:low,h_179,w_351,b_transparent/https://glovoapp.com/images/svg/bckg-pattern.svg",https://glovoapp.com/es/es/albacete/restaurantes_1/,CC-MAIN-2023-23
2023-05-,Albacete,Restaurante Árabe Ouzoud,Glovo,,,,,,,,,,,False,False,,,https://glovoapp.com/es/es/albacete/restaurante-arabe-ouzoud-albacete/,"https://res.cloudinary.com/glovoapp/image/fetch/f_svg,c_pad,q_auto:low,h_179,w_351,b_transparent/https://glovoapp.com/images/svg/bckg-pattern.svg",https://glovoapp.com/es/es/albacete/restaurantes_1/,CC-MAIN-2023-23
2023-05-,Albacete,Churrería Alvarez,Glovo,,,,,4.3,15,,,,,False,False,,,https://glovoapp.com/es/es/albacete/churreria-alvarez-albacete/,"https://res.cloudinary.com/glovoapp/image/fetch/f_svg,c_pad,q_auto:low,h_179,w_351,b_transparent/https://glovoapp.com/images/svg/bckg-pattern.svg",https://glovoapp.com/es/es/albacete/restaurantes_1/,CC-MAIN-2023-23
2023-05-,Albacete,Platos Preparados El Corte Inglés,Glovo,,,,,4.6,45,,,,,False,False,,,https://glovoapp.com/es/es/albacete/platos-preparados-el-corte-ingles-albacete/,"https://res.cloudinary.com/glovoapp/image/fetch/f_svg,c_pad,q_auto:low,h_179,w_351,b_transparent/https://glovoapp.com/images/svg/bckg-pattern.svg",https://glovoapp.com/es/es/albacete/restaurantes_1/,CC-MAIN-2023-23
2023-05-,Albacete,Bar Pancho's,Glovo,,,,,4.95,87,,,,,False,False,,,https://glovoapp.com/es/es/albacete/bar-panchos-albacete/,"https://res.cloudinary.com/glovoapp/image/fetch/f_svg,c_pad,q_auto:low,h_179,w_351,b_transparent/https://glovoapp.com/images/svg/bckg-pattern.svg",https://glovoapp.com/es/es/albacete/restaurantes_1/,CC-MAIN-2023-23
2023-05-,Albacete,Wok Family,Glovo,,,,,3.95,11,,,,,False,False,,,https://glovoapp.com/es/es/albacete/wok-family-albacete/,"https://res.cloudinary.com/glovoapp/image/fetch/f_svg,c_pad,q_auto:low,h_179,w_351,b_transparent/https://glovoapp.com/images/svg/bckg-pattern.svg",https://glovoapp.com/es/es/albacete/restaurantes_1/,CC-MAIN-2023-23
2023-05-,Albacete,Restaurante Asiático Kyoto,Glovo,,,,,5.0,27,,,,,False,False,,,https://glovoapp.com/es/es/albacete/restaurante-asiatico-kyoto-albacete/,"https://res.cloudinary.com/glovoapp/image/fetch/f_svg,c_pad,q_auto:low,h_179,w_351,b_transparent/https://glovoapp.com/images/svg/bckg-pattern.svg",https://glovoapp.com/es/es/albacete/restaurantes_1/,CC-MAIN-2023-23
2023-05-,Albacete,Bocamadre,Glovo,,,,,4.8,10,,,,,False,False,,,https://glovoapp.com/es/es/albacete/bocamadre-alb/,"https://res.cloudinary.com/glovoapp/image/fetch/f_svg,c_pad,q_auto:low,h_179,w_351,b_transparent/https://glovoapp.com/images/svg/bckg-pattern.svg",https://glovoapp.com/es/es/albacete/restaurantes_1/,CC-MAIN-2023-23
2023-05-,Albacete,Mexican Lovers,Glovo,,,,,4.75,12,,,,,False,False,,,https://glovoapp.com/es/es/albacete/mexican-lovers-alb/,"https://res.cloudinary.com/glovoapp/image/fetch/f_svg,c_pad,q_auto:low,h_179,w_351,b_transparent/https://glovoapp.com/images/svg/bckg-pattern.svg",https://glovoapp.com/es/es/albacete/restaurantes_1/,CC-MAIN-2023-23
2023-05-,Albacete,The Tapa Negra,Glovo,,,,,4.45,10,,,,,False,False,,,https://glovoapp.com/es/es/albacete/the-tapa-negra-albacete/,"https://res.cloudinary.com/glovoapp/image/fetch/f_svg,c_pad,q_auto:low,h_179,w_351,b_transparent/https://glovoapp.com/images/svg/bckg-pattern.svg",https://glovoapp.com/es/es/albacete/restaurantes_1/,CC-MAIN-2023-23
2023-05-,Albacete,100 Montaditos,Glovo,,,,,4.8,43,,,,,False,False,,,https://glovoapp.com/es/es/albacete/100-montaditos-albacete/,"https://res.cloudinary.com/glovoapp/image/fetch/f_svg,c_pad,q_auto:low,h_179,w_351,b_transparent/https://glovoapp.com/images/svg/bckg-pattern.svg",https://glovoapp.com/es/es/albacete/restaurantes_1/,CC-MAIN-2023-23
2023-05-,Albacete,Restaurante Cortijo El Aguila,Glovo,,,,,4.85,10,,,,,False,False,,,https://glovoapp.com/es/es/albacete/restaurante-cortijo-el-aguila-albacete/,"https://res.cloudinary.com/glovoapp/image/fetch/f_svg,c_pad,q_auto:low,h_179,w_351,b_transparent/https://glovoapp.com/images/svg/bckg-pattern.svg",https://glovoapp.com/es/es/albacete/restaurantes_1/,CC-MAIN-2023-23
2023-05-,Albacete,Cafetería Fútbol Base,Glovo,,,,,4.45,58,,,,,False,False,,,https://glovoapp.com/es/es/albacete/cafeteria-futbol-base-albacete/,"https://res.cloudinary.com/glovoapp/image/fetch/f_svg,c_pad,q_auto:low,h_179,w_351,b_transparent/https://glovoapp.com/images/svg/bckg-pattern.svg",https://glovoapp.com/es/es/albacete/restaurantes_1/,CC-MAIN-2023-23
2023-05-,Albacete,Gran Muralla Green,Glovo,,,,,4.9,35,,,,,False,False,,,https://glovoapp.com/es/es/albacete/gran-muralla-green-albacete/,"https://res.cloudinary.com/glovoapp/image/fetch/f_svg,c_pad,q_auto:low,h_179,w_351,b_transparent/https://glovoapp.com/images/svg/bckg-pattern.svg",https://glovoapp.com/es/es/albacete/restaurantes_1/,CC-MAIN-2023-23
2023-05-,Albacete,Restaurante Chino Hong Kong,Glovo,,,,,4.85,113,,,,,False,False,,,https://glovoapp.com/es/es/albacete/restaurante-chino-hong-kong-albacete/,"https://res.cloudinary.com/glovoapp/image/fetch/f_svg,c_pad,q_auto:low,h_179,w_351,b_transparent/https://glovoapp.com/images/svg/bckg-pattern.svg",https://glovoapp.com/es/es/albacete/restaurantes_1/,CC-MAIN-2023-23
2023-05-,Albacete,"Fogón Andino ""Sabor y Tradición""",Glovo,,,,,4.85,64,,,,,False,False,,,https://glovoapp.com/es/es/albacete/fogon-andino-sabor-y-tradicion-albacete/,"https://res.cloudinary.com/glovoapp/image/fetch/f_svg,c_pad,q_auto:low,h_179,w_351,b_transparent/https://glovoapp.com/images/svg/bckg-pattern.svg",https://glovoapp.com/es/es/albacete/restaurantes_1/,CC-MAIN-2023-23
2023-05-,Albacete,Restaurante Bendix,Glovo,,,,,,,,,,,False,False,,,https://glovoapp.com/es/es/albacete/restaurante-bendix-albacete/,"https://res.cloudinary.com/glovoapp/image/fetch/f_svg,c_pad,q_auto:low,h_179,w_351,b_transparent/https://glovoapp.com/images/svg/bckg-pattern.svg",https://glovoapp.com/es/es/albacete/restaurantes_1/,CC-MAIN-2023-23
2023-05-,Albacete,Bollywood Restaurante Hindú,Glovo,,,,,5.0,21,,,,,False,False,,,https://glovoapp.com/es/es/albacete/bollywood-restaurante-hindu-albacete/,"https://res.cloudinary.com/glovoapp/image/fetch/f_svg,c_pad,q_auto:low,h_179,w_351,b_transparent/https://glovoapp.com/images/svg/bckg-pattern.svg",https://glovoapp.com/es/es/albacete/restaurantes_1/,CC-MAIN-2023-23
2023-05-,Albacete,Nimax,Glovo,,,,,4.9,66,,,,,False,False,,,https://glovoapp.com/es/es/albacete/nimax-albacete/,"https://res.cloudinary.com/glovoapp/image/fetch/f_svg,c_pad,q_auto:low,h_179,w_351,b_transparent/https://glovoapp.com/images/svg/bckg-pattern.svg",https://glovoapp.com/es/es/albacete/restaurantes_1/,CC-MAIN-2023-23
2023-05-,Albacete,VIPS,Glovo,,,,,4.35,102,,,,,False,False,,,https://glovoapp.com/es/es/albacete/vips-albacete2/,"https://res.cloudinary.com/glovoapp/image/fetch/f_svg,c_pad,q_auto:low,h_179,w_351,b_transparent/https://glovoapp.com/images/svg/bckg-pattern.svg",https://glovoapp.com/es/es/albacete/restaurantes_1/,CC-MAIN-2023-23
2023-05-,Albacete,Chino Gran Muralla,Glovo,,,,,4.45,49,,,,,False,False,,,https://glovoapp.com/es/es/albacete/chino-gran-muralla-albacete/,"https://res.cloudinary.com/glovoapp/image/fetch/f_svg,c_pad,q_auto:low,h_179,w_351,b_transparent/https://glovoapp.com/images/svg/bckg-pattern.svg",https://glovoapp.com/es/es/albacete/restaurantes_1/,CC-MAIN-2023-23
2023-05-,Albacete,Ginos,Glovo,,,,,4.2,34,,,,,False,False,,,https://glovoapp.com/es/es/albacete/ginos-albacete/,"https://res.cloudinary.com/glovoapp/image/fetch/f_svg,c_pad,q_auto:low,h_179,w_351,b_transparent/https://glovoapp.com/images/svg/bckg-pattern.svg",https://glovoapp.com/es/es/albacete/restaurantes_1/,CC-MAIN-2023-23
2023-05-,Albacete,Candela Eats,Glovo,,,,,4.8,15,,,,,False,False,,,https://glovoapp.com/es/es/albacete/candela-eats-albacete/,"https://res.cloudinary.com/glovoapp/image/fetch/f_svg,c_pad,q_auto:low,h_179,w_351,b_transparent/https://glovoapp.com/images/svg/bckg-pattern.svg",https://glovoapp.com/es/es/albacete/restaurantes_1/,CC-MAIN-2023-23
2023-05-,Albacete,Khan Kebab,Glovo,,,,,4.6,110,,,,,False,False,,,https://glovoapp.com/es/es/albacete/khan-kebab-albacete/,"https://res.cloudinary.com/glovoapp/image/fetch/f_svg,c_pad,q_auto:low,h_179,w_351,b_transparent/https://glovoapp.com/images/svg/bckg-pattern.svg",https://glovoapp.com/es/es/albacete/restaurantes_1/,CC-MAIN-2023-23
2023-06-,A Coruna,Restaurant Wok Big Escena,Glovo,,,Asiatica 34834,,4.6,58,,,,,False,False,,,https://glovoapp.com/es/es/a-coruna/restaurant-wok-big-escena-a-coruna/,"https://res.cloudinary.com/glovoapp/image/fetch/f_svg,c_pad,q_auto:low,h_179,w_351,b_transparent/https://glovoapp.com/images/svg/bckg-pattern.svg",https://glovoapp.com/es/es/a-coruna/restaurantes_1/asiatica_34834/,CC-MAIN-2023-23
2023-06-,A Coruna,Restaurante Fusigriasa,Glovo,,,Asiatica 34834,,,,,,,,False,False,,,https://glovoapp.com/es/es/a-coruna/restaurante-fusigriasa-a-coruna/,"https://res.cloudinary.com/glovoapp/image/fetch/f_svg,c_pad,q_auto:low,h_179,w_351,b_transparent/https://glovoapp.com/images/svg/bckg-pattern.svg",https://glovoapp.com/es/es/a-coruna/restaurantes_1/asiatica_34834/,CC-MAIN-2023-23
2023-06-,A Coruna,Té Oriental,Glovo,,,Asiatica 34834,,4.65,190,,,,,False,False,,,https://glovoapp.com/es/es/a-coruna/te-oriental-a-coruna/,"https://res.cloudinary.com/glovoapp/image/fetch/f_svg,c_pad,q_auto:low,h_179,w_351,b_transparent/https://glovoapp.com/images/svg/bckg-pattern.svg",https://glovoapp.com/es/es/a-coruna/restaurantes_1/asiatica_34834/,CC-MAIN-2023-23
2023-06-,A Coruna,Gran Escena,Glovo,,,Asiatica 34834,,4.85,132,,,,,False,False,,,https://glovoapp.com/es/es/a-coruna/gran-escena-a-coruna/,"https://res.cloudinary.com/glovoapp/image/fetch/f_svg,c_pad,q_auto:low,h_179,w_351,b_transparent/https://glovoapp.com/images/svg/bckg-pattern.svg",https://glovoapp.com/es/es/a-coruna/restaurantes_1/asiatica_34834/,CC-MAIN-2023-23
2023-06-,A Coruna,KohLanta,Glovo,,,Asiatica 34834,,4.9,,,,,,False,False,,,https://glovoapp.com/es/es/a-coruna/kohlanta-a-coruna/,"https://res.cloudinary.com/glovoapp/image/fetch/f_svg,c_pad,q_auto:low,h_179,w_351,b_transparent/https://glovoapp.com/images/svg/bckg-pattern.svg",https://glovoapp.com/es/es/a-coruna/restaurantes_1/asiatica_34834/,CC-MAIN-2023-23
2023-06-,A Coruna,Restaurante Shouri,Glovo,,,Asiatica 34834,,4.95,47,,,,,False,False,,,https://glovoapp.com/es/es/a-coruna/restaurante-shouri-a-coruna/,"https://res.cloudinary.com/glovoapp/image/fetch/f_svg,c_pad,q_auto:low,h_179,w_351,b_transparent/https://glovoapp.com/images/svg/bckg-pattern.svg",https://glovoapp.com/es/es/a-coruna/restaurantes_1/asiatica_34834/,CC-MAIN-2023-23
2023-06-,A Coruna,Kamado,Glovo,,,Asiatica 34834,,4.7,117,,,,,False,False,,,https://glovoapp.com/es/es/a-coruna/kamado-lcg/,"https://res.cloudinary.com/glovoapp/image/fetch/f_svg,c_pad,q_auto:low,h_179,w_351,b_transparent/https://glovoapp.com/images/svg/bckg-pattern.svg",https://glovoapp.com/es/es/a-coruna/restaurantes_1/asiatica_34834/,CC-MAIN-2023-23
2023-06-,A Coruna,Town,Glovo,,,Asiatica 34834,,4.75,232,,,,,False,False,,,https://glovoapp.com/es/es/a-coruna/town-a-coruna/,"https://res.cloudinary.com/glovoapp/image/fetch/f_svg,c_pad,q_auto:low,h_179,w_351,b_transparent/https://glovoapp.com/images/svg/bckg-pattern.svg",https://glovoapp.com/es/es/a-coruna/restaurantes_1/asiatica_34834/,CC-MAIN-2023-23
2023-06-,A Coruna,Wok Wang,Glovo,,,Asiatica 34834,,4.8,379,,,,,False,False,,,https://glovoapp.com/es/es/a-coruna/wok-wang/,"https://res.cloudinary.com/glovoapp/image/fetch/f_svg,c_pad,q_auto:low,h_179,w_351,b_transparent/https://glovoapp.com/images/svg/bckg-pattern.svg",https://glovoapp.com/es/es/a-coruna/restaurantes_1/asiatica_34834/,CC-MAIN-2023-23
2023-06-,A Coruna,Aloha Poké,Glovo,,,Asiatica 34834,,,,,,,,False,False,,,https://glovoapp.com/es/es/a-coruna/aloha-poke-coruna/,"https://res.cloudinary.com/glovoapp/image/fetch/f_svg,c_pad,q_auto:low,h_179,w_351,b_transparent/https://glovoapp.com/images/svg/bckg-pattern.svg",https://glovoapp.com/es/es/a-coruna/restaurantes_1/asiatica_34834/,CC-MAIN-2023-23
2023-06-,A Coruna,Chirashizushi Express,Glovo,,,Asiatica 34834,,4.8,22,,,,,False,False,,,https://glovoapp.com/es/es/a-coruna/chirashizushi-express-a-coruna/,"https://res.cloudinary.com/glovoapp/image/fetch/f_svg,c_pad,q_auto:low,h_179,w_351,b_transparent/https://glovoapp.com/images/svg/bckg-pattern.svg",https://glovoapp.com/es/es/a-coruna/restaurantes_1/asiatica_34834/,CC-MAIN-2023-23
2023-06-,A Coruna,Monkee Ramen Bar,Glovo,,,Asiatica 34834,,4.8,40,,,,,False,False,,,https://glovoapp.com/es/es/a-coruna/monke-ramen-bar-a-coruna/,"https://res.cloudinary.com/glovoapp/image/fetch/f_svg,c_pad,q_auto:low,h_179,w_351,b_transparent/https://glovoapp.com/images/svg/bckg-pattern.svg",https://glovoapp.com/es/es/a-coruna/restaurantes_1/asiatica_34834/,CC-MAIN-2023-23
2023-06-,A Coruna,Fujiyama,Glovo,,,Asiatica 34834,,5.0,68,,,,,False,False,,,https://glovoapp.com/es/es/a-coruna/fujiyama-3/,"https://res.cloudinary.com/glovoapp/image/fetch/f_svg,c_pad,q_auto:low,h_179,w_351,b_transparent/https://glovoapp.com/images/svg/bckg-pattern.svg",https://glovoapp.com/es/es/a-coruna/restaurantes_1/asiatica_34834/,CC-MAIN-2023-23
2023-06-,A Coruna,Zhang Sushi,Glovo,,,Asiatica 34834,,4.65,49,,,,,False,False,,,https://glovoapp.com/es/es/a-coruna/zhang-sushi-a-coruna/,"https://res.cloudinary.com/glovoapp/image/fetch/f_svg,c_pad,q_auto:low,h_179,w_351,b_transparent/https://glovoapp.com/images/svg/bckg-pattern.svg",https://glovoapp.com/es/es/a-coruna/restaurantes_1/asiatica_34834/,CC-MAIN-2023-23
2023-06-,A Coruna,Como En Casa,Glovo,,,Asiatica 34834,,,,,,,,False,False,,,https://glovoapp.com/es/es/a-coruna/como-en-casa-a-coruna/,"https://res.cloudinary.com/glovoapp/image/fetch/f_svg,c_pad,q_auto:low,h_179,w_351,b_transparent/https://glovoapp.com/images/svg/bckg-pattern.svg",https://glovoapp.com/es/es/a-coruna/restaurantes_1/asiatica_34834/,CC-MAIN-2023-23
2023-06-,A Coruna,Nakama Sushi Fusión,Glovo,,,Asiatica 34834,,4.5,11,,,,,False,False,,,https://glovoapp.com/es/es/a-coruna/nakama-sushi-fusion-a-coruna/,"https://res.cloudinary.com/glovoapp/image/fetch/f_svg,c_pad,q_auto:low,h_179,w_351,b_transparent/https://glovoapp.com/images/svg/bckg-pattern.svg",https://glovoapp.com/es/es/a-coruna/restaurantes_1/asiatica_34834/,CC-MAIN-2023-23
2023-06-,A Coruna,Uno Sushi,Glovo,,,Asiatica 34834,,,,,,,,False,False,,,https://glovoapp.com/es/es/a-coruna/uno-sushi-a-coruna/,"https://res.cloudinary.com/glovoapp/image/fetch/f_svg,c_pad,q_auto:low,h_179,w_351,b_transparent/https://glovoapp.com/images/svg/bckg-pattern.svg",https://glovoapp.com/es/es/a-coruna/restaurantes_1/asiatica_34834/,CC-MAIN-2023-23
2023-06-,A Coruna,Wok King,Glovo,,,Asiatica 34834,,4.75,149,,,,,False,False,,,https://glovoapp.com/es/es/a-coruna/wok-king-a-coruna/,"https://res.cloudinary.com/glovoapp/image/fetch/f_svg,c_pad,q_auto:low,h_179,w_351,b_transparent/https://glovoapp.com/images/svg/bckg-pattern.svg",https://glovoapp.com/es/es/a-coruna/restaurantes_1/asiatica_34834/,CC-MAIN-2023-23
2023-06-,A Coruna,Thai Market,Glovo,,,Asiatica 34834,,4.8,96,,,,,False,False,,,https://glovoapp.com/es/es/a-coruna/thai-market-a-coruna/,"https://res.cloudinary.com/glovoapp/image/fetch/f_svg,c_pad,q_auto:low,h_179,w_351,b_transparent/https://glovoapp.com/images/svg/bckg-pattern.svg",https://glovoapp.com/es/es/a-coruna/restaurantes_1/asiatica_34834/,CC-MAIN-2023-23
2023-06-,A Coruna,Restaurante Hong Kong,Glovo,,,Asiatica 34834,,4.8,324,,,,,False,False,,,https://glovoapp.com/es/es/a-coruna/restaurante-hong-kong-a-coruna/,"https://res.cloudinary.com/glovoapp/image/fetch/f_svg,c_pad,q_auto:low,h_179,w_351,b_transparent/https://glovoapp.com/images/svg/bckg-pattern.svg",https://glovoapp.com/es/es/a-coruna/restaurantes_1/asiatica_34834/,CC-MAIN-2023-23
2023-06-,Alicante,Muu Steak House,Glovo,,,Grill 34811,,4.9,94,,,,,False,False,,,https://glovoapp.com/es/es/alicante/muu-steak-house-alicante/,"https://res.cloudinary.com/glovoapp/image/fetch/f_svg,c_pad,q_auto:low,h_179,w_351,b_transparent/https://glovoapp.com/images/svg/bckg-pattern.svg",https://glovoapp.com/es/es/alicante/restaurantes_1/grill_34811/?sortingId=4&sort=precio-de-entrega,CC-MAIN-2023-23
2023-06-,Alicante,Asador La Vaquería,Glovo,,,Grill 34811,,,,,,,,False,False,,,https://glovoapp.com/es/es/alicante/asador-la-vaqueria-alicante/,"https://res.cloudinary.com/glovoapp/image/fetch/f_svg,c_pad,q_auto:low,h_179,w_351,b_transparent/https://glovoapp.com/images/svg/bckg-pattern.svg",https://glovoapp.com/es/es/alicante/restaurantes_1/grill_34811/?sortingId=4&sort=precio-de-entrega,CC-MAIN-2023-23
2023-06-,Alicante,El Rincón Del Pollo Halal 2,Glovo,,,Grill 34811,,5.0,35,,,,,False,False,,,https://glovoapp.com/es/es/alicante/el-rincon-del-pollo-halal-2-alicante/,"https://res.cloudinary.com/glovoapp/image/fetch/f_svg,c_pad,q_auto:low,h_179,w_351,b_transparent/https://glovoapp.com/images/svg/bckg-pattern.svg",https://glovoapp.com/es/es/alicante/restaurantes_1/grill_34811/?sortingId=4&sort=precio-de-entrega,CC-MAIN-2023-23
2023-06-,Alicante,Asador El Ombu,Glovo,,,Grill 34811,,,,,,,,False,False,,,https://glovoapp.com/es/es/alicante/asador-el-ombu-alicante/,"https://res.cloudinary.com/glovoapp/image/fetch/f_svg,c_pad,q_auto:low,h_179,w_351,b_transparent/https://glovoapp.com/images/svg/bckg-pattern.svg",https://glovoapp.com/es/es/alicante/restaurantes_1/grill_34811/?sortingId=4&sort=precio-de-entrega,CC-MAIN-2023-23
2023-06-,Alicante,Garden Grill,Glovo,,,Grill 34811,,4.75,11,,,,,False,False,,,https://glovoapp.com/es/es/alicante/garden-grill-alicante/,"https://res.cloudinary.com/glovoapp/image/fetch/f_svg,c_pad,q_auto:low,h_179,w_351,b_transparent/https://glovoapp.com/images/svg/bckg-pattern.svg",https://glovoapp.com/es/es/alicante/restaurantes_1/grill_34811/?sortingId=4&sort=precio-de-entrega,CC-MAIN-2023-23
2023-05-,Algeciras,Cafetería Del Sol,Glovo,,,Espanola 35663,,4.4,27,,,,,False,False,,,https://glovoapp.com/es/es/algeciras/cafeteria-del-sol-algeciras/,"https://res.cloudinary.com/glovoapp/image/fetch/f_svg,c_pad,q_auto:low,h_179,w_351,b_transparent/https://glovoapp.com/images/svg/bckg-pattern.svg",https://glovoapp.com/es/es/algeciras/restaurantes_1/espanola_35663/,CC-MAIN-2023-23
2023-06-,Alicante,Turko Pita,Glovo,,,Arabe 34690,,,,,,,,False,False,,,https://glovoapp.com/es/es/alicante/turko-pita-alicante/,"https://res.cloudinary.com/glovoapp/image/fetch/f_svg,c_pad,q_auto:low,h_179,w_351,b_transparent/https://glovoapp.com/images/svg/bckg-pattern.svg",https://glovoapp.com/es/es/alicante/restaurantes_1/arabe_34690/?sortingId=4&sort=precio-de-entrega,CC-MAIN-2023-23
2023-06-,Alicante,Amigos Doner Kebab,Glovo,,,Arabe 34690,,,,,,,,False,False,,,https://glovoapp.com/es/es/alicante/amigos-doner-kebab-alicante/,"https://res.cloudinary.com/glovoapp/image/fetch/f_svg,c_pad,q_auto:low,h_179,w_351,b_transparent/https://glovoapp.com/images/svg/bckg-pattern.svg",https://glovoapp.com/es/es/alicante/restaurantes_1/arabe_34690/?sortingId=4&sort=precio-de-entrega,CC-MAIN-2023-23
2023-05-,Alicante,McDonald's®,Glovo,,,Hamburguesas 34789,,4.45,,,,,,False,False,,,https://glovoapp.com/es/es/alicante/mcdonalds-ali/,"https://res.cloudinary.com/glovoapp/image/fetch/f_svg,c_pad,q_auto:low,h_179,w_351,b_transparent/https://glovoapp.com/images/svg/bckg-pattern.svg",https://glovoapp.com/es/es/alicante/restaurantes_1/hamburguesas_34789/?sortingId=2&sort=cerca-de-mi,CC-MAIN-2023-23
2023-05-,Alicante,VIPS Smart,Glovo,,,Hamburguesas 34789,,4.45,200,,,,,False,False,,,https://glovoapp.com/es/es/alicante/vips-smart-3/,"https://res.cloudinary.com/glovoapp/image/fetch/f_svg,c_pad,q_auto:low,h_179,w_351,b_transparent/https://glovoapp.com/images/svg/bckg-pattern.svg",https://glovoapp.com/es/es/alicante/restaurantes_1/hamburguesas_34789/?sortingId=2&sort=cerca-de-mi,CC-MAIN-2023-23
2023-05-,Alicante,Burger House,Glovo,,,Hamburguesas 34789,,3.25,10,,,,,False,False,,,https://glovoapp.com/es/es/alicante/burger-house-alicante/,"https://res.cloudinary.com/glovoapp/image/fetch/f_svg,c_pad,q_auto:low,h_179,w_351,b_transparent/https://glovoapp.com/images/svg/bckg-pattern.svg",https://glovoapp.com/es/es/alicante/restaurantes_1/hamburguesas_34789/?sortingId=2&sort=cerca-de-mi,CC-MAIN-2023-23
2023-05-,Alicante,Burger King,Glovo,,,Hamburguesas 34789,,4.7,,,,,,False,False,,,https://glovoapp.com/es/es/alicante/burger-king-alicante/,"https://res.cloudinary.com/glovoapp/image/fetch/f_svg,c_pad,q_auto:low,h_179,w_351,b_transparent/https://glovoapp.com/images/svg/bckg-pattern.svg",https://glovoapp.com/es/es/alicante/restaurantes_1/hamburguesas_34789/?sortingId=2&sort=cerca-de-mi,CC-MAIN-2023-23
2023-05-,Alicante,Pepito Patatón,Glovo,,,Hamburguesas 34789,,4.4,130,,,,,False,False,,,https://glovoapp.com/es/es/alicante/pepito-pataton-alicante/,"https://res.cloudinary.com/glovoapp/image/fetch/f_svg,c_pad,q_auto:low,h_179,w_351,b_transparent/https://glovoapp.com/images/svg/bckg-pattern.svg",https://glovoapp.com/es/es/alicante/restaurantes_1/hamburguesas_34789/?sortingId=2&sort=cerca-de-mi,CC-MAIN-2023-23
2023-05-,Alicante,3F Greens,Glovo,,,Hamburguesas 34789,,4.6,60,,,,,False,False,,,https://glovoapp.com/es/es/alicante/3f-greens-alicante/,"https://res.cloudinary.com/glovoapp/image/fetch/f_svg,c_pad,q_auto:low,h_179,w_351,b_transparent/https://glovoapp.com/images/svg/bckg-pattern.svg",https://glovoapp.com/es/es/alicante/restaurantes_1/hamburguesas_34789/?sortingId=2&sort=cerca-de-mi,CC-MAIN-2023-23
2023-05-,Alicante,Five Guys,Glovo,,,Hamburguesas 34789,,4.75,,,,,,False,False,,,https://glovoapp.com/es/es/alicante/fiveguysalc/,"https://res.cloudinary.com/glovoapp/image/fetch/f_svg,c_pad,q_auto:low,h_179,w_351,b_transparent/https://glovoapp.com/images/svg/bckg-pattern.svg",https://glovoapp.com/es/es/alicante/restaurantes_1/hamburguesas_34789/?sortingId=2&sort=cerca-de-mi,CC-MAIN-2023-23
2023-05-,Alicante,Nuestra Brocheta,Glovo,,,Hamburguesas 34789,,4.75,74,,,,,False,False,,,https://glovoapp.com/es/es/alicante/nuestra-brocheta-alicante/,"https://res.cloudinary.com/glovoapp/image/fetch/f_svg,c_pad,q_auto:low,h_179,w_351,b_transparent/https://glovoapp.com/images/svg/bckg-pattern.svg",https://glovoapp.com/es/es/alicante/restaurantes_1/hamburguesas_34789/?sortingId=2&sort=cerca-de-mi,CC-MAIN-2023-23
2023-05-,Alicante,VIPS,Glovo,,,Hamburguesas 34789,,4.6,234,,,,,False,False,,,https://glovoapp.com/es/es/alicante/vips-3/,"https://res.cloudinary.com/glovoapp/image/fetch/f_svg,c_pad,q_auto:low,h_179,w_351,b_transparent/https://glovoapp.com/images/svg/bckg-pattern.svg",https://glovoapp.com/es/es/alicante/restaurantes_1/hamburguesas_34789/?sortingId=2&sort=cerca-de-mi,CC-MAIN-2023-23
2023-05-,Alicante,Honest Burgers,Glovo,,,Hamburguesas 34789,,2.55,10,,,,,False,False,,,https://glovoapp.com/es/es/alicante/honest-burgers-alicante/,"https://res.cloudinary.com/glovoapp/image/fetch/f_svg,c_pad,q_auto:low,h_179,w_351,b_transparent/https://glovoapp.com/images/svg/bckg-pattern.svg",https://glovoapp.com/es/es/alicante/restaurantes_1/hamburguesas_34789/?sortingId=2&sort=cerca-de-mi,CC-MAIN-2023-23
2023-05-,Alicante,Restaurante Empanadas Anticrisis,Glovo,,,Hamburguesas 34789,,4.7,57,,,,,False,False,,,https://glovoapp.com/es/es/alicante/anticrisis-alicante/,"https://res.cloudinary.com/glovoapp/image/fetch/f_svg,c_pad,q_auto:low,h_179,w_351,b_transparent/https://glovoapp.com/images/svg/bckg-pattern.svg",https://glovoapp.com/es/es/alicante/restaurantes_1/hamburguesas_34789/?sortingId=2&sort=cerca-de-mi,CC-MAIN-2023-23
2023-05-,Alicante,Santa Milanga,Glovo,,,Hamburguesas 34789,,4.8,67,,,,,False,False,,,https://glovoapp.com/es/es/alicante/santa-milanga-alicante/,"https://res.cloudinary.com/glovoapp/image/fetch/f_svg,c_pad,q_auto:low,h_179,w_351,b_transparent/https://glovoapp.com/images/svg/bckg-pattern.svg",https://glovoapp.com/es/es/alicante/restaurantes_1/hamburguesas_34789/?sortingId=2&sort=cerca-de-mi,CC-MAIN-2023-23
2023-05-,Alicante,Red Padel Food,Glovo,,,Hamburguesas 34789,,4.6,82,,,,,False,False,,,https://glovoapp.com/es/es/alicante/red-padel-alicante/,"https://res.cloudinary.com/glovoapp/image/fetch/f_svg,c_pad,q_auto:low,h_179,w_351,b_transparent/https://glovoapp.com/images/svg/bckg-pattern.svg",https://glovoapp.com/es/es/alicante/restaurantes_1/hamburguesas_34789/?sortingId=2&sort=cerca-de-mi,CC-MAIN-2023-23
2023-05-,Alicante,OLIVO,Glovo,,,Hamburguesas 34789,,5.0,60,,,,,False,False,,,https://glovoapp.com/es/es/alicante/olivo-alicante/,"https://res.cloudinary.com/glovoapp/image/fetch/f_svg,c_pad,q_auto:low,h_179,w_351,b_transparent/https://glovoapp.com/images/svg/bckg-pattern.svg",https://glovoapp.com/es/es/alicante/restaurantes_1/hamburguesas_34789/?sortingId=2&sort=cerca-de-mi,CC-MAIN-2023-23
2023-05-,Alicante,Foster's Hollywood,Glovo,,,Hamburguesas 34789,,4.75,196,,,,,False,False,,,https://glovoapp.com/es/es/alicante/fosters-hollywood-alicante/,"https://res.cloudinary.com/glovoapp/image/fetch/f_svg,c_pad,q_auto:low,h_179,w_351,b_transparent/https://glovoapp.com/images/svg/bckg-pattern.svg",https://glovoapp.com/es/es/alicante/restaurantes_1/hamburguesas_34789/?sortingId=2&sort=cerca-de-mi,CC-MAIN-2023-23
2023-05-,Alicante,Cool Burger,Glovo,,,Hamburguesas 34789,,,,,,,,False,False,,,https://glovoapp.com/es/es/alicante/cool-burger-alicante/,"https://res.cloudinary.com/glovoapp/image/fetch/f_svg,c_pad,q_auto:low,h_179,w_351,b_transparent/https://glovoapp.com/images/svg/bckg-pattern.svg",https://glovoapp.com/es/es/alicante/restaurantes_1/hamburguesas_34789/?sortingId=2&sort=cerca-de-mi,CC-MAIN-2023-23
2023-05-,Alicante,TGB - The Good Burger,Glovo,,,Hamburguesas 34789,,4.55,414,,,,,False,False,,,https://glovoapp.com/es/es/alicante/tgb-the-good-burger-6/,"https://res.cloudinary.com/glovoapp/image/fetch/f_svg,c_pad,q_auto:low,h_179,w_351,b_transparent/https://glovoapp.com/images/svg/bckg-pattern.svg",https://glovoapp.com/es/es/alicante/restaurantes_1/hamburguesas_34789/?sortingId=2&sort=cerca-de-mi,CC-MAIN-2023-23
2023-05-,Alicante,Los Amigos,Glovo,,,Hamburguesas 34789,,4.15,10,,,,,False,False,,,https://glovoapp.com/es/es/alicante/los-amigos-alicante/,"https://res.cloudinary.com/glovoapp/image/fetch/f_svg,c_pad,q_auto:low,h_179,w_351,b_transparent/https://glovoapp.com/images/svg/bckg-pattern.svg",https://glovoapp.com/es/es/alicante/restaurantes_1/hamburguesas_34789/?sortingId=2&sort=cerca-de-mi,CC-MAIN-2023-23
2023-05-,Alicante,Goiko,Glovo,,,Hamburguesas 34789,,4.6,,,,,,False,False,,,https://glovoapp.com/es/es/alicante/goiko-alicante/,"https://res.cloudinary.com/glovoapp/image/fetch/f_svg,c_pad,q_auto:low,h_179,w_351,b_transparent/https://glovoapp.com/images/svg/bckg-pattern.svg",https://glovoapp.com/es/es/alicante/restaurantes_1/hamburguesas_34789/?sortingId=2&sort=cerca-de-mi,CC-MAIN-2023-23
2023-05-,Alicante,Luna De Alberdi,Glovo,,,Hamburguesas 34789,,,,,,,,False,False,,,https://glovoapp.com/es/es/alicante/luna-de-alberdi-alicante/,"https://res.cloudinary.com/glovoapp/image/fetch/f_svg,c_pad,q_auto:low,h_179,w_351,b_transparent/https://glovoapp.com/images/svg/bckg-pattern.svg",https://glovoapp.com/es/es/alicante/restaurantes_1/hamburguesas_34789/?sortingId=2&sort=cerca-de-mi,CC-MAIN-2023-23
2023-05-,Alicante,Baker & Co,Glovo,,,Hamburguesas 34789,,4.9,71,,,,,False,False,,,https://glovoapp.com/es/es/alicante/baker-and-co-alicante/,"https://res.cloudinary.com/glovoapp/image/fetch/f_svg,c_pad,q_auto:low,h_179,w_351,b_transparent/https://glovoapp.com/images/svg/bckg-pattern.svg",https://glovoapp.com/es/es/alicante/restaurantes_1/hamburguesas_34789/?sortingId=2&sort=cerca-de-mi,CC-MAIN-2023-23
2023-05-,Alicante,Pan y Pasta,Glovo,,,Hamburguesas 34789,,4.7,121,,,,,False,False,,,https://glovoapp.com/es/es/alicante/pan-y-pasta/,"https://res.cloudinary.com/glovoapp/image/fetch/f_svg,c_pad,q_auto:low,h_179,w_351,b_transparent/https://glovoapp.com/images/svg/bckg-pattern.svg",https://glovoapp.com/es/es/alicante/restaurantes_1/hamburguesas_34789/?sortingId=2&sort=cerca-de-mi,CC-MAIN-2023-23
2023-05-,Alicante,American Burger,Glovo,,,Hamburguesas 34789,,,,,,,,False,False,,,https://glovoapp.com/es/es/alicante/american-burger-alicante/,"https://res.cloudinary.com/glovoapp/image/fetch/f_svg,c_pad,q_auto:low,h_179,w_351,b_transparent/https://glovoapp.com/images/svg/bckg-pattern.svg",https://glovoapp.com/es/es/alicante/restaurantes_1/hamburguesas_34789/?sortingId=2&sort=cerca-de-mi,CC-MAIN-2023-23
2023-05-,Alicante,Burger Chef,Glovo,,,Hamburguesas 34789,,4.95,76,,,,,False,False,,,https://glovoapp.com/es/es/alicante/burger-chef-alicante/,"https://res.cloudinary.com/glovoapp/image/fetch/f_svg,c_pad,q_auto:low,h_179,w_351,b_transparent/https://glovoapp.com/images/svg/bckg-pattern.svg",https://glovoapp.com/es/es/alicante/restaurantes_1/hamburguesas_34789/?sortingId=2&sort=cerca-de-mi,CC-MAIN-2023-23
2023-05-,Alicante,Aires Burger Bar,Glovo,,,Hamburguesas 34789,,4.6,331,,,,,False,False,,,https://glovoapp.com/es/es/alicante/aires-burger-bar-alicante/,"https://res.cloudinary.com/glovoapp/image/fetch/f_svg,c_pad,q_auto:low,h_179,w_351,b_transparent/https://glovoapp.com/images/svg/bckg-pattern.svg",https://glovoapp.com/es/es/alicante/restaurantes_1/hamburguesas_34789/?sortingId=2&sort=cerca-de-mi,CC-MAIN-2023-23
2023-05-,Alicante,Monkiria,Glovo,,,Hamburguesas 34789,,4.7,40,,,,,False,False,,,https://glovoapp.com/es/es/alicante/monkiria-alicante/,"https://res.cloudinary.com/glovoapp/image/fetch/f_svg,c_pad,q_auto:low,h_179,w_351,b_transparent/https://glovoapp.com/images/svg/bckg-pattern.svg",https://glovoapp.com/es/es/alicante/restaurantes_1/hamburguesas_34789/?sortingId=2&sort=cerca-de-mi,CC-MAIN-2023-23
2023-05-,Alicante,Tepuy Basics,Glovo,,,Hamburguesas 34789,,3.95,66,,,,,False,False,,,https://glovoapp.com/es/es/alicante/tepuy-basic-alicante/,"https://res.cloudinary.com/glovoapp/image/fetch/f_svg,c_pad,q_auto:low,h_179,w_351,b_transparent/https://glovoapp.com/images/svg/bckg-pattern.svg",https://glovoapp.com/es/es/alicante/restaurantes_1/hamburguesas_34789/?sortingId=2&sort=cerca-de-mi,CC-MAIN-2023-23
2023-05-,Alicante,BAVIERA ALICANTE,Glovo,,,Hamburguesas 34789,,4.95,230,,,,,False,False,,,https://glovoapp.com/es/es/alicante/baviera-alicante-alc/,"https://res.cloudinary.com/glovoapp/image/fetch/f_svg,c_pad,q_auto:low,h_179,w_351,b_transparent/https://glovoapp.com/images/svg/bckg-pattern.svg",https://glovoapp.com/es/es/alicante/restaurantes_1/hamburguesas_34789/?sortingId=2&sort=cerca-de-mi,CC-MAIN-2023-23
2023-05-,Alicante,Dirty Burgers,Glovo,,,Hamburguesas 34789,,4.0,28,,,,,False,False,,,https://glovoapp.com/es/es/alicante/dirty-burgers-alicante/,"https://res.cloudinary.com/glovoapp/image/fetch/f_svg,c_pad,q_auto:low,h_179,w_351,b_transparent/https://glovoapp.com/images/svg/bckg-pattern.svg",https://glovoapp.com/es/es/alicante/restaurantes_1/hamburguesas_34789/?sortingId=2&sort=cerca-de-mi,CC-MAIN-2023-23
2023-05-,Alicante,Black Turtle,Glovo,,,Hamburguesas 34789,,4.7,174,,,,,False,False,,,https://glovoapp.com/es/es/alicante/the-black-turtle-alicante/,"https://res.cloudinary.com/glovoapp/image/fetch/f_svg,c_pad,q_auto:low,h_179,w_351,b_transparent/https://glovoapp.com/images/svg/bckg-pattern.svg",https://glovoapp.com/es/es/alicante/restaurantes_1/hamburguesas_34789/?sortingId=2&sort=cerca-de-mi,CC-MAIN-2023-23
2023-05-,Alicante,Flamingo English Bar,Glovo,,,Hamburguesas 34789,,4.75,,,,,,False,False,,,https://glovoapp.com/es/es/alicante/flamingo-english-bar/,"https://res.cloudinary.com/glovoapp/image/fetch/f_svg,c_pad,q_auto:low,h_179,w_351,b_transparent/https://glovoapp.com/images/svg/bckg-pattern.svg",https://glovoapp.com/es/es/alicante/restaurantes_1/hamburguesas_34789/?sortingId=2&sort=cerca-de-mi,CC-MAIN-2023-23
2023-05-,Alicante,Mr. Majo’s,Glovo,,,Hamburguesas 34789,,4.9,86,,,,,False,False,,,https://glovoapp.com/es/es/alicante/mr-majos-alicante/,"https://res.cloudinary.com/glovoapp/image/fetch/f_svg,c_pad,q_auto:low,h_179,w_351,b_transparent/https://glovoapp.com/images/svg/bckg-pattern.svg",https://glovoapp.com/es/es/alicante/restaurantes_1/hamburguesas_34789/?sortingId=2&sort=cerca-de-mi,CC-MAIN-2023-23
2023-05-,Alicante,Tepuy Burger,Glovo,,,Hamburguesas 34789,,4.7,207,,,,,False,False,,,https://glovoapp.com/es/es/alicante/tepuy-burger-alicante/,"https://res.cloudinary.com/glovoapp/image/fetch/f_svg,c_pad,q_auto:low,h_179,w_351,b_transparent/https://glovoapp.com/images/svg/bckg-pattern.svg",https://glovoapp.com/es/es/alicante/restaurantes_1/hamburguesas_34789/?sortingId=2&sort=cerca-de-mi,CC-MAIN-2023-23
2023-05-,Alicante,Hamburguesía,Glovo,,,Hamburguesas 34789,,4.7,37,,,,,False,False,,,https://glovoapp.com/es/es/alicante/hamburguesia-alicante/,"https://res.cloudinary.com/glovoapp/image/fetch/f_svg,c_pad,q_auto:low,h_179,w_351,b_transparent/https://glovoapp.com/images/svg/bckg-pattern.svg",https://glovoapp.com/es/es/alicante/restaurantes_1/hamburguesas_34789/?sortingId=2&sort=cerca-de-mi,CC-MAIN-2023-23
2023-05-,Alicante,El Rancho De Fontana,Glovo,,,Hamburguesas 34789,,4.8,46,,,,,False,False,,,https://glovoapp.com/es/es/alicante/el-rancho-de-fontana-alicante/,"https://res.cloudinary.com/glovoapp/image/fetch/f_svg,c_pad,q_auto:low,h_179,w_351,b_transparent/https://glovoapp.com/images/svg/bckg-pattern.svg",https://glovoapp.com/es/es/alicante/restaurantes_1/hamburguesas_34789/?sortingId=2&sort=cerca-de-mi,CC-MAIN-2023-23
2023-05-,Alicante,Wolf Burger,Glovo,,,Hamburguesas 34789,,4.9,119,,,,,False,False,,,https://glovoapp.com/es/es/alicante/wolf-burger-alicante/,"https://res.cloudinary.com/glovoapp/image/fetch/f_svg,c_pad,q_auto:low,h_179,w_351,b_transparent/https://glovoapp.com/images/svg/bckg-pattern.svg",https://glovoapp.com/es/es/alicante/restaurantes_1/hamburguesas_34789/?sortingId=2&sort=cerca-de-mi,CC-MAIN-2023-23
2023-05-,Alicante,Ava Burguer,Glovo,,,Hamburguesas 34789,,4.45,37,,,,,False,False,,,https://glovoapp.com/es/es/alicante/ava-burguer-alicante/,"https://res.cloudinary.com/glovoapp/image/fetch/f_svg,c_pad,q_auto:low,h_179,w_351,b_transparent/https://glovoapp.com/images/svg/bckg-pattern.svg",https://glovoapp.com/es/es/alicante/restaurantes_1/hamburguesas_34789/?sortingId=2&sort=cerca-de-mi,CC-MAIN-2023-23
2023-05-,Alicante,Redline,Glovo,,,Hamburguesas 34789,,4.75,,,,,,False,False,,,https://glovoapp.com/es/es/alicante/redline-alicante/,"https://res.cloudinary.com/glovoapp/image/fetch/f_svg,c_pad,q_auto:low,h_179,w_351,b_transparent/https://glovoapp.com/images/svg/bckg-pattern.svg",https://glovoapp.com/es/es/alicante/restaurantes_1/hamburguesas_34789/?sortingId=2&sort=cerca-de-mi,CC-MAIN-2023-23
2023-05-,Alicante,The Gaming Family,Glovo,,,Hamburguesas 34789,,4.85,110,,,,,False,False,,,https://glovoapp.com/es/es/alicante/the-gaming-family-alc/,"https://res.cloudinary.com/glovoapp/image/fetch/f_svg,c_pad,q_auto:low,h_179,w_351,b_transparent/https://glovoapp.com/images/svg/bckg-pattern.svg",https://glovoapp.com/es/es/alicante/restaurantes_1/hamburguesas_34789/?sortingId=2&sort=cerca-de-mi,CC-MAIN-2023-23
2023-05-,Alicante,El Salseo,Glovo,,,Hamburguesas 34789,,3.9,33,,,,,False,False,,,https://glovoapp.com/es/es/alicante/salseo-alc/,"https://res.cloudinary.com/glovoapp/image/fetch/f_svg,c_pad,q_auto:low,h_179,w_351,b_transparent/https://glovoapp.com/images/svg/bckg-pattern.svg",https://glovoapp.com/es/es/alicante/restaurantes_1/hamburguesas_34789/?sortingId=2&sort=cerca-de-mi,CC-MAIN-2023-23
2023-05-,Alicante,La Gran Familia Mediterránea by Dani García,Glovo,,,Hamburguesas 34789,,4.65,,,,,,False,False,,,https://glovoapp.com/es/es/alicante/la-gran-familia-mediterranea-alicante/,"https://res.cloudinary.com/glovoapp/image/fetch/f_svg,c_pad,q_auto:low,h_179,w_351,b_transparent/https://glovoapp.com/images/svg/bckg-pattern.svg",https://glovoapp.com/es/es/alicante/restaurantes_1/hamburguesas_34789/?sortingId=2&sort=cerca-de-mi,CC-MAIN-2023-23
2023-05-,Alicante,Crisis,Glovo,,,Hamburguesas 34789,,,,,,,,False,False,,,https://glovoapp.com/es/es/alicante/crisis-alicante/,"https://res.cloudinary.com/glovoapp/image/fetch/f_svg,c_pad,q_auto:low,h_179,w_351,b_transparent/https://glovoapp.com/images/svg/bckg-pattern.svg",https://glovoapp.com/es/es/alicante/restaurantes_1/hamburguesas_34789/?sortingId=2&sort=cerca-de-mi,CC-MAIN-2023-23
2023-05-,Alicante,Street Burger,Glovo,,,Hamburguesas 34789,,,,,,,,False,False,,,https://glovoapp.com/es/es/alicante/street-burger-alc/,"https://res.cloudinary.com/glovoapp/image/fetch/f_svg,c_pad,q_auto:low,h_179,w_351,b_transparent/https://glovoapp.com/images/svg/bckg-pattern.svg",https://glovoapp.com/es/es/alicante/restaurantes_1/hamburguesas_34789/?sortingId=2&sort=cerca-de-mi,CC-MAIN-2023-23
2023-05-,Alicante,Harocamo,Glovo,,,Hamburguesas 34789,,,,,,,,False,False,,,https://glovoapp.com/es/es/alicante/harocamo-alicante/,"https://res.cloudinary.com/glovoapp/image/fetch/f_svg,c_pad,q_auto:low,h_179,w_351,b_transparent/https://glovoapp.com/images/svg/bckg-pattern.svg",https://glovoapp.com/es/es/alicante/restaurantes_1/hamburguesas_34789/?sortingId=2&sort=cerca-de-mi,CC-MAIN-2023-23
2023-05-,Alicante,Cool Bakery,Glovo,,,Hamburguesas 34789,,5.0,10,,,,,False,False,,,https://glovoapp.com/es/es/alicante/cool-bakery-alc/,"https://res.cloudinary.com/glovoapp/image/fetch/f_svg,c_pad,q_auto:low,h_179,w_351,b_transparent/https://glovoapp.com/images/svg/bckg-pattern.svg",https://glovoapp.com/es/es/alicante/restaurantes_1/hamburguesas_34789/?sortingId=2&sort=cerca-de-mi,CC-MAIN-2023-23
2023-05-,Alicante,MQB MÁS QUE BURGER,Glovo,,,Hamburguesas 34789,,4.85,121,,,,,False,False,,,https://glovoapp.com/es/es/alicante/mqb-mas-que-burger-alicante/,"https://res.cloudinary.com/glovoapp/image/fetch/f_svg,c_pad,q_auto:low,h_179,w_351,b_transparent/https://glovoapp.com/images/svg/bckg-pattern.svg",https://glovoapp.com/es/es/alicante/restaurantes_1/hamburguesas_34789/?sortingId=2&sort=cerca-de-mi,CC-MAIN-2023-23
2023-05-,Alicante,3003 Bar Cafe,Glovo,,,Hamburguesas 34789,,,,,,,,False,False,,,https://glovoapp.com/es/es/alicante/3003-bar-cafe-alicante/,"https://res.cloudinary.com/glovoapp/image/fetch/f_svg,c_pad,q_auto:low,h_179,w_351,b_transparent/https://glovoapp.com/images/svg/bckg-pattern.svg",https://glovoapp.com/es/es/alicante/restaurantes_1/hamburguesas_34789/?sortingId=2&sort=cerca-de-mi,CC-MAIN-2023-23
2023-06-,Alicante,Bulla,Glovo,,,Hamburguesas 34789,,,,,,,,False,False,,,https://glovoapp.com/es/es/alicante/bulla-alicante/,"https://res.cloudinary.com/glovoapp/image/fetch/f_svg,c_pad,q_auto:low,h_179,w_351,b_transparent/https://glovoapp.com/images/svg/bckg-pattern.svg",https://glovoapp.com/es/es/alicante/restaurantes_1/hamburguesas_34789/?sortingId=4&sort=precio-de-entrega,CC-MAIN-2023-23
2023-06-,Alicante,El Salseo,Glovo,,,Hamburguesas 34789,,4.0,34,,,,,False,False,,,https://glovoapp.com/es/es/alicante/salseo-alc/,"https://res.cloudinary.com/glovoapp/image/fetch/f_svg,c_pad,q_auto:low,h_179,w_351,b_transparent/https://glovoapp.com/images/svg/bckg-pattern.svg",https://glovoapp.com/es/es/alicante/restaurantes_1/hamburguesas_34789/?sortingId=4&sort=precio-de-entrega,CC-MAIN-2023-23
2023-06-,Alicante,American Burger,Glovo,,,Hamburguesas 34789,,,,,,,,False,False,,,https://glovoapp.com/es/es/alicante/american-burger-alicante/,"https://res.cloudinary.com/glovoapp/image/fetch/f_svg,c_pad,q_auto:low,h_179,w_351,b_transparent/https://glovoapp.com/images/svg/bckg-pattern.svg",https://glovoapp.com/es/es/alicante/restaurantes_1/hamburguesas_34789/?sortingId=4&sort=precio-de-entrega,CC-MAIN-2023-23
2023-06-,Alicante,Burger Chef,Glovo,,,Hamburguesas 34789,,4.95,72,,,,,False,False,,,https://glovoapp.com/es/es/alicante/burger-chef-alicante/,"https://res.cloudinary.com/glovoapp/image/fetch/f_svg,c_pad,q_auto:low,h_179,w_351,b_transparent/https://glovoapp.com/images/svg/bckg-pattern.svg",https://glovoapp.com/es/es/alicante/restaurantes_1/hamburguesas_34789/?sortingId=4&sort=precio-de-entrega,CC-MAIN-2023-23
2023-06-,Alicante,Aires Burger Bar,Glovo,,,Hamburguesas 34789,,4.55,352,,,,,False,False,,,https://glovoapp.com/es/es/alicante/aires-burger-bar-alicante/,"https://res.cloudinary.com/glovoapp/image/fetch/f_svg,c_pad,q_auto:low,h_179,w_351,b_transparent/https://glovoapp.com/images/svg/bckg-pattern.svg",https://glovoapp.com/es/es/alicante/restaurantes_1/hamburguesas_34789/?sortingId=4&sort=precio-de-entrega,CC-MAIN-2023-23
2023-06-,Alicante,Monkiria,Glovo,,,Hamburguesas 34789,,4.5,41,,,,,False,False,,,https://glovoapp.com/es/es/alicante/monkiria-alicante/,"https://res.cloudinary.com/glovoapp/image/fetch/f_svg,c_pad,q_auto:low,h_179,w_351,b_transparent/https://glovoapp.com/images/svg/bckg-pattern.svg",https://glovoapp.com/es/es/alicante/restaurantes_1/hamburguesas_34789/?sortingId=4&sort=precio-de-entrega,CC-MAIN-2023-23
2023-06-,Alicante,Tepuy Basics,Glovo,,,Hamburguesas 34789,,3.9,70,,,,,False,False,,,https://glovoapp.com/es/es/alicante/tepuy-basic-alicante/,"https://res.cloudinary.com/glovoapp/image/fetch/f_svg,c_pad,q_auto:low,h_179,w_351,b_transparent/https://glovoapp.com/images/svg/bckg-pattern.svg",https://glovoapp.com/es/es/alicante/restaurantes_1/hamburguesas_34789/?sortingId=4&sort=precio-de-entrega,CC-MAIN-2023-23
2023-06-,Alicante,Five Guys,Glovo,,,Hamburguesas 34789,,4.75,,,,,,False,False,,,https://glovoapp.com/es/es/alicante/fiveguysalc/,"https://res.cloudinary.com/glovoapp/image/fetch/f_svg,c_pad,q_auto:low,h_179,w_351,b_transparent/https://glovoapp.com/images/svg/bckg-pattern.svg",https://glovoapp.com/es/es/alicante/restaurantes_1/hamburguesas_34789/?sortingId=4&sort=precio-de-entrega,CC-MAIN-2023-23
2023-06-,Alicante,BAVIERA ALICANTE,Glovo,,,Hamburguesas 34789,,4.95,215,,,,,False,False,,,https://glovoapp.com/es/es/alicante/baviera-alicante-alc/,"https://res.cloudinary.com/glovoapp/image/fetch/f_svg,c_pad,q_auto:low,h_179,w_351,b_transparent/https://glovoapp.com/images/svg/bckg-pattern.svg",https://glovoapp.com/es/es/alicante/restaurantes_1/hamburguesas_34789/?sortingId=4&sort=precio-de-entrega,CC-MAIN-2023-23
2023-06-,Alicante,Dirty Burgers,Glovo,,,Hamburguesas 34789,,3.9,27,,,,,False,False,,,https://glovoapp.com/es/es/alicante/dirty-burgers-alicante/,"https://res.cloudinary.com/glovoapp/image/fetch/f_svg,c_pad,q_auto:low,h_179,w_351,b_transparent/https://glovoapp.com/images/svg/bckg-pattern.svg",https://glovoapp.com/es/es/alicante/restaurantes_1/hamburguesas_34789/?sortingId=4&sort=precio-de-entrega,CC-MAIN-2023-23
2023-06-,Alicante,Black Turtle,Glovo,,,Hamburguesas 34789,,4.7,195,,,,,False,False,,,https://glovoapp.com/es/es/alicante/the-black-turtle-alicante/,"https://res.cloudinary.com/glovoapp/image/fetch/f_svg,c_pad,q_auto:low,h_179,w_351,b_transparent/https://glovoapp.com/images/svg/bckg-pattern.svg",https://glovoapp.com/es/es/alicante/restaurantes_1/hamburguesas_34789/?sortingId=4&sort=precio-de-entrega,CC-MAIN-2023-23
2023-06-,Alicante,Shimi'S,Glovo,,,Hamburguesas 34789,,,,,,,,False,False,,,https://glovoapp.com/es/es/alicante/shimis-urban-food-alicante/,"https://res.cloudinary.com/glovoapp/image/fetch/f_svg,c_pad,q_auto:low,h_179,w_351,b_transparent/https://glovoapp.com/images/svg/bckg-pattern.svg",https://glovoapp.com/es/es/alicante/restaurantes_1/hamburguesas_34789/?sortingId=4&sort=precio-de-entrega,CC-MAIN-2023-23
2023-06-,Alicante,Foster's Hollywood,Glovo,,,Hamburguesas 34789,,4.65,193,,,,,False,False,,,https://glovoapp.com/es/es/alicante/fosters-hollywood-alicante/,"https://res.cloudinary.com/glovoapp/image/fetch/f_svg,c_pad,q_auto:low,h_179,w_351,b_transparent/https://glovoapp.com/images/svg/bckg-pattern.svg",https://glovoapp.com/es/es/alicante/restaurantes_1/hamburguesas_34789/?sortingId=4&sort=precio-de-entrega,CC-MAIN-2023-23
2023-06-,Alicante,Flamingo English Bar,Glovo,,,Hamburguesas 34789,,4.8,,,,,,False,False,,,https://glovoapp.com/es/es/alicante/flamingo-english-bar/,"https://res.cloudinary.com/glovoapp/image/fetch/f_svg,c_pad,q_auto:low,h_179,w_351,b_transparent/https://glovoapp.com/images/svg/bckg-pattern.svg",https://glovoapp.com/es/es/alicante/restaurantes_1/hamburguesas_34789/?sortingId=4&sort=precio-de-entrega,CC-MAIN-2023-23
2023-06-,Alicante,Mr. Majo’s,Glovo,,,Hamburguesas 34789,,4.9,82,,,,,False,False,,,https://glovoapp.com/es/es/alicante/mr-majos-alicante/,"https://res.cloudinary.com/glovoapp/image/fetch/f_svg,c_pad,q_auto:low,h_179,w_351,b_transparent/https://glovoapp.com/images/svg/bckg-pattern.svg",https://glovoapp.com/es/es/alicante/restaurantes_1/hamburguesas_34789/?sortingId=4&sort=precio-de-entrega,CC-MAIN-2023-23
2023-06-,Alicante,Goiko,Glovo,,,Hamburguesas 34789,,4.65,,,,,,False,False,,,https://glovoapp.com/es/es/alicante/goiko-alicante/,"https://res.cloudinary.com/glovoapp/image/fetch/f_svg,c_pad,q_auto:low,h_179,w_351,b_transparent/https://glovoapp.com/images/svg/bckg-pattern.svg",https://glovoapp.com/es/es/alicante/restaurantes_1/hamburguesas_34789/?sortingId=4&sort=precio-de-entrega,CC-MAIN-2023-23
2023-06-,Alicante,Tepuy Burger,Glovo,,,Hamburguesas 34789,,4.75,177,,,,,False,False,,,https://glovoapp.com/es/es/alicante/tepuy-burger-alicante/,"https://res.cloudinary.com/glovoapp/image/fetch/f_svg,c_pad,q_auto:low,h_179,w_351,b_transparent/https://glovoapp.com/images/svg/bckg-pattern.svg",https://glovoapp.com/es/es/alicante/restaurantes_1/hamburguesas_34789/?sortingId=4&sort=precio-de-entrega,CC-MAIN-2023-23
2023-06-,Alicante,Hamburguesía,Glovo,,,Hamburguesas 34789,,4.8,37,,,,,False,False,,,https://glovoapp.com/es/es/alicante/hamburguesia-alicante/,"https://res.cloudinary.com/glovoapp/image/fetch/f_svg,c_pad,q_auto:low,h_179,w_351,b_transparent/https://glovoapp.com/images/svg/bckg-pattern.svg",https://glovoapp.com/es/es/alicante/restaurantes_1/hamburguesas_34789/?sortingId=4&sort=precio-de-entrega,CC-MAIN-2023-23
2023-06-,Alicante,El Rancho De Fontana,Glovo,,,Hamburguesas 34789,,4.8,47,,,,,False,False,,,https://glovoapp.com/es/es/alicante/el-rancho-de-fontana-alicante/,"https://res.cloudinary.com/glovoapp/image/fetch/f_svg,c_pad,q_auto:low,h_179,w_351,b_transparent/https://glovoapp.com/images/svg/bckg-pattern.svg",https://glovoapp.com/es/es/alicante/restaurantes_1/hamburguesas_34789/?sortingId=4&sort=precio-de-entrega,CC-MAIN-2023-23
2023-06-,Alicante,Wolf Burger,Glovo,,,Hamburguesas 34789,,4.9,131,,,,,False,False,,,https://glovoapp.com/es/es/alicante/wolf-burger-alicante/,"https://res.cloudinary.com/glovoapp/image/fetch/f_svg,c_pad,q_auto:low,h_179,w_351,b_transparent/https://glovoapp.com/images/svg/bckg-pattern.svg",https://glovoapp.com/es/es/alicante/restaurantes_1/hamburguesas_34789/?sortingId=4&sort=precio-de-entrega,CC-MAIN-2023-23
2023-06-,Alicante,Ava Burguer,Glovo,,,Hamburguesas 34789,,4.1,36,,,,,False,False,,,https://glovoapp.com/es/es/alicante/ava-burguer-alicante/,"https://res.cloudinary.com/glovoapp/image/fetch/f_svg,c_pad,q_auto:low,h_179,w_351,b_transparent/https://glovoapp.com/images/svg/bckg-pattern.svg",https://glovoapp.com/es/es/alicante/restaurantes_1/hamburguesas_34789/?sortingId=4&sort=precio-de-entrega,CC-MAIN-2023-23
2023-06-,Alicante,Redline,Glovo,,,Hamburguesas 34789,,4.75,,,,,,False,False,,,https://glovoapp.com/es/es/alicante/redline-alicante/,"https://res.cloudinary.com/glovoapp/image/fetch/f_svg,c_pad,q_auto:low,h_179,w_351,b_transparent/https://glovoapp.com/images/svg/bckg-pattern.svg",https://glovoapp.com/es/es/alicante/restaurantes_1/hamburguesas_34789/?sortingId=4&sort=precio-de-entrega,CC-MAIN-2023-23
2023-06-,Alicante,The Gaming Family,Glovo,,,Hamburguesas 34789,,4.85,101,,,,,False,False,,,https://glovoapp.com/es/es/alicante/the-gaming-family-alc/,"https://res.cloudinary.com/glovoapp/image/fetch/f_svg,c_pad,q_auto:low,h_179,w_351,b_transparent/https://glovoapp.com/images/svg/bckg-pattern.svg",https://glovoapp.com/es/es/alicante/restaurantes_1/hamburguesas_34789/?sortingId=4&sort=precio-de-entrega,CC-MAIN-2023-23
2023-06-,Alicante,La Gran Familia Mediterránea by Dani García,Glovo,,,Hamburguesas 34789,,4.65,,,,,,False,False,,,https://glovoapp.com/es/es/alicante/la-gran-familia-mediterranea-alicante/,"https://res.cloudinary.com/glovoapp/image/fetch/f_svg,c_pad,q_auto:low,h_179,w_351,b_transparent/https://glovoapp.com/images/svg/bckg-pattern.svg",https://glovoapp.com/es/es/alicante/restaurantes_1/hamburguesas_34789/?sortingId=4&sort=precio-de-entrega,CC-MAIN-2023-23
2023-06-,Alicante,VIPS Smart,Glovo,,,Hamburguesas 34789,,4.55,189,,,,,False,False,,,https://glovoapp.com/es/es/alicante/vips-smart-3/,"https://res.cloudinary.com/glovoapp/image/fetch/f_svg,c_pad,q_auto:low,h_179,w_351,b_transparent/https://glovoapp.com/images/svg/bckg-pattern.svg",https://glovoapp.com/es/es/alicante/restaurantes_1/hamburguesas_34789/?sortingId=4&sort=precio-de-entrega,CC-MAIN-2023-23
2023-06-,Alicante,VIPS,Glovo,,,Hamburguesas 34789,,4.7,203,,,,,False,False,,,https://glovoapp.com/es/es/alicante/vips-3/,"https://res.cloudinary.com/glovoapp/image/fetch/f_svg,c_pad,q_auto:low,h_179,w_351,b_transparent/https://glovoapp.com/images/svg/bckg-pattern.svg",https://glovoapp.com/es/es/alicante/restaurantes_1/hamburguesas_34789/?sortingId=4&sort=precio-de-entrega,CC-MAIN-2023-23
2023-06-,Alicante,McDonald's®,Glovo,,,Hamburguesas 34789,,4.5,,,,,,False,False,,,https://glovoapp.com/es/es/alicante/mcdonalds-ali/,"https://res.cloudinary.com/glovoapp/image/fetch/f_svg,c_pad,q_auto:low,h_179,w_351,b_transparent/https://glovoapp.com/images/svg/bckg-pattern.svg",https://glovoapp.com/es/es/alicante/restaurantes_1/hamburguesas_34789/?sortingId=4&sort=precio-de-entrega,CC-MAIN-2023-23
2023-06-,Alicante,Gusta Pizza Campello,Glovo,,,Hamburguesas 34789,,5.0,35,,,,,False,False,,,https://glovoapp.com/es/es/alicante/gusta-pizza-campello-alicante/,"https://res.cloudinary.com/glovoapp/image/fetch/f_svg,c_pad,q_auto:low,h_179,w_351,b_transparent/https://glovoapp.com/images/svg/bckg-pattern.svg",https://glovoapp.com/es/es/alicante/restaurantes_1/hamburguesas_34789/?sortingId=4&sort=precio-de-entrega,CC-MAIN-2023-23
2023-06-,Alicante,Donaciones para World Central Kitchen,Glovo,,,Hamburguesas 34789,,,,,,,,False,False,,,https://glovoapp.com/es/es/alicante/donaciones-para-world-center-kitchen-alc/,"https://res.cloudinary.com/glovoapp/image/fetch/f_svg,c_pad,q_auto:low,h_179,w_351,b_transparent/https://glovoapp.com/images/svg/bckg-pattern.svg",https://glovoapp.com/es/es/alicante/restaurantes_1/hamburguesas_34789/?sortingId=4&sort=precio-de-entrega,CC-MAIN-2023-23
2023-06-,Alicante,Crisis,Glovo,,,Hamburguesas 34789,,,,,,,,False,False,,,https://glovoapp.com/es/es/alicante/crisis-alicante/,"https://res.cloudinary.com/glovoapp/image/fetch/f_svg,c_pad,q_auto:low,h_179,w_351,b_transparent/https://glovoapp.com/images/svg/bckg-pattern.svg",https://glovoapp.com/es/es/alicante/restaurantes_1/hamburguesas_34789/?sortingId=4&sort=precio-de-entrega,CC-MAIN-2023-23
2023-06-,Alicante,Street Burger,Glovo,,,Hamburguesas 34789,,,,,,,,False,False,,,https://glovoapp.com/es/es/alicante/street-burger-alc/,"https://res.cloudinary.com/glovoapp/image/fetch/f_svg,c_pad,q_auto:low,h_179,w_351,b_transparent/https://glovoapp.com/images/svg/bckg-pattern.svg",https://glovoapp.com/es/es/alicante/restaurantes_1/hamburguesas_34789/?sortingId=4&sort=precio-de-entrega,CC-MAIN-2023-23
2023-06-,Alicante,Harocamo,Glovo,,,Hamburguesas 34789,,,,,,,,False,False,,,https://glovoapp.com/es/es/alicante/harocamo-alicante/,"https://res.cloudinary.com/glovoapp/image/fetch/f_svg,c_pad,q_auto:low,h_179,w_351,b_transparent/https://glovoapp.com/images/svg/bckg-pattern.svg",https://glovoapp.com/es/es/alicante/restaurantes_1/hamburguesas_34789/?sortingId=4&sort=precio-de-entrega,CC-MAIN-2023-23
2023-06-,Alicante,MQB MÁS QUE BURGER,Glovo,,,Hamburguesas 34789,,4.9,121,,,,,False,False,,,https://glovoapp.com/es/es/alicante/mqb-mas-que-burger-alicante/,"https://res.cloudinary.com/glovoapp/image/fetch/f_svg,c_pad,q_auto:low,h_179,w_351,b_transparent/https://glovoapp.com/images/svg/bckg-pattern.svg",https://glovoapp.com/es/es/alicante/restaurantes_1/hamburguesas_34789/?sortingId=4&sort=precio-de-entrega,CC-MAIN-2023-23
2023-06-,Alicante,3003 Bar Cafe,Glovo,,,Hamburguesas 34789,,,,,,,,False,False,,,https://glovoapp.com/es/es/alicante/3003-bar-cafe-alicante/,"https://res.cloudinary.com/glovoapp/image/fetch/f_svg,c_pad,q_auto:low,h_179,w_351,b_transparent/https://glovoapp.com/images/svg/bckg-pattern.svg",https://glovoapp.com/es/es/alicante/restaurantes_1/hamburguesas_34789/?sortingId=4&sort=precio-de-entrega,CC-MAIN-2023-23
2023-06-,Alicante,La Folie,Glovo,,,Hamburguesas 34789,,4.85,14,,,,,False,False,,,https://glovoapp.com/es/es/alicante/la-folie-alicante/,"https://res.cloudinary.com/glovoapp/image/fetch/f_svg,c_pad,q_auto:low,h_179,w_351,b_transparent/https://glovoapp.com/images/svg/bckg-pattern.svg",https://glovoapp.com/es/es/alicante/restaurantes_1/hamburguesas_34789/?sortingId=4&sort=precio-de-entrega,CC-MAIN-2023-23
2023-06-,Alicante,El Gallo Claudio,Glovo,,,Hamburguesas 34789,,,,,,,,False,False,,,https://glovoapp.com/es/es/alicante/el-gallo-claudio-alicante/,"https://res.cloudinary.com/glovoapp/image/fetch/f_svg,c_pad,q_auto:low,h_179,w_351,b_transparent/https://glovoapp.com/images/svg/bckg-pattern.svg",https://glovoapp.com/es/es/alicante/restaurantes_1/hamburguesas_34789/?sortingId=4&sort=precio-de-entrega,CC-MAIN-2023-23
2023-06-,Alicante,Patagonia Padel,Glovo,,,Hamburguesas 34789,,,,,,,,False,False,,,https://glovoapp.com/es/es/alicante/patagonia-padel-alicante/,"https://res.cloudinary.com/glovoapp/image/fetch/f_svg,c_pad,q_auto:low,h_179,w_351,b_transparent/https://glovoapp.com/images/svg/bckg-pattern.svg",https://glovoapp.com/es/es/alicante/restaurantes_1/hamburguesas_34789/?sortingId=4&sort=precio-de-entrega,CC-MAIN-2023-23
2023-06-,Alicante,Scandal Burgers,Glovo,,,Hamburguesas 34789,,,,,,,,False,False,,,https://glovoapp.com/es/es/alicante/scandal-burgers-alicante/,"https://res.cloudinary.com/glovoapp/image/fetch/f_svg,c_pad,q_auto:low,h_179,w_351,b_transparent/https://glovoapp.com/images/svg/bckg-pattern.svg",https://glovoapp.com/es/es/alicante/restaurantes_1/hamburguesas_34789/?sortingId=4&sort=precio-de-entrega,CC-MAIN-2023-23
2023-06-,Alicante,Burguer Fako's,Glovo,,,Hamburguesas 34789,,4.2,39,,,,,False,False,,,https://glovoapp.com/es/es/alicante/burguer-fako-s-alicante/,"https://res.cloudinary.com/glovoapp/image/fetch/f_svg,c_pad,q_auto:low,h_179,w_351,b_transparent/https://glovoapp.com/images/svg/bckg-pattern.svg",https://glovoapp.com/es/es/alicante/restaurantes_1/hamburguesas_34789/?sortingId=4&sort=precio-de-entrega,CC-MAIN-2023-23
2023-06-,Alicante,4 Blooms,Glovo,,,Hamburguesas 34789,,4.6,136,,,,,False,False,,,https://glovoapp.com/es/es/alicante/4-blooms-alicante/,"https://res.cloudinary.com/glovoapp/image/fetch/f_svg,c_pad,q_auto:low,h_179,w_351,b_transparent/https://glovoapp.com/images/svg/bckg-pattern.svg",https://glovoapp.com/es/es/alicante/restaurantes_1/hamburguesas_34789/?sortingId=4&sort=precio-de-entrega,CC-MAIN-2023-23
2023-06-,Alicante,Toro Burger Lounge,Glovo,,,Hamburguesas 34789,,,,,,,,False,False,,,https://glovoapp.com/es/es/alicante/toro-alicante/,"https://res.cloudinary.com/glovoapp/image/fetch/f_svg,c_pad,q_auto:low,h_179,w_351,b_transparent/https://glovoapp.com/images/svg/bckg-pattern.svg",https://glovoapp.com/es/es/alicante/restaurantes_1/hamburguesas_34789/?sortingId=4&sort=precio-de-entrega,CC-MAIN-2023-23
2023-06-,Alicante,La Escondida Lunch & Grill,Glovo,,,Hamburguesas 34789,,5.0,60,,,,,False,False,,,https://glovoapp.com/es/es/alicante/la-escondida-lunch-and-grill-alicante/,"https://res.cloudinary.com/glovoapp/image/fetch/f_svg,c_pad,q_auto:low,h_179,w_351,b_transparent/https://glovoapp.com/images/svg/bckg-pattern.svg",https://glovoapp.com/es/es/alicante/restaurantes_1/hamburguesas_34789/?sortingId=4&sort=precio-de-entrega,CC-MAIN-2023-23
2023-06-,Alicante,Los Primos Restaurante Argentino,Glovo,,,Hamburguesas 34789,,4.35,10,,,,,False,False,,,https://glovoapp.com/es/es/alicante/los-primos-restaurante-argentino-alicante/,"https://res.cloudinary.com/glovoapp/image/fetch/f_svg,c_pad,q_auto:low,h_179,w_351,b_transparent/https://glovoapp.com/images/svg/bckg-pattern.svg",https://glovoapp.com/es/es/alicante/restaurantes_1/hamburguesas_34789/?sortingId=4&sort=precio-de-entrega,CC-MAIN-2023-23
2023-06-,Alicante,La Folie Burger,Glovo,,,Hamburguesas 34789,,4.4,23,,,,,False,False,,,https://glovoapp.com/es/es/alicante/la-folie-burger-alicante/,"https://res.cloudinary.com/glovoapp/image/fetch/f_svg,c_pad,q_auto:low,h_179,w_351,b_transparent/https://glovoapp.com/images/svg/bckg-pattern.svg",https://glovoapp.com/es/es/alicante/restaurantes_1/hamburguesas_34789/?sortingId=4&sort=precio-de-entrega,CC-MAIN-2023-23
2023-06-,Alicante,Burger House,Glovo,,,Hamburguesas 34789,,3.25,10,,,,,False,False,,,https://glovoapp.com/es/es/alicante/burger-house-alicante/,"https://res.cloudinary.com/glovoapp/image/fetch/f_svg,c_pad,q_auto:low,h_179,w_351,b_transparent/https://glovoapp.com/images/svg/bckg-pattern.svg",https://glovoapp.com/es/es/alicante/restaurantes_1/hamburguesas_34789/?sortingId=4&sort=precio-de-entrega,CC-MAIN-2023-23
2023-06-,Alicante,Virtual Burguer,Glovo,,,Hamburguesas 34789,,,,,,,,False,False,,,https://glovoapp.com/es/es/alicante/virtual-burguer-alicante/,"https://res.cloudinary.com/glovoapp/image/fetch/f_svg,c_pad,q_auto:low,h_179,w_351,b_transparent/https://glovoapp.com/images/svg/bckg-pattern.svg",https://glovoapp.com/es/es/alicante/restaurantes_1/hamburguesas_34789/?sortingId=4&sort=precio-de-entrega,CC-MAIN-2023-23
2023-06-,Alicante,100 Montaditos,Glovo,,,Americana 34835,,4.65,115,,,,,False,False,,,https://glovoapp.com/es/es/alicante/100-montaditos-alicante/,"https://res.cloudinary.com/glovoapp/image/fetch/f_svg,c_pad,q_auto:low,h_179,w_351,b_transparent/https://glovoapp.com/images/svg/bckg-pattern.svg",https://glovoapp.com/es/es/alicante/restaurantes_1/americana_34835/?sortingId=2&sort=cerca-de-mi,CC-MAIN-2023-23
2023-06-,Alicante,Tony Roma's,Glovo,,,Americana 34835,,4.6,68,,,,,False,False,,,https://glovoapp.com/es/es/alicante/tony-romas-alicante/,"https://res.cloudinary.com/glovoapp/image/fetch/f_svg,c_pad,q_auto:low,h_179,w_351,b_transparent/https://glovoapp.com/images/svg/bckg-pattern.svg",https://glovoapp.com/es/es/alicante/restaurantes_1/americana_34835/?sortingId=2&sort=cerca-de-mi,CC-MAIN-2023-23
2023-06-,Alicante,Burger King,Glovo,,,Americana 34835,,4.6,,,,,,False,False,,,https://glovoapp.com/es/es/alicante/burger-king-alicante/,"https://res.cloudinary.com/glovoapp/image/fetch/f_svg,c_pad,q_auto:low,h_179,w_351,b_transparent/https://glovoapp.com/images/svg/bckg-pattern.svg",https://glovoapp.com/es/es/alicante/restaurantes_1/americana_34835/?sortingId=2&sort=cerca-de-mi,CC-MAIN-2023-23
2023-06-,Alicante,Best Burger,Glovo,,,Americana 34835,,4.75,17,,,,,False,False,,,https://glovoapp.com/es/es/alicante/best-burger-alicante/,"https://res.cloudinary.com/glovoapp/image/fetch/f_svg,c_pad,q_auto:low,h_179,w_351,b_transparent/https://glovoapp.com/images/svg/bckg-pattern.svg",https://glovoapp.com/es/es/alicante/restaurantes_1/americana_34835/?sortingId=2&sort=cerca-de-mi,CC-MAIN-2023-23
2023-06-,Alicante,Tommy Mel's,Glovo,,,Americana 34835,,,,,,,,False,False,,,https://glovoapp.com/es/es/alicante/tommy-mels-alicante/,"https://res.cloudinary.com/glovoapp/image/fetch/f_svg,c_pad,q_auto:low,h_179,w_351,b_transparent/https://glovoapp.com/images/svg/bckg-pattern.svg",https://glovoapp.com/es/es/alicante/restaurantes_1/americana_34835/?sortingId=2&sort=cerca-de-mi,CC-MAIN-2023-23
2023-06-,Alicante,Popeyes,Glovo,,,Americana 34835,,4.2,65,,,,,False,False,,,https://glovoapp.com/es/es/alicante/popeyes-alicante/,"https://res.cloudinary.com/glovoapp/image/fetch/f_svg,c_pad,q_auto:low,h_179,w_351,b_transparent/https://glovoapp.com/images/svg/bckg-pattern.svg",https://glovoapp.com/es/es/alicante/restaurantes_1/americana_34835/?sortingId=2&sort=cerca-de-mi,CC-MAIN-2023-23
2023-06-,Alicante,Route 5,Glovo,,,Americana 34835,,,,,,,,False,False,,,https://glovoapp.com/es/es/alicante/route-5-alicante/,"https://res.cloudinary.com/glovoapp/image/fetch/f_svg,c_pad,q_auto:low,h_179,w_351,b_transparent/https://glovoapp.com/images/svg/bckg-pattern.svg",https://glovoapp.com/es/es/alicante/restaurantes_1/americana_34835/?sortingId=2&sort=cerca-de-mi,CC-MAIN-2023-23
2023-06-,Alicante,Vip Kebabish Novelda,Glovo,,,Americana 34835,,4.65,39,,,,,False,False,,,https://glovoapp.com/es/es/alicante/vip-kebabish-novelda-alicante/,"https://res.cloudinary.com/glovoapp/image/fetch/f_svg,c_pad,q_auto:low,h_179,w_351,b_transparent/https://glovoapp.com/images/svg/bckg-pattern.svg",https://glovoapp.com/es/es/alicante/restaurantes_1/americana_34835/?sortingId=2&sort=cerca-de-mi,CC-MAIN-2023-23
2023-06-,Alicante,Cool Burger,Glovo,,,Americana 34835,,,,,,,,False,False,,,https://glovoapp.com/es/es/alicante/cool-burger-alicante/,"https://res.cloudinary.com/glovoapp/image/fetch/f_svg,c_pad,q_auto:low,h_179,w_351,b_transparent/https://glovoapp.com/images/svg/bckg-pattern.svg",https://glovoapp.com/es/es/alicante/restaurantes_1/americana_34835/?sortingId=2&sort=cerca-de-mi,CC-MAIN-2023-23
2023-06-,Alicante,Ribs,Glovo,,,Americana 34835,,5.0,15,,,,,False,False,,,https://glovoapp.com/es/es/alicante/ribs-alicante/,"https://res.cloudinary.com/glovoapp/image/fetch/f_svg,c_pad,q_auto:low,h_179,w_351,b_transparent/https://glovoapp.com/images/svg/bckg-pattern.svg",https://glovoapp.com/es/es/alicante/restaurantes_1/americana_34835/?sortingId=2&sort=cerca-de-mi,CC-MAIN-2023-23
2023-06-,Alicante,Malevo Brutal Food,Glovo,,,Americana 34835,,5.0,19,,,,,False,False,,,https://glovoapp.com/es/es/alicante/malevo-brutal-food-alicante/,"https://res.cloudinary.com/glovoapp/image/fetch/f_svg,c_pad,q_auto:low,h_179,w_351,b_transparent/https://glovoapp.com/images/svg/bckg-pattern.svg",https://glovoapp.com/es/es/alicante/restaurantes_1/americana_34835/?sortingId=2&sort=cerca-de-mi,CC-MAIN-2023-23
2023-06-,Alicante,Tribeca Music Bar,Glovo,,,Americana 34835,,4.95,200,,,,,False,False,,,https://glovoapp.com/es/es/alicante/tribeca-music-bar/,"https://res.cloudinary.com/glovoapp/image/fetch/f_svg,c_pad,q_auto:low,h_179,w_351,b_transparent/https://glovoapp.com/images/svg/bckg-pattern.svg",https://glovoapp.com/es/es/alicante/restaurantes_1/americana_34835/?sortingId=2&sort=cerca-de-mi,CC-MAIN-2023-23
2023-06-,Alicante,Subway,Glovo,,,Americana 34835,,4.65,210,,,,,False,False,,,https://glovoapp.com/es/es/alicante/subway-alicante/,"https://res.cloudinary.com/glovoapp/image/fetch/f_svg,c_pad,q_auto:low,h_179,w_351,b_transparent/https://glovoapp.com/images/svg/bckg-pattern.svg",https://glovoapp.com/es/es/alicante/restaurantes_1/americana_34835/?sortingId=2&sort=cerca-de-mi,CC-MAIN-2023-23
2023-06-,Alicante,Pipo Steak House,Glovo,,,Americana 34835,,4.45,10,,,,,False,False,,,https://glovoapp.com/es/es/alicante/pipo-steak-house-alicante/,"https://res.cloudinary.com/glovoapp/image/fetch/f_svg,c_pad,q_auto:low,h_179,w_351,b_transparent/https://glovoapp.com/images/svg/bckg-pattern.svg",https://glovoapp.com/es/es/alicante/restaurantes_1/americana_34835/?sortingId=2&sort=cerca-de-mi,CC-MAIN-2023-23
2023-06-,Alicante,Graft,Glovo,,,Americana 34835,,5.0,92,,,,,False,False,,,https://glovoapp.com/es/es/alicante/graft-alicante/,"https://res.cloudinary.com/glovoapp/image/fetch/f_svg,c_pad,q_auto:low,h_179,w_351,b_transparent/https://glovoapp.com/images/svg/bckg-pattern.svg",https://glovoapp.com/es/es/alicante/restaurantes_1/americana_34835/?sortingId=2&sort=cerca-de-mi,CC-MAIN-2023-23
2023-06-,Alicante,Hot Dog Nation,Glovo,,,Americana 34835,,4.35,10,,,,,False,False,,,https://glovoapp.com/es/es/alicante/hot-dog-nation-alicante/,"https://res.cloudinary.com/glovoapp/image/fetch/f_svg,c_pad,q_auto:low,h_179,w_351,b_transparent/https://glovoapp.com/images/svg/bckg-pattern.svg",https://glovoapp.com/es/es/alicante/restaurantes_1/americana_34835/?sortingId=2&sort=cerca-de-mi,CC-MAIN-2023-23
2023-06-,Alicante,Brothers HotDogs,Glovo,,,Americana 34835,,5.0,10,,,,,False,False,,,https://glovoapp.com/es/es/alicante/brothers-hotdogs-alicante/,"https://res.cloudinary.com/glovoapp/image/fetch/f_svg,c_pad,q_auto:low,h_179,w_351,b_transparent/https://glovoapp.com/images/svg/bckg-pattern.svg",https://glovoapp.com/es/es/alicante/restaurantes_1/americana_34835/?sortingId=2&sort=cerca-de-mi,CC-MAIN-2023-23
2023-06-,Alicante,Superbestia,Glovo,,,Americana 34835,,,,,,,,False,False,,,https://glovoapp.com/es/es/alicante/superbestia-alicante/,"https://res.cloudinary.com/glovoapp/image/fetch/f_svg,c_pad,q_auto:low,h_179,w_351,b_transparent/https://glovoapp.com/images/svg/bckg-pattern.svg",https://glovoapp.com/es/es/alicante/restaurantes_1/americana_34835/?sortingId=2&sort=cerca-de-mi,CC-MAIN-2023-23
2023-06-,Alicante,El Paraíso,Glovo,,,Americana 34835,,,,,,,,False,False,,,https://glovoapp.com/es/es/alicante/el-paraiso-alicante/,"https://res.cloudinary.com/glovoapp/image/fetch/f_svg,c_pad,q_auto:low,h_179,w_351,b_transparent/https://glovoapp.com/images/svg/bckg-pattern.svg",https://glovoapp.com/es/es/alicante/restaurantes_1/americana_34835/?sortingId=2&sort=cerca-de-mi,CC-MAIN-2023-23
2023-06-,Alicante,Cafetería El Bigotes,Glovo,,,Americana 34835,,,,,,,,False,False,,,https://glovoapp.com/es/es/alicante/cafeter-a-el-bigotes-alcante/,"https://res.cloudinary.com/glovoapp/image/fetch/f_svg,c_pad,q_auto:low,h_179,w_351,b_transparent/https://glovoapp.com/images/svg/bckg-pattern.svg",https://glovoapp.com/es/es/alicante/restaurantes_1/americana_34835/?sortingId=2&sort=cerca-de-mi,CC-MAIN-2023-23
2023-06-,Alicante,Milanesa Street,Glovo,,,Americana 34835,,,,,,,,False,False,,,https://glovoapp.com/es/es/alicante/milanesa-street-alc/,"https://res.cloudinary.com/glovoapp/image/fetch/f_svg,c_pad,q_auto:low,h_179,w_351,b_transparent/https://glovoapp.com/images/svg/bckg-pattern.svg",https://glovoapp.com/es/es/alicante/restaurantes_1/americana_34835/?sortingId=2&sort=cerca-de-mi,CC-MAIN-2023-23
2023-06-,Alicante,El Rancho De La Patata,Glovo,,,Americana 34835,,5.0,11,,,,,False,False,,,https://glovoapp.com/es/es/alicante/el-rancho-de-la-patata-alicante/,"https://res.cloudinary.com/glovoapp/image/fetch/f_svg,c_pad,q_auto:low,h_179,w_351,b_transparent/https://glovoapp.com/images/svg/bckg-pattern.svg",https://glovoapp.com/es/es/alicante/restaurantes_1/americana_34835/?sortingId=2&sort=cerca-de-mi,CC-MAIN-2023-23
2023-06-,Alicante,Pepito I,Glovo,,,Americana 34835,,,,,,,,False,False,,,https://glovoapp.com/es/es/alicante/pepito-i-alc/,"https://res.cloudinary.com/glovoapp/image/fetch/f_svg,c_pad,q_auto:low,h_179,w_351,b_transparent/https://glovoapp.com/images/svg/bckg-pattern.svg",https://glovoapp.com/es/es/alicante/restaurantes_1/americana_34835/?sortingId=2&sort=cerca-de-mi,CC-MAIN-2023-23
2023-06-,Alicante,Hot Dog Guau,Glovo,,,Americana 34835,,,,,,,,False,False,,,https://glovoapp.com/es/es/alicante/hot-dog-guau-alc/,"https://res.cloudinary.com/glovoapp/image/fetch/f_svg,c_pad,q_auto:low,h_179,w_351,b_transparent/https://glovoapp.com/images/svg/bckg-pattern.svg",https://glovoapp.com/es/es/alicante/restaurantes_1/americana_34835/?sortingId=2&sort=cerca-de-mi,CC-MAIN-2023-23
2023-06-,Alicante,Boca Ta,Glovo,,,Americana 34835,,,,,,,,False,False,,,https://glovoapp.com/es/es/alicante/boca-ta-alc/,"https://res.cloudinary.com/glovoapp/image/fetch/f_svg,c_pad,q_auto:low,h_179,w_351,b_transparent/https://glovoapp.com/images/svg/bckg-pattern.svg",https://glovoapp.com/es/es/alicante/restaurantes_1/americana_34835/?sortingId=2&sort=cerca-de-mi,CC-MAIN-2023-23
2023-06-,Alicante,La Pepiteria Street Food,Glovo,,,Americana 34835,,4.9,19,,,,,False,False,,,https://glovoapp.com/es/es/alicante/la-pepiteria-street-food-alicante/,"https://res.cloudinary.com/glovoapp/image/fetch/f_svg,c_pad,q_auto:low,h_179,w_351,b_transparent/https://glovoapp.com/images/svg/bckg-pattern.svg",https://glovoapp.com/es/es/alicante/restaurantes_1/americana_34835/?sortingId=2&sort=cerca-de-mi,CC-MAIN-2023-23
2023-06-,Alicante,AARAV,Glovo,,,Americana 34835,,,,,,,,False,False,,,https://glovoapp.com/es/es/alicante/aarav-alicante/,"https://res.cloudinary.com/glovoapp/image/fetch/f_svg,c_pad,q_auto:low,h_179,w_351,b_transparent/https://glovoapp.com/images/svg/bckg-pattern.svg",https://glovoapp.com/es/es/alicante/restaurantes_1/americana_34835/?sortingId=2&sort=cerca-de-mi,CC-MAIN-2023-23
2023-06-,Alicante,La Boutique Churros & Café,Glovo,,,Desayuno 35073,,4.85,127,,,,,False,False,,,https://glovoapp.com/es/es/alicante/la-boutique--alicante/,"https://res.cloudinary.com/glovoapp/image/fetch/f_svg,c_pad,q_auto:low,h_179,w_351,b_transparent/https://glovoapp.com/images/svg/bckg-pattern.svg",https://glovoapp.com/es/es/alicante/restaurantes_1/desayuno_35073/?sortingId=2&sort=cerca-de-mi,CC-MAIN-2023-23
2023-06-,Alicante,El Desayuno Perfecto,Glovo,,,Desayuno 35073,,4.85,18,,,,,False,False,,,https://glovoapp.com/es/es/alicante/tu-momento-gaming-alicante/,"https://res.cloudinary.com/glovoapp/image/fetch/f_svg,c_pad,q_auto:low,h_179,w_351,b_transparent/https://glovoapp.com/images/svg/bckg-pattern.svg",https://glovoapp.com/es/es/alicante/restaurantes_1/desayuno_35073/?sortingId=2&sort=cerca-de-mi,CC-MAIN-2023-23
2023-06-,Alicante,Starbucks,Glovo,,,Desayuno 35073,,4.5,375,,,,,False,False,,,https://glovoapp.com/es/es/alicante/starbucks-alicante/,"https://res.cloudinary.com/glovoapp/image/fetch/f_svg,c_pad,q_auto:low,h_179,w_351,b_transparent/https://glovoapp.com/images/svg/bckg-pattern.svg",https://glovoapp.com/es/es/alicante/restaurantes_1/desayuno_35073/?sortingId=2&sort=cerca-de-mi,CC-MAIN-2023-23
2023-06-,Alicante,Tres Texturas,Glovo,,,Desayuno 35073,,5.0,14,,,,,False,False,,,https://glovoapp.com/es/es/alicante/tres-texturas-alicante/,"https://res.cloudinary.com/glovoapp/image/fetch/f_svg,c_pad,q_auto:low,h_179,w_351,b_transparent/https://glovoapp.com/images/svg/bckg-pattern.svg",https://glovoapp.com/es/es/alicante/restaurantes_1/desayuno_35073/?sortingId=2&sort=cerca-de-mi,CC-MAIN-2023-23
2023-06-,Alicante,Panadería Dorita,Glovo,,,Desayuno 35073,,,,,,,,False,False,,,https://glovoapp.com/es/es/alicante/panaderia-dorita-alicante/,"https://res.cloudinary.com/glovoapp/image/fetch/f_svg,c_pad,q_auto:low,h_179,w_351,b_transparent/https://glovoapp.com/images/svg/bckg-pattern.svg",https://glovoapp.com/es/es/alicante/restaurantes_1/desayuno_35073/?sortingId=2&sort=cerca-de-mi,CC-MAIN-2023-23
2023-06-,Alicante,Mareando La Huerta,Glovo,,,Desayuno 35073,,5.0,17,,,,,False,False,,,https://glovoapp.com/es/es/alicante/mareando-la-huerta-alicante/,"https://res.cloudinary.com/glovoapp/image/fetch/f_svg,c_pad,q_auto:low,h_179,w_351,b_transparent/https://glovoapp.com/images/svg/bckg-pattern.svg",https://glovoapp.com/es/es/alicante/restaurantes_1/desayuno_35073/?sortingId=2&sort=cerca-de-mi,CC-MAIN-2023-23
2023-06-,Alicante,Panadería Moka,Glovo,,,Desayuno 35073,,4.1,10,,,,,False,False,,,https://glovoapp.com/es/es/alicante/panaderia-moka-alicante/,"https://res.cloudinary.com/glovoapp/image/fetch/f_svg,c_pad,q_auto:low,h_179,w_351,b_transparent/https://glovoapp.com/images/svg/bckg-pattern.svg",https://glovoapp.com/es/es/alicante/restaurantes_1/desayuno_35073/?sortingId=2&sort=cerca-de-mi,CC-MAIN-2023-23
2023-06-,Alicante,El Molí Pan y Café,Glovo,,,Desayuno 35073,,4.75,49,,,,,False,False,,,https://glovoapp.com/es/es/alicante/el-moli-pan-y-cafe-alc/,"https://res.cloudinary.com/glovoapp/image/fetch/f_svg,c_pad,q_auto:low,h_179,w_351,b_transparent/https://glovoapp.com/images/svg/bckg-pattern.svg",https://glovoapp.com/es/es/alicante/restaurantes_1/desayuno_35073/?sortingId=2&sort=cerca-de-mi,CC-MAIN-2023-23
2023-06-,Alicante,La Sabrosura,Glovo,,,Desayuno 35073,,,,,,,,False,False,,,https://glovoapp.com/es/es/alicante/la-antigua-alicante/,"https://res.cloudinary.com/glovoapp/image/fetch/f_svg,c_pad,q_auto:low,h_179,w_351,b_transparent/https://glovoapp.com/images/svg/bckg-pattern.svg",https://glovoapp.com/es/es/alicante/restaurantes_1/desayuno_35073/?sortingId=2&sort=cerca-de-mi,CC-MAIN-2023-23
2023-06-,Alicante,Coffee & Breakfast,Glovo,,,Desayuno 35073,,4.3,12,,,,,False,False,,,https://glovoapp.com/es/es/alicante/coffee-and-breakfast-alicante/,"https://res.cloudinary.com/glovoapp/image/fetch/f_svg,c_pad,q_auto:low,h_179,w_351,b_transparent/https://glovoapp.com/images/svg/bckg-pattern.svg",https://glovoapp.com/es/es/alicante/restaurantes_1/desayuno_35073/?sortingId=2&sort=cerca-de-mi,CC-MAIN-2023-23
2023-06-,Alicante,Luceros Coffee,Glovo,,,Desayuno 35073,,,,,,,,False,False,,,https://glovoapp.com/es/es/alicante/luceros-coffee-alicante/,"https://res.cloudinary.com/glovoapp/image/fetch/f_svg,c_pad,q_auto:low,h_179,w_351,b_transparent/https://glovoapp.com/images/svg/bckg-pattern.svg",https://glovoapp.com/es/es/alicante/restaurantes_1/desayuno_35073/?sortingId=2&sort=cerca-de-mi,CC-MAIN-2023-23
2023-06-,Alicante,Baker & Co,Glovo,,,Desayuno 35073,,4.9,70,,,,,False,False,,,https://glovoapp.com/es/es/alicante/baker-and-co-alicante/,"https://res.cloudinary.com/glovoapp/image/fetch/f_svg,c_pad,q_auto:low,h_179,w_351,b_transparent/https://glovoapp.com/images/svg/bckg-pattern.svg",https://glovoapp.com/es/es/alicante/restaurantes_1/desayuno_35073/?sortingId=2&sort=cerca-de-mi,CC-MAIN-2023-23
2023-06-,Alicante,Arepa Real,Glovo,,,Desayuno 35073,,4.8,14,,,,,False,False,,,https://glovoapp.com/es/es/alicante/arepa-real-alicante/,"https://res.cloudinary.com/glovoapp/image/fetch/f_svg,c_pad,q_auto:low,h_179,w_351,b_transparent/https://glovoapp.com/images/svg/bckg-pattern.svg",https://glovoapp.com/es/es/alicante/restaurantes_1/desayuno_35073/?sortingId=2&sort=cerca-de-mi,CC-MAIN-2023-23
2023-06-,Alicante,Restaurante Oriental Fu,Glovo,,,Asiatica 34834,,4.7,158,,,,,False,False,,,https://glovoapp.com/es/es/alicante/restaurante-oriental-fu-alicante/,"https://res.cloudinary.com/glovoapp/image/fetch/f_svg,c_pad,q_auto:low,h_179,w_351,b_transparent/https://glovoapp.com/images/svg/bckg-pattern.svg",https://glovoapp.com/es/es/alicante/restaurantes_1/asiatica_34834/?sortingId=4&sort=precio-de-entrega,CC-MAIN-2023-23
2023-06-,Alicante,100 Montaditos Tapas,Glovo,,,Bocadillos 34819,,3.95,70,,,,,False,False,,,https://glovoapp.com/es/es/alicante/100-montaditos-2-alicante/,"https://res.cloudinary.com/glovoapp/image/fetch/f_svg,c_pad,q_auto:low,h_179,w_351,b_transparent/https://glovoapp.com/images/svg/bckg-pattern.svg",https://glovoapp.com/es/es/alicante/restaurantes_1/bocadillos_34819/?sortingId=4&sort=precio-de-entrega,CC-MAIN-2023-23
2023-06-,Alicante,La Sureña,Glovo,,,Bocadillos 34819,,4.1,20,,,,,False,False,,,https://glovoapp.com/es/es/alicante/la-surena-alicante/,"https://res.cloudinary.com/glovoapp/image/fetch/f_svg,c_pad,q_auto:low,h_179,w_351,b_transparent/https://glovoapp.com/images/svg/bckg-pattern.svg",https://glovoapp.com/es/es/alicante/restaurantes_1/bocadillos_34819/?sortingId=4&sort=precio-de-entrega,CC-MAIN-2023-23
2023-06-,Alicante,American Batoi,Glovo,,,Bocadillos 34819,,,,,,,,False,False,,,https://glovoapp.com/es/es/alicante/american-batoi-alicante/,"https://res.cloudinary.com/glovoapp/image/fetch/f_svg,c_pad,q_auto:low,h_179,w_351,b_transparent/https://glovoapp.com/images/svg/bckg-pattern.svg",https://glovoapp.com/es/es/alicante/restaurantes_1/bocadillos_34819/?sortingId=4&sort=precio-de-entrega,CC-MAIN-2023-23
2023-06-,Alicante,Vegan Batoi,Glovo,,,Bocadillos 34819,,,,,,,,False,False,,,https://glovoapp.com/es/es/alicante/vegan-batoi-alicante/,"https://res.cloudinary.com/glovoapp/image/fetch/f_svg,c_pad,q_auto:low,h_179,w_351,b_transparent/https://glovoapp.com/images/svg/bckg-pattern.svg",https://glovoapp.com/es/es/alicante/restaurantes_1/bocadillos_34819/?sortingId=4&sort=precio-de-entrega,CC-MAIN-2023-23
2023-06-,Alicante,Edenbar't,Glovo,,,Bocadillos 34819,,4.8,32,,,,,False,False,,,https://glovoapp.com/es/es/alicante/edenbart-alicante/,"https://res.cloudinary.com/glovoapp/image/fetch/f_svg,c_pad,q_auto:low,h_179,w_351,b_transparent/https://glovoapp.com/images/svg/bckg-pattern.svg",https://glovoapp.com/es/es/alicante/restaurantes_1/bocadillos_34819/?sortingId=4&sort=precio-de-entrega,CC-MAIN-2023-23
2023-06-,Alicante,Conurbano,Glovo,,,Bocadillos 34819,,4.8,44,,,,,False,False,,,https://glovoapp.com/es/es/alicante/conurbano-alicante/,"https://res.cloudinary.com/glovoapp/image/fetch/f_svg,c_pad,q_auto:low,h_179,w_351,b_transparent/https://glovoapp.com/images/svg/bckg-pattern.svg",https://glovoapp.com/es/es/alicante/restaurantes_1/bocadillos_34819/?sortingId=4&sort=precio-de-entrega,CC-MAIN-2023-23
2023-06-,Alicante,Restaurante Pocardy,Glovo,,,Bocadillos 34819,,4.85,108,,,,,False,False,,,https://glovoapp.com/es/es/alicante/restaurante-pocardy-alicante/,"https://res.cloudinary.com/glovoapp/image/fetch/f_svg,c_pad,q_auto:low,h_179,w_351,b_transparent/https://glovoapp.com/images/svg/bckg-pattern.svg",https://glovoapp.com/es/es/alicante/restaurantes_1/bocadillos_34819/?sortingId=4&sort=precio-de-entrega,CC-MAIN-2023-23
2023-06-,Alicante,Cabaña Grill,Glovo,,,Bocadillos 34819,,4.85,64,,,,,False,False,,,https://glovoapp.com/es/es/alicante/cabana-grill-alicante/,"https://res.cloudinary.com/glovoapp/image/fetch/f_svg,c_pad,q_auto:low,h_179,w_351,b_transparent/https://glovoapp.com/images/svg/bckg-pattern.svg",https://glovoapp.com/es/es/alicante/restaurantes_1/bocadillos_34819/?sortingId=4&sort=precio-de-entrega,CC-MAIN-2023-23
2023-06-,Alicante,Batoi Café Bar,Glovo,,,Bocadillos 34819,,4.9,12,,,,,False,False,,,https://glovoapp.com/es/es/alicante/batoi-cafe-bar-alicante/,"https://res.cloudinary.com/glovoapp/image/fetch/f_svg,c_pad,q_auto:low,h_179,w_351,b_transparent/https://glovoapp.com/images/svg/bckg-pattern.svg",https://glovoapp.com/es/es/alicante/restaurantes_1/bocadillos_34819/?sortingId=4&sort=precio-de-entrega,CC-MAIN-2023-23
2023-06-,Alicante,OLIVO,Glovo,,,Bocadillos 34819,,5.0,60,,,,,False,False,,,https://glovoapp.com/es/es/alicante/olivo-alicante/,"https://res.cloudinary.com/glovoapp/image/fetch/f_svg,c_pad,q_auto:low,h_179,w_351,b_transparent/https://glovoapp.com/images/svg/bckg-pattern.svg",https://glovoapp.com/es/es/alicante/restaurantes_1/bocadillos_34819/?sortingId=4&sort=precio-de-entrega,CC-MAIN-2023-23
2023-06-,Alicante,Pizzería Popeye,Glovo,,,Bocadillos 34819,,4.6,153,,,,,False,False,,,https://glovoapp.com/es/es/alicante/pizzeria-popeye-alicante/,"https://res.cloudinary.com/glovoapp/image/fetch/f_svg,c_pad,q_auto:low,h_179,w_351,b_transparent/https://glovoapp.com/images/svg/bckg-pattern.svg",https://glovoapp.com/es/es/alicante/restaurantes_1/bocadillos_34819/?sortingId=4&sort=precio-de-entrega,CC-MAIN-2023-23
2023-06-,Alicante,Mila's Sandwiches,Glovo,,,Bocadillos 34819,,4.65,12,,,,,False,False,,,https://glovoapp.com/es/es/alicante/milas-sandwiches-alicante/,"https://res.cloudinary.com/glovoapp/image/fetch/f_svg,c_pad,q_auto:low,h_179,w_351,b_transparent/https://glovoapp.com/images/svg/bckg-pattern.svg",https://glovoapp.com/es/es/alicante/restaurantes_1/bocadillos_34819/?sortingId=4&sort=precio-de-entrega,CC-MAIN-2023-23
2023-06-,Alicante,Caracas Vip,Glovo,,,Bocadillos 34819,,,,,,,,False,False,,,https://glovoapp.com/es/es/alicante/caracas-vip-alicante/,"https://res.cloudinary.com/glovoapp/image/fetch/f_svg,c_pad,q_auto:low,h_179,w_351,b_transparent/https://glovoapp.com/images/svg/bckg-pattern.svg",https://glovoapp.com/es/es/alicante/restaurantes_1/bocadillos_34819/?sortingId=4&sort=precio-de-entrega,CC-MAIN-2023-23
2023-06-,Alicante,Dunkin',Glovo,,,Bocadillos 34819,,4.9,116,,,,,False,False,,,https://glovoapp.com/es/es/alicante/dunkin-coffee-12/,"https://res.cloudinary.com/glovoapp/image/fetch/f_svg,c_pad,q_auto:low,h_179,w_351,b_transparent/https://glovoapp.com/images/svg/bckg-pattern.svg",https://glovoapp.com/es/es/alicante/restaurantes_1/bocadillos_34819/?sortingId=4&sort=precio-de-entrega,CC-MAIN-2023-23
2023-06-,Alicante,Mercado 100 Montaditos y La Sureña,Glovo,,,Bocadillos 34819,,,,,,,,False,False,,,https://glovoapp.com/es/es/alicante/mercado-100-montaditos-y-la-surena-alicante/,"https://res.cloudinary.com/glovoapp/image/fetch/f_svg,c_pad,q_auto:low,h_179,w_351,b_transparent/https://glovoapp.com/images/svg/bckg-pattern.svg",https://glovoapp.com/es/es/alicante/restaurantes_1/bocadillos_34819/?sortingId=4&sort=precio-de-entrega,CC-MAIN-2023-23
2023-06-,Alicante,Viejo Pau,Glovo,,,Bocadillos 34819,,4.6,50,,,,,False,False,,,https://glovoapp.com/es/es/alicante/viejo-pau-alicante/,"https://res.cloudinary.com/glovoapp/image/fetch/f_svg,c_pad,q_auto:low,h_179,w_351,b_transparent/https://glovoapp.com/images/svg/bckg-pattern.svg",https://glovoapp.com/es/es/alicante/restaurantes_1/bocadillos_34819/?sortingId=4&sort=precio-de-entrega,CC-MAIN-2023-23
2023-06-,Alicante,Oh Alicante,Glovo,,,Bocadillos 34819,,,,,,,,False,False,,,https://glovoapp.com/es/es/alicante/oh-alicante-alicante/,"https://res.cloudinary.com/glovoapp/image/fetch/f_svg,c_pad,q_auto:low,h_179,w_351,b_transparent/https://glovoapp.com/images/svg/bckg-pattern.svg",https://glovoapp.com/es/es/alicante/restaurantes_1/bocadillos_34819/?sortingId=4&sort=precio-de-entrega,CC-MAIN-2023-23
2023-06-,Alicante,Bocadillos Sureños,Glovo,,,Bocadillos 34819,,3.7,19,,,,,False,False,,,https://glovoapp.com/es/es/alicante/bocadillos-surenos-alicante/,"https://res.cloudinary.com/glovoapp/image/fetch/f_svg,c_pad,q_auto:low,h_179,w_351,b_transparent/https://glovoapp.com/images/svg/bckg-pattern.svg",https://glovoapp.com/es/es/alicante/restaurantes_1/bocadillos_34819/?sortingId=4&sort=precio-de-entrega,CC-MAIN-2023-23
2023-06-,Alicante,Flor De La Amazonía,Glovo,,,Bocadillos 34819,,,,,,,,False,False,,,https://glovoapp.com/es/es/alicante/flor-de-la-amazonia-alicante/,"https://res.cloudinary.com/glovoapp/image/fetch/f_svg,c_pad,q_auto:low,h_179,w_351,b_transparent/https://glovoapp.com/images/svg/bckg-pattern.svg",https://glovoapp.com/es/es/alicante/restaurantes_1/bocadillos_34819/?sortingId=4&sort=precio-de-entrega,CC-MAIN-2023-23
2023-06-,Alicante,D’ Pura Madre,Glovo,,,Bocadillos 34819,,4.3,15,,,,,False,False,,,https://glovoapp.com/es/es/alicante/d-pura-madre-alicante/,"https://res.cloudinary.com/glovoapp/image/fetch/f_svg,c_pad,q_auto:low,h_179,w_351,b_transparent/https://glovoapp.com/images/svg/bckg-pattern.svg",https://glovoapp.com/es/es/alicante/restaurantes_1/bocadillos_34819/?sortingId=4&sort=precio-de-entrega,CC-MAIN-2023-23
2023-06-,Alicante,Dorkas Coffee & Food,Glovo,,,Bocadillos 34819,,,,,,,,False,False,,,https://glovoapp.com/es/es/alicante/dorkas-cogofre-and-food-alicante/,"https://res.cloudinary.com/glovoapp/image/fetch/f_svg,c_pad,q_auto:low,h_179,w_351,b_transparent/https://glovoapp.com/images/svg/bckg-pattern.svg",https://glovoapp.com/es/es/alicante/restaurantes_1/bocadillos_34819/?sortingId=4&sort=precio-de-entrega,CC-MAIN-2023-23
2023-06-,Alicante,Enjoy!,Glovo,,,Bocadillos 34819,,,,,,,,False,False,,,https://glovoapp.com/es/es/alicante/enjoy-alicante/,"https://res.cloudinary.com/glovoapp/image/fetch/f_svg,c_pad,q_auto:low,h_179,w_351,b_transparent/https://glovoapp.com/images/svg/bckg-pattern.svg",https://glovoapp.com/es/es/alicante/restaurantes_1/bocadillos_34819/?sortingId=4&sort=precio-de-entrega,CC-MAIN-2023-23
2023-06-,Alicante,Picoteo,Glovo,,,Bocadillos 34819,,,,,,,,False,False,,,https://glovoapp.com/es/es/alicante/picoteo-alicante/,"https://res.cloudinary.com/glovoapp/image/fetch/f_svg,c_pad,q_auto:low,h_179,w_351,b_transparent/https://glovoapp.com/images/svg/bckg-pattern.svg",https://glovoapp.com/es/es/alicante/restaurantes_1/bocadillos_34819/?sortingId=4&sort=precio-de-entrega,CC-MAIN-2023-23
2023-06-,Alicante,La Mala Buena,Glovo,,,Bocadillos 34819,,,,,,,,False,False,,,https://glovoapp.com/es/es/alicante/la-mala-buena-alicante/,"https://res.cloudinary.com/glovoapp/image/fetch/f_svg,c_pad,q_auto:low,h_179,w_351,b_transparent/https://glovoapp.com/images/svg/bckg-pattern.svg",https://glovoapp.com/es/es/alicante/restaurantes_1/bocadillos_34819/?sortingId=4&sort=precio-de-entrega,CC-MAIN-2023-23
2023-05-,Alcala De Henares,Pomodoro,Glovo,,,Pizza 34701,,4.8,129,,,,,False,False,,,https://glovoapp.com/es/es/alcala-de-henares/pomodoro-alcala-de-henares/,"https://res.cloudinary.com/glovoapp/image/fetch/f_svg,c_pad,q_auto:low,h_179,w_351,b_transparent/https://glovoapp.com/images/svg/bckg-pattern.svg",https://glovoapp.com/es/es/alcala-de-henares/restaurantes_1/pizza_34701/,CC-MAIN-2023-23
2023-05-,Alcala De Henares,Pizzería Alcalá,Glovo,,,Pizza 34701,,4.55,125,,,,,False,False,,,https://glovoapp.com/es/es/alcala-de-henares/pizzeria-alcala-alcala-de-henares-y-torrejon-de-ardoz/,"https://res.cloudinary.com/glovoapp/image/fetch/f_svg,c_pad,q_auto:low,h_179,w_351,b_transparent/https://glovoapp.com/images/svg/bckg-pattern.svg",https://glovoapp.com/es/es/alcala-de-henares/restaurantes_1/pizza_34701/,CC-MAIN-2023-23
2023-05-,Alcala De Henares,Pizza Hut,Glovo,,,Pizza 34701,,4.65,176,,,,,False,False,,,https://glovoapp.com/es/es/alcala-de-henares/pizza-hut-alcal-de-henares/,"https://res.cloudinary.com/glovoapp/image/fetch/f_svg,c_pad,q_auto:low,h_179,w_351,b_transparent/https://glovoapp.com/images/svg/bckg-pattern.svg",https://glovoapp.com/es/es/alcala-de-henares/restaurantes_1/pizza_34701/,CC-MAIN-2023-23
2023-05-,Alcala De Henares,Pizzería Carlos,Glovo,,,Pizza 34701,,4.9,134,,,,,False,False,,,https://glovoapp.com/es/es/alcala-de-henares/pizzeria-carlos-alcala-de-henares/,"https://res.cloudinary.com/glovoapp/image/fetch/f_svg,c_pad,q_auto:low,h_179,w_351,b_transparent/https://glovoapp.com/images/svg/bckg-pattern.svg",https://glovoapp.com/es/es/alcala-de-henares/restaurantes_1/pizza_34701/,CC-MAIN-2023-23
2023-05-,Alcala De Henares,Papizza,Glovo,,,Pizza 34701,,4.9,41,,,,,False,False,,,https://glovoapp.com/es/es/alcala-de-henares/papizza-hen/,"https://res.cloudinary.com/glovoapp/image/fetch/f_svg,c_pad,q_auto:low,h_179,w_351,b_transparent/https://glovoapp.com/images/svg/bckg-pattern.svg",https://glovoapp.com/es/es/alcala-de-henares/restaurantes_1/pizza_34701/,CC-MAIN-2023-23
2023-05-,Alcala De Henares,L'Impasto Pizzería,Glovo,,,Pizza 34701,,4.75,80,,,,,False,False,,,https://glovoapp.com/es/es/alcala-de-henares/limpasto-pizzeria-alcala-de-henares-y-torrejon-de-ardoz/,"https://res.cloudinary.com/glovoapp/image/fetch/f_svg,c_pad,q_auto:low,h_179,w_351,b_transparent/https://glovoapp.com/images/svg/bckg-pattern.svg",https://glovoapp.com/es/es/alcala-de-henares/restaurantes_1/pizza_34701/,CC-MAIN-2023-23
2023-05-,Alcala De Henares,King Kebab Pizzeria,Glovo,,,Pizza 34701,,5.0,27,,,,,False,False,,,https://glovoapp.com/es/es/alcala-de-henares/king-kebab-pizzeria-alcala-de-henares/,"https://res.cloudinary.com/glovoapp/image/fetch/f_svg,c_pad,q_auto:low,h_179,w_351,b_transparent/https://glovoapp.com/images/svg/bckg-pattern.svg",https://glovoapp.com/es/es/alcala-de-henares/restaurantes_1/pizza_34701/,CC-MAIN-2023-23
2023-05-,Alcala De Henares,Tui Kebab Pizzería,Glovo,,,Pizza 34701,,4.65,41,,,,,False,False,,,https://glovoapp.com/es/es/alcala-de-henares/tui-kebab-pizzeria-alcala-de-henares/,"https://res.cloudinary.com/glovoapp/image/fetch/f_svg,c_pad,q_auto:low,h_179,w_351,b_transparent/https://glovoapp.com/images/svg/bckg-pattern.svg",https://glovoapp.com/es/es/alcala-de-henares/restaurantes_1/pizza_34701/,CC-MAIN-2023-23
2023-05-,Alcala De Henares,Sabora Pizza,Glovo,,,Pizza 34701,,4.75,35,,,,,False,False,,,https://glovoapp.com/es/es/alcala-de-henares/sabora-pizza-alcala-de-henares/,"https://res.cloudinary.com/glovoapp/image/fetch/f_svg,c_pad,q_auto:low,h_179,w_351,b_transparent/https://glovoapp.com/images/svg/bckg-pattern.svg",https://glovoapp.com/es/es/alcala-de-henares/restaurantes_1/pizza_34701/,CC-MAIN-2023-23
2023-05-,Alcala De Henares,Puerto Madero - Alcalá De Henares,Glovo,,,Pizza 34701,,5.0,39,,,,,False,False,,,https://glovoapp.com/es/es/alcala-de-henares/puerto-madero-alcala-de-henares-alcala-de-henares/,"https://res.cloudinary.com/glovoapp/image/fetch/f_svg,c_pad,q_auto:low,h_179,w_351,b_transparent/https://glovoapp.com/images/svg/bckg-pattern.svg",https://glovoapp.com/es/es/alcala-de-henares/restaurantes_1/pizza_34701/,CC-MAIN-2023-23
2023-05-,Alcala De Henares,Pizza Nápoles Alcalá,Glovo,,,Pizza 34701,,,,,,,,False,False,,,https://glovoapp.com/es/es/alcala-de-henares/pizza-napoles-alcala-alcala-de-henares/,"https://res.cloudinary.com/glovoapp/image/fetch/f_svg,c_pad,q_auto:low,h_179,w_351,b_transparent/https://glovoapp.com/images/svg/bckg-pattern.svg",https://glovoapp.com/es/es/alcala-de-henares/restaurantes_1/pizza_34701/,CC-MAIN-2023-23
2023-05-,Alcala De Henares,Pizzería Hot&Cold,Glovo,,,Pizza 34701,,5.0,14,,,,,False,False,,,https://glovoapp.com/es/es/alcala-de-henares/pizzeria-hotandcold-alcala-de-henares/,"https://res.cloudinary.com/glovoapp/image/fetch/f_svg,c_pad,q_auto:low,h_179,w_351,b_transparent/https://glovoapp.com/images/svg/bckg-pattern.svg",https://glovoapp.com/es/es/alcala-de-henares/restaurantes_1/pizza_34701/,CC-MAIN-2023-23
2023-05-,Alcala De Henares,Walibaba Kebab House,Glovo,,,Pizza 34701,,4.4,10,,,,,False,False,,,https://glovoapp.com/es/es/alcala-de-henares/walibaba-kebab-house-alcala-de-hernares/,"https://res.cloudinary.com/glovoapp/image/fetch/f_svg,c_pad,q_auto:low,h_179,w_351,b_transparent/https://glovoapp.com/images/svg/bckg-pattern.svg",https://glovoapp.com/es/es/alcala-de-henares/restaurantes_1/pizza_34701/,CC-MAIN-2023-23
2023-05-,Alcala De Henares,Papa John's,Glovo,,,Pizza 34701,,4.7,182,,,,,False,False,,,https://glovoapp.com/es/es/alcala-de-henares/papa-john-s-hen/,"https://res.cloudinary.com/glovoapp/image/fetch/f_svg,c_pad,q_auto:low,h_179,w_351,b_transparent/https://glovoapp.com/images/svg/bckg-pattern.svg",https://glovoapp.com/es/es/alcala-de-henares/restaurantes_1/pizza_34701/,CC-MAIN-2023-23
2023-05-,Alcala De Henares,IT - Italian Trattoria,Glovo,,,Pizza 34701,,3.9,55,,,,,False,False,,,https://glovoapp.com/es/es/alcala-de-henares/it-italian-trattoria-alcala-de-henares-y-torrejon-de-ardoz/,"https://res.cloudinary.com/glovoapp/image/fetch/f_svg,c_pad,q_auto:low,h_179,w_351,b_transparent/https://glovoapp.com/images/svg/bckg-pattern.svg",https://glovoapp.com/es/es/alcala-de-henares/restaurantes_1/pizza_34701/,CC-MAIN-2023-23
2023-05-,Alcala De Henares,Ca'Tabla,Glovo,,,Pizza 34701,,4.8,65,,,,,False,False,,,https://glovoapp.com/es/es/alcala-de-henares/ca-tabla-alcala-de-henares-y-torrejon-de-ardoz/,"https://res.cloudinary.com/glovoapp/image/fetch/f_svg,c_pad,q_auto:low,h_179,w_351,b_transparent/https://glovoapp.com/images/svg/bckg-pattern.svg",https://glovoapp.com/es/es/alcala-de-henares/restaurantes_1/pizza_34701/,CC-MAIN-2023-23
2023-05-,Alcala De Henares,Pizzería Bella Napoli,Glovo,,,Pizza 34701,,4.8,36,,,,,False,False,,,https://glovoapp.com/es/es/alcala-de-henares/pizzeria-bella-napoli-alcala-de-hernares/,"https://res.cloudinary.com/glovoapp/image/fetch/f_svg,c_pad,q_auto:low,h_179,w_351,b_transparent/https://glovoapp.com/images/svg/bckg-pattern.svg",https://glovoapp.com/es/es/alcala-de-henares/restaurantes_1/pizza_34701/,CC-MAIN-2023-23
2023-05-,Alcala De Henares,Pizzería Turca,Glovo,,,Pizza 34701,,,,,,,,False,False,,,https://glovoapp.com/es/es/alcala-de-henares/pizzeria-turca-alcala-de-henares/,"https://res.cloudinary.com/glovoapp/image/fetch/f_svg,c_pad,q_auto:low,h_179,w_351,b_transparent/https://glovoapp.com/images/svg/bckg-pattern.svg",https://glovoapp.com/es/es/alcala-de-henares/restaurantes_1/pizza_34701/,CC-MAIN-2023-23
2023-05-,Alcala De Henares,Domino's Pizza,Glovo,,,Pizza 34701,,4.8,87,,,,,False,False,,,https://glovoapp.com/es/es/alcala-de-henares/dominos-pizza-alcala-de-henares/,"https://res.cloudinary.com/glovoapp/image/fetch/f_svg,c_pad,q_auto:low,h_179,w_351,b_transparent/https://glovoapp.com/images/svg/bckg-pattern.svg",https://glovoapp.com/es/es/alcala-de-henares/restaurantes_1/pizza_34701/,CC-MAIN-2023-23
2023-05-,Alcala De Henares,Francesco's Pizza,Glovo,,,Pizza 34701,,4.7,117,,,,,False,False,,,https://glovoapp.com/es/es/alcala-de-henares/francescos-pizza/,"https://res.cloudinary.com/glovoapp/image/fetch/f_svg,c_pad,q_auto:low,h_179,w_351,b_transparent/https://glovoapp.com/images/svg/bckg-pattern.svg",https://glovoapp.com/es/es/alcala-de-henares/restaurantes_1/pizza_34701/,CC-MAIN-2023-23
2023-05-,Alcala De Henares,Telepizza,Glovo,,,Pizza 34701,,4.85,43,,,,,False,False,,,https://glovoapp.com/es/es/alcala-de-henares/telepizza-alcaladehenares/,"https://res.cloudinary.com/glovoapp/image/fetch/f_svg,c_pad,q_auto:low,h_179,w_351,b_transparent/https://glovoapp.com/images/svg/bckg-pattern.svg",https://glovoapp.com/es/es/alcala-de-henares/restaurantes_1/pizza_34701/,CC-MAIN-2023-23
2023-05-,Alcala De Henares,Bresca,Glovo,,,Pizza 34701,,4.85,92,,,,,False,False,,,https://glovoapp.com/es/es/alcala-de-henares/bresca-henares/,"https://res.cloudinary.com/glovoapp/image/fetch/f_svg,c_pad,q_auto:low,h_179,w_351,b_transparent/https://glovoapp.com/images/svg/bckg-pattern.svg",https://glovoapp.com/es/es/alcala-de-henares/restaurantes_1/pizza_34701/,CC-MAIN-2023-23
2023-05-,Alcala De Henares,Green Pizza,Glovo,,,Pizza 34701,,5.0,19,,,,,False,False,,,https://glovoapp.com/es/es/alcala-de-henares/green-pizza-alcala-de-henares/,"https://res.cloudinary.com/glovoapp/image/fetch/f_svg,c_pad,q_auto:low,h_179,w_351,b_transparent/https://glovoapp.com/images/svg/bckg-pattern.svg",https://glovoapp.com/es/es/alcala-de-henares/restaurantes_1/pizza_34701/,CC-MAIN-2023-23
2023-05-,Alcala De Henares,Asador Colhen,Glovo,,,Pizza 34701,,,,,,,,False,False,,,https://glovoapp.com/es/es/alcala-de-henares/asador-colhen-alcala-de-henares/,"https://res.cloudinary.com/glovoapp/image/fetch/f_svg,c_pad,q_auto:low,h_179,w_351,b_transparent/https://glovoapp.com/images/svg/bckg-pattern.svg",https://glovoapp.com/es/es/alcala-de-henares/restaurantes_1/pizza_34701/,CC-MAIN-2023-23
2023-05-,Alcala De Henares,Bellísima Pizza Alcalá,Glovo,,,Pizza 34701,,,,,,,,False,False,,,https://glovoapp.com/es/es/alcala-de-henares/bellisima-pizza-alcala-alcala-de-henares/,"https://res.cloudinary.com/glovoapp/image/fetch/f_svg,c_pad,q_auto:low,h_179,w_351,b_transparent/https://glovoapp.com/images/svg/bckg-pattern.svg",https://glovoapp.com/es/es/alcala-de-henares/restaurantes_1/pizza_34701/,CC-MAIN-2023-23
2023-05-,Alcala De Henares,Buenaventura Alcalá,Glovo,,,Pizza 34701,,,,,,,,False,False,,,https://glovoapp.com/es/es/alcala-de-henares/buenaventura-alcala-alcala-de-henares/,"https://res.cloudinary.com/glovoapp/image/fetch/f_svg,c_pad,q_auto:low,h_179,w_351,b_transparent/https://glovoapp.com/images/svg/bckg-pattern.svg",https://glovoapp.com/es/es/alcala-de-henares/restaurantes_1/pizza_34701/,CC-MAIN-2023-23
2023-05-,Alcala De Henares,La Melanzana,Glovo,,,Pizza 34701,,5.0,35,,,,,False,False,,,https://glovoapp.com/es/es/alcala-de-henares/la-melanzana-alcala-de-henares-y-torrejon-de-ardoz/,"https://res.cloudinary.com/glovoapp/image/fetch/f_svg,c_pad,q_auto:low,h_179,w_351,b_transparent/https://glovoapp.com/images/svg/bckg-pattern.svg",https://glovoapp.com/es/es/alcala-de-henares/restaurantes_1/pizza_34701/,CC-MAIN-2023-23
2023-05-,Alcala De Henares,Alcavalo,Glovo,,,Pizza 34701,,4.7,47,,,,,False,False,,,https://glovoapp.com/es/es/alcala-de-henares/alcavalo-alcala-de-henares/,"https://res.cloudinary.com/glovoapp/image/fetch/f_svg,c_pad,q_auto:low,h_179,w_351,b_transparent/https://glovoapp.com/images/svg/bckg-pattern.svg",https://glovoapp.com/es/es/alcala-de-henares/restaurantes_1/pizza_34701/,CC-MAIN-2023-23
2023-05-,Alcala De Henares,Pizzeria dino,Glovo,,,Pizza 34701,,4.55,49,,,,,False,False,,,https://glovoapp.com/es/es/alcala-de-henares/pizzeria-dino/,"https://res.cloudinary.com/glovoapp/image/fetch/f_svg,c_pad,q_auto:low,h_179,w_351,b_transparent/https://glovoapp.com/images/svg/bckg-pattern.svg",https://glovoapp.com/es/es/alcala-de-henares/restaurantes_1/pizza_34701/,CC-MAIN-2023-23
2023-05-,Alcala De Henares,All Natural Pizzería,Glovo,,,Pizza 34701,,,,,,,,False,False,,,https://glovoapp.com/es/es/alcala-de-henares/all-natural-pizzeria-alcala-de-henares/,"https://res.cloudinary.com/glovoapp/image/fetch/f_svg,c_pad,q_auto:low,h_179,w_351,b_transparent/https://glovoapp.com/images/svg/bckg-pattern.svg",https://glovoapp.com/es/es/alcala-de-henares/restaurantes_1/pizza_34701/,CC-MAIN-2023-23
2023-05-,Alcala De Henares,La Familia,Glovo,,,Pizza 34701,,,,,,,,False,False,,,https://glovoapp.com/es/es/alcala-de-henares/la-familia-alcala-de-henares-y-torrejon-de-ardoz/,"https://res.cloudinary.com/glovoapp/image/fetch/f_svg,c_pad,q_auto:low,h_179,w_351,b_transparent/https://glovoapp.com/images/svg/bckg-pattern.svg",https://glovoapp.com/es/es/alcala-de-henares/restaurantes_1/pizza_34701/,CC-MAIN-2023-23
2023-05-,Alcala De Henares,Pizza & Grill,Glovo,,,Pizza 34701,,4.8,54,,,,,False,False,,,https://glovoapp.com/es/es/alcala-de-henares/pizza-grill-alcala-de-henares/,"https://res.cloudinary.com/glovoapp/image/fetch/f_svg,c_pad,q_auto:low,h_179,w_351,b_transparent/https://glovoapp.com/images/svg/bckg-pattern.svg",https://glovoapp.com/es/es/alcala-de-henares/restaurantes_1/pizza_34701/,CC-MAIN-2023-23
2023-05-,Alcala De Henares,Pizzería Búfala,Glovo,,,Pizza 34701,,,,,,,,False,False,,,https://glovoapp.com/es/es/alcala-de-henares/pizzeria-bufala-alcala-de-henares/,"https://res.cloudinary.com/glovoapp/image/fetch/f_svg,c_pad,q_auto:low,h_179,w_351,b_transparent/https://glovoapp.com/images/svg/bckg-pattern.svg",https://glovoapp.com/es/es/alcala-de-henares/restaurantes_1/pizza_34701/,CC-MAIN-2023-23
2023-05-,Alcala De Henares,Tomate Y Queso,Glovo,,,Pizza 34701,,4.8,29,,,,,False,False,,,https://glovoapp.com/es/es/alcala-de-henares/tomate-y-queso-alcala-de-henares/,"https://res.cloudinary.com/glovoapp/image/fetch/f_svg,c_pad,q_auto:low,h_179,w_351,b_transparent/https://glovoapp.com/images/svg/bckg-pattern.svg",https://glovoapp.com/es/es/alcala-de-henares/restaurantes_1/pizza_34701/,CC-MAIN-2023-23
2023-05-,Alcala De Henares,La Nonna Pizzeria,Glovo,,,Pizza 34701,,,,,,,,False,False,,,https://glovoapp.com/es/es/alcala-de-henares/la-nonna-alcala-de-henares-y-torrejon-de-ardoz/,"https://res.cloudinary.com/glovoapp/image/fetch/f_svg,c_pad,q_auto:low,h_179,w_351,b_transparent/https://glovoapp.com/images/svg/bckg-pattern.svg",https://glovoapp.com/es/es/alcala-de-henares/restaurantes_1/pizza_34701/,CC-MAIN-2023-23
2023-05-,Alcala De Henares,Healthy Poke,Glovo,,,Poke 34767,,4.5,447,,,,,False,False,,,https://glovoapp.com/es/es/alcala-de-henares/healthy-poke-alcala-de-henares/,"https://res.cloudinary.com/glovoapp/image/fetch/f_svg,c_pad,q_auto:low,h_179,w_351,b_transparent/https://glovoapp.com/images/svg/bckg-pattern.svg",https://glovoapp.com/es/es/alcala-de-henares/restaurantes_1/poke_34767/,CC-MAIN-2023-23
2023-05-,Alcala De Henares,Urban Poke,Glovo,,,Poke 34767,,4.65,260,,,,,False,False,,,https://glovoapp.com/es/es/alcala-de-henares/urban-poke-bar-alcala-de-henares/,"https://res.cloudinary.com/glovoapp/image/fetch/f_svg,c_pad,q_auto:low,h_179,w_351,b_transparent/https://glovoapp.com/images/svg/bckg-pattern.svg",https://glovoapp.com/es/es/alcala-de-henares/restaurantes_1/poke_34767/,CC-MAIN-2023-23
2023-05-,Alcala De Henares,Miss Poke,Glovo,,,Poke 34767,,4.75,155,,,,,False,False,,,https://glovoapp.com/es/es/alcala-de-henares/miss-poke-alcala-de-henares/,"https://res.cloudinary.com/glovoapp/image/fetch/f_svg,c_pad,q_auto:low,h_179,w_351,b_transparent/https://glovoapp.com/images/svg/bckg-pattern.svg",https://glovoapp.com/es/es/alcala-de-henares/restaurantes_1/poke_34767/,CC-MAIN-2023-23
2023-05-,Alcala De Henares,Maia Poke,Glovo,,,Poke 34767,,4.7,163,,,,,False,False,,,https://glovoapp.com/es/es/alcala-de-henares/maia-poke-alcala-de-henares/,"https://res.cloudinary.com/glovoapp/image/fetch/f_svg,c_pad,q_auto:low,h_179,w_351,b_transparent/https://glovoapp.com/images/svg/bckg-pattern.svg",https://glovoapp.com/es/es/alcala-de-henares/restaurantes_1/poke_34767/,CC-MAIN-2023-23
2023-05-,Alcala De Henares,Estilo Poke,Glovo,,,Poke 34767,,4.6,146,,,,,False,False,,,https://glovoapp.com/es/es/alcala-de-henares/estilo-poke-alcala-de-henares/,"https://res.cloudinary.com/glovoapp/image/fetch/f_svg,c_pad,q_auto:low,h_179,w_351,b_transparent/https://glovoapp.com/images/svg/bckg-pattern.svg",https://glovoapp.com/es/es/alcala-de-henares/restaurantes_1/poke_34767/,CC-MAIN-2023-23
2023-05-,Alcala De Henares,Metropoke,Glovo,,,Poke 34767,,2.35,10,,,,,False,False,,,https://glovoapp.com/es/es/alcala-de-henares/metropoke-alcala-de-henares/,"https://res.cloudinary.com/glovoapp/image/fetch/f_svg,c_pad,q_auto:low,h_179,w_351,b_transparent/https://glovoapp.com/images/svg/bckg-pattern.svg",https://glovoapp.com/es/es/alcala-de-henares/restaurantes_1/poke_34767/,CC-MAIN-2023-23
2023-05-,Alcala De Henares,Kultura,Glovo,,,Poke 34767,,4.85,74,,,,,False,False,,,https://glovoapp.com/es/es/alcala-de-henares/kultura-madrid/,"https://res.cloudinary.com/glovoapp/image/fetch/f_svg,c_pad,q_auto:low,h_179,w_351,b_transparent/https://glovoapp.com/images/svg/bckg-pattern.svg",https://glovoapp.com/es/es/alcala-de-henares/restaurantes_1/poke_34767/,CC-MAIN-2023-23
2023-05-,Alcala De Henares,Chako Poke y Chips,Glovo,,,Poke 34767,,,,,,,,False,False,,,https://glovoapp.com/es/es/alcala-de-henares/chako-poke-y-chips-alcala-de-henares/,"https://res.cloudinary.com/glovoapp/image/fetch/f_svg,c_pad,q_auto:low,h_179,w_351,b_transparent/https://glovoapp.com/images/svg/bckg-pattern.svg",https://glovoapp.com/es/es/alcala-de-henares/restaurantes_1/poke_34767/,CC-MAIN-2023-23
2023-05-,Alcala De Henares,Donaciones para World Central Kitchen,Glovo,,,Poke 34767,,,,,,,,False,False,,,https://glovoapp.com/es/es/alcala-de-henares/donaciones-para-world-center-kitchen-hen/,"https://res.cloudinary.com/glovoapp/image/fetch/f_svg,c_pad,q_auto:low,h_179,w_351,b_transparent/https://glovoapp.com/images/svg/bckg-pattern.svg",https://glovoapp.com/es/es/alcala-de-henares/restaurantes_1/poke_34767/,CC-MAIN-2023-23
2023-05-,Alcala De Henares,Mundo Poke & Sushi,Glovo,,,Poke 34767,,4.85,10,,,,,False,False,,,https://glovoapp.com/es/es/alcala-de-henares/mundo-poke-and-sushi-alcala-de-henares/,"https://res.cloudinary.com/glovoapp/image/fetch/f_svg,c_pad,q_auto:low,h_179,w_351,b_transparent/https://glovoapp.com/images/svg/bckg-pattern.svg",https://glovoapp.com/es/es/alcala-de-henares/restaurantes_1/poke_34767/,CC-MAIN-2023-23
2023-05-,Alcala De Henares,Kebab Nazar,Glovo,,,Arabe 34690,,4.75,270,,,,,False,False,,,https://glovoapp.com/es/es/alcala-de-henares/kebab-nazar-alcala-de-henares/,"https://res.cloudinary.com/glovoapp/image/fetch/f_svg,c_pad,q_auto:low,h_179,w_351,b_transparent/https://glovoapp.com/images/svg/bckg-pattern.svg",https://glovoapp.com/es/es/alcala-de-henares/restaurantes_1/arabe_34690/,CC-MAIN-2023-23
2023-05-,Alcala De Henares,King Doner Kebab,Glovo,,,Arabe 34690,,4.75,76,,,,,False,False,,,https://glovoapp.com/es/es/alcala-de-henares/king-doner-kebab-alcala-de-henares/,"https://res.cloudinary.com/glovoapp/image/fetch/f_svg,c_pad,q_auto:low,h_179,w_351,b_transparent/https://glovoapp.com/images/svg/bckg-pattern.svg",https://glovoapp.com/es/es/alcala-de-henares/restaurantes_1/arabe_34690/,CC-MAIN-2023-23
2023-05-,Alcala De Henares,Kebab Constitución,Glovo,,,Arabe 34690,,4.6,176,,,,,False,False,,,https://glovoapp.com/es/es/alcala-de-henares/kebab-constitucion-alcala-de-henares/,"https://res.cloudinary.com/glovoapp/image/fetch/f_svg,c_pad,q_auto:low,h_179,w_351,b_transparent/https://glovoapp.com/images/svg/bckg-pattern.svg",https://glovoapp.com/es/es/alcala-de-henares/restaurantes_1/arabe_34690/,CC-MAIN-2023-23
2023-05-,Alcala De Henares,The Urban Kebab,Glovo,,,Arabe 34690,,,,,,,,False,False,,,https://glovoapp.com/es/es/alcala-de-henares/the-urban-kebab-alcala-de-henares/,"https://res.cloudinary.com/glovoapp/image/fetch/f_svg,c_pad,q_auto:low,h_179,w_351,b_transparent/https://glovoapp.com/images/svg/bckg-pattern.svg",https://glovoapp.com/es/es/alcala-de-henares/restaurantes_1/arabe_34690/,CC-MAIN-2023-23
2023-05-,Alcala De Henares,Kebabish,Glovo,,,Arabe 34690,,4.3,46,,,,,False,False,,,https://glovoapp.com/es/es/alcala-de-henares/kebabish-hen/,"https://res.cloudinary.com/glovoapp/image/fetch/f_svg,c_pad,q_auto:low,h_179,w_351,b_transparent/https://glovoapp.com/images/svg/bckg-pattern.svg",https://glovoapp.com/es/es/alcala-de-henares/restaurantes_1/arabe_34690/,CC-MAIN-2023-23
2023-05-,Alcala De Henares,Dubai Kebab,Glovo,,,Arabe 34690,,4.7,68,,,,,False,False,,,https://glovoapp.com/es/es/alcala-de-henares/dubai-kebab-alcala-de-henares/,"https://res.cloudinary.com/glovoapp/image/fetch/f_svg,c_pad,q_auto:low,h_179,w_351,b_transparent/https://glovoapp.com/images/svg/bckg-pattern.svg",https://glovoapp.com/es/es/alcala-de-henares/restaurantes_1/arabe_34690/,CC-MAIN-2023-23
2023-05-,Alcala De Henares,Pareesa Kebab,Glovo,,,Arabe 34690,,4.35,33,,,,,False,False,,,https://glovoapp.com/es/es/alcala-de-henares/pareesa-kebab-alcala-de-henares/,"https://res.cloudinary.com/glovoapp/image/fetch/f_svg,c_pad,q_auto:low,h_179,w_351,b_transparent/https://glovoapp.com/images/svg/bckg-pattern.svg",https://glovoapp.com/es/es/alcala-de-henares/restaurantes_1/arabe_34690/,CC-MAIN-2023-23
2023-05-,Alcala De Henares,Torrejon Doner Kebab House,Glovo,,,Arabe 34690,,4.2,30,,,,,False,False,,,https://glovoapp.com/es/es/alcala-de-henares/torrejon-doner-kebab-house-alcala-de-henares/,"https://res.cloudinary.com/glovoapp/image/fetch/f_svg,c_pad,q_auto:low,h_179,w_351,b_transparent/https://glovoapp.com/images/svg/bckg-pattern.svg",https://glovoapp.com/es/es/alcala-de-henares/restaurantes_1/arabe_34690/,CC-MAIN-2023-23
2023-05-,Alcala De Henares,Kebab Barbacoa Alcalá De Henares,Glovo,,,Arabe 34690,,4.1,47,,,,,False,False,,,https://glovoapp.com/es/es/alcala-de-henares/kebab-barbacoa-alcala-de-henares/,"https://res.cloudinary.com/glovoapp/image/fetch/f_svg,c_pad,q_auto:low,h_179,w_351,b_transparent/https://glovoapp.com/images/svg/bckg-pattern.svg",https://glovoapp.com/es/es/alcala-de-henares/restaurantes_1/arabe_34690/,CC-MAIN-2023-23
2023-05-,Alcala De Henares,Más Kebab Alcalá,Glovo,,,Arabe 34690,,4.8,86,,,,,False,False,,,https://glovoapp.com/es/es/alcala-de-henares/mas-kebab-alcala-alcala-de-henares/,"https://res.cloudinary.com/glovoapp/image/fetch/f_svg,c_pad,q_auto:low,h_179,w_351,b_transparent/https://glovoapp.com/images/svg/bckg-pattern.svg",https://glovoapp.com/es/es/alcala-de-henares/restaurantes_1/arabe_34690/,CC-MAIN-2023-23
2023-05-,Alcala De Henares,Taj Mahal Blue,Glovo,,,Arabe 34690,,5.0,10,,,,,False,False,,,https://glovoapp.com/es/es/alcala-de-henares/taj-mahal-blue-restaurant-alcala-de-henares/,"https://res.cloudinary.com/glovoapp/image/fetch/f_svg,c_pad,q_auto:low,h_179,w_351,b_transparent/https://glovoapp.com/images/svg/bckg-pattern.svg",https://glovoapp.com/es/es/alcala-de-henares/restaurantes_1/arabe_34690/,CC-MAIN-2023-23
2023-05-,Alcala De Henares,Moti Kebab House,Glovo,,,Arabe 34690,,4.75,39,,,,,False,False,,,https://glovoapp.com/es/es/alcala-de-henares/moti-kebab-house-alcala-de-henares/,"https://res.cloudinary.com/glovoapp/image/fetch/f_svg,c_pad,q_auto:low,h_179,w_351,b_transparent/https://glovoapp.com/images/svg/bckg-pattern.svg",https://glovoapp.com/es/es/alcala-de-henares/restaurantes_1/arabe_34690/,CC-MAIN-2023-23
2023-05-,Alcala De Henares,Kebab Alcalá,Glovo,,,Arabe 34690,,4.75,22,,,,,False,False,,,https://glovoapp.com/es/es/alcala-de-henares/kebab-alcala-alcala-de-henares/,"https://res.cloudinary.com/glovoapp/image/fetch/f_svg,c_pad,q_auto:low,h_179,w_351,b_transparent/https://glovoapp.com/images/svg/bckg-pattern.svg",https://glovoapp.com/es/es/alcala-de-henares/restaurantes_1/arabe_34690/,CC-MAIN-2023-23
2023-05-,Alcala De Henares,Kebab House,Glovo,,,Arabe 34690,,4.6,11,,,,,False,False,,,https://glovoapp.com/es/es/alcala-de-henares/kebab-house-alcala-de-henares/,"https://res.cloudinary.com/glovoapp/image/fetch/f_svg,c_pad,q_auto:low,h_179,w_351,b_transparent/https://glovoapp.com/images/svg/bckg-pattern.svg",https://glovoapp.com/es/es/alcala-de-henares/restaurantes_1/arabe_34690/,CC-MAIN-2023-23
2023-05-,Alcala De Henares,Doner Garden,Glovo,,,Arabe 34690,,4.55,88,,,,,False,False,,,https://glovoapp.com/es/es/alcala-de-henares/doner-garden-alcala-henares/,"https://res.cloudinary.com/glovoapp/image/fetch/f_svg,c_pad,q_auto:low,h_179,w_351,b_transparent/https://glovoapp.com/images/svg/bckg-pattern.svg",https://glovoapp.com/es/es/alcala-de-henares/restaurantes_1/arabe_34690/,CC-MAIN-2023-23
2023-05-,Alcala De Henares,Shawarma 28,Glovo,,,Arabe 34690,,4.6,33,,,,,False,False,,,https://glovoapp.com/es/es/alcala-de-henares/shawarma-28-alcala-de-henares/,"https://res.cloudinary.com/glovoapp/image/fetch/f_svg,c_pad,q_auto:low,h_179,w_351,b_transparent/https://glovoapp.com/images/svg/bckg-pattern.svg",https://glovoapp.com/es/es/alcala-de-henares/restaurantes_1/arabe_34690/,CC-MAIN-2023-23
2023-05-,Alcala De Henares,Madrid Kebab,Glovo,,,Arabe 34690,,4.5,17,,,,,False,False,,,https://glovoapp.com/es/es/alcala-de-henares/madrid-kebab-alcala-de-henares/,"https://res.cloudinary.com/glovoapp/image/fetch/f_svg,c_pad,q_auto:low,h_179,w_351,b_transparent/https://glovoapp.com/images/svg/bckg-pattern.svg",https://glovoapp.com/es/es/alcala-de-henares/restaurantes_1/arabe_34690/,CC-MAIN-2023-23
2023-05-,Alcala De Henares,Kebab Parsa,Glovo,,,Arabe 34690,,,,,,,,False,False,,,https://glovoapp.com/es/es/alcala-de-henares/kebab-parsa-alcala-de-henares/,"https://res.cloudinary.com/glovoapp/image/fetch/f_svg,c_pad,q_auto:low,h_179,w_351,b_transparent/https://glovoapp.com/images/svg/bckg-pattern.svg",https://glovoapp.com/es/es/alcala-de-henares/restaurantes_1/arabe_34690/,CC-MAIN-2023-23
2023-05-,Alcala De Henares,Kebab Ela,Glovo,,,Arabe 34690,,4.3,10,,,,,False,False,,,https://glovoapp.com/es/es/alcala-de-henares/kebab-ela-alcala-de-henares/,"https://res.cloudinary.com/glovoapp/image/fetch/f_svg,c_pad,q_auto:low,h_179,w_351,b_transparent/https://glovoapp.com/images/svg/bckg-pattern.svg",https://glovoapp.com/es/es/alcala-de-henares/restaurantes_1/arabe_34690/,CC-MAIN-2023-23
2023-05-,Alcala De Henares,Doner kebab,Glovo,,,Arabe 34690,,,,,,,,False,False,,,https://glovoapp.com/es/es/alcala-de-henares/doner-kebab-alcala-de-henares/,"https://res.cloudinary.com/glovoapp/image/fetch/f_svg,c_pad,q_auto:low,h_179,w_351,b_transparent/https://glovoapp.com/images/svg/bckg-pattern.svg",https://glovoapp.com/es/es/alcala-de-henares/restaurantes_1/arabe_34690/,CC-MAIN-2023-23
2023-05-,Alcala De Henares,Dubai Kebab Y Pizza,Glovo,,,Arabe 34690,,2.95,22,,,,,False,False,,,https://glovoapp.com/es/es/alcala-de-henares/dubai-kebab-y-pizza-acala-de-henares-y-torrejon-de-ardoz/,"https://res.cloudinary.com/glovoapp/image/fetch/f_svg,c_pad,q_auto:low,h_179,w_351,b_transparent/https://glovoapp.com/images/svg/bckg-pattern.svg",https://glovoapp.com/es/es/alcala-de-henares/restaurantes_1/arabe_34690/,CC-MAIN-2023-23
2023-05-,Alcala De Henares,La Estrella Fried Bar,Glovo,,,Arabe 34690,,4.65,10,,,,,False,False,,,https://glovoapp.com/es/es/alcala-de-henares/la-estrella-fried-bar-alcala-de-henares/,"https://res.cloudinary.com/glovoapp/image/fetch/f_svg,c_pad,q_auto:low,h_179,w_351,b_transparent/https://glovoapp.com/images/svg/bckg-pattern.svg",https://glovoapp.com/es/es/alcala-de-henares/restaurantes_1/arabe_34690/,CC-MAIN-2023-23
2023-05-,Alcala De Henares,La Estrella Hamburguesa Bar,Glovo,,,Arabe 34690,,,,,,,,False,False,,,https://glovoapp.com/es/es/alcala-de-henares/la-estrella-hamburguesa-bar-alcala-de-henares/,"https://res.cloudinary.com/glovoapp/image/fetch/f_svg,c_pad,q_auto:low,h_179,w_351,b_transparent/https://glovoapp.com/images/svg/bckg-pattern.svg",https://glovoapp.com/es/es/alcala-de-henares/restaurantes_1/arabe_34690/,CC-MAIN-2023-23
2023-05-,Alcala De Henares,TC Shawarmas,Glovo,,,Arabe 34690,,4.6,35,,,,,False,False,,,https://glovoapp.com/es/es/alcala-de-henares/tc-shawarmas-alcala-de-henares/,"https://res.cloudinary.com/glovoapp/image/fetch/f_svg,c_pad,q_auto:low,h_179,w_351,b_transparent/https://glovoapp.com/images/svg/bckg-pattern.svg",https://glovoapp.com/es/es/alcala-de-henares/restaurantes_1/arabe_34690/,CC-MAIN-2023-23
2023-05-,Alcala De Henares,Beykebap Oasiz,Glovo,,,Arabe 34690,,4.7,72,,,,,False,False,,,https://glovoapp.com/es/es/alcala-de-henares/beykebap-oasiz-alcala-de-henares/,"https://res.cloudinary.com/glovoapp/image/fetch/f_svg,c_pad,q_auto:low,h_179,w_351,b_transparent/https://glovoapp.com/images/svg/bckg-pattern.svg",https://glovoapp.com/es/es/alcala-de-henares/restaurantes_1/arabe_34690/,CC-MAIN-2023-23
2023-05-,Alcala De Henares,La Cocina De Ela,Glovo,,,Arabe 34690,,,,,,,,False,False,,,https://glovoapp.com/es/es/alcala-de-henares/la-cocina-de-ela-alcala-de-henares/,"https://res.cloudinary.com/glovoapp/image/fetch/f_svg,c_pad,q_auto:low,h_179,w_351,b_transparent/https://glovoapp.com/images/svg/bckg-pattern.svg",https://glovoapp.com/es/es/alcala-de-henares/restaurantes_1/arabe_34690/,CC-MAIN-2023-23
2023-05-,Alcala De Henares,Asia Doner Kebab 2,Glovo,,,Arabe 34690,,4.75,66,,,,,False,False,,,https://glovoapp.com/es/es/alcala-de-henares/asia-doner-kebab-2-alcala-de-henares/,"https://res.cloudinary.com/glovoapp/image/fetch/f_svg,c_pad,q_auto:low,h_179,w_351,b_transparent/https://glovoapp.com/images/svg/bckg-pattern.svg",https://glovoapp.com/es/es/alcala-de-henares/restaurantes_1/arabe_34690/,CC-MAIN-2023-23
2023-05-,Alcala De Henares,Estrella Bar - Kebab,Glovo,,,Arabe 34690,,,,,,,,False,False,,,https://glovoapp.com/es/es/alcala-de-henares/estrella-bar-kebab-alcala-de-henares/,"https://res.cloudinary.com/glovoapp/image/fetch/f_svg,c_pad,q_auto:low,h_179,w_351,b_transparent/https://glovoapp.com/images/svg/bckg-pattern.svg",https://glovoapp.com/es/es/alcala-de-henares/restaurantes_1/arabe_34690/,CC-MAIN-2023-23
2023-05-,Alcala De Henares,Pizzería La Bufala & Kebab House,Glovo,,,Arabe 34690,,,,,,,,False,False,,,https://glovoapp.com/es/es/alcala-de-henares/pizzeria-la-bufala-and-kebab-house-hen/,"https://res.cloudinary.com/glovoapp/image/fetch/f_svg,c_pad,q_auto:low,h_179,w_351,b_transparent/https://glovoapp.com/images/svg/bckg-pattern.svg",https://glovoapp.com/es/es/alcala-de-henares/restaurantes_1/arabe_34690/,CC-MAIN-2023-23
2023-06-,A Coruna,Gasthof,Glovo,,,,,4.95,390,,,,,False,False,,,https://glovoapp.com/es/es/a-coruna/gasthof-a-grela-a-coruna/,"https://res.cloudinary.com/glovoapp/image/fetch/f_svg,c_pad,q_auto:low,h_179,w_351,b_transparent/https://glovoapp.com/images/svg/bckg-pattern.svg",https://glovoapp.com/es/es/a-coruna/restaurantes_1/search-glovo/gasthof/,CC-MAIN-2023-23
2023-06-,Alicante,Telepizza,Glovo,,,?Sortingid=4&Sort=Precio De Entrega,,4.7,134,,,,,False,False,,,https://glovoapp.com/es/es/alicante/telepizza-alicante/,"https://res.cloudinary.com/glovoapp/image/fetch/f_svg,c_pad,q_auto:low,h_179,w_351,b_transparent/https://glovoapp.com/images/svg/bckg-pattern.svg",https://glovoapp.com/es/es/alicante/restaurantes_1/?sortingId=4&sort=precio-de-entrega,CC-MAIN-2023-23
2023-06-,Alicante,Rice&Bones,Glovo,,,?Sortingid=4&Sort=Precio De Entrega,,4.65,76,,,,,False,False,,,https://glovoapp.com/es/es/alicante/rice-and-bones-alicante/,"https://res.cloudinary.com/glovoapp/image/fetch/f_svg,c_pad,q_auto:low,h_179,w_351,b_transparent/https://glovoapp.com/images/svg/bckg-pattern.svg",https://glovoapp.com/es/es/alicante/restaurantes_1/?sortingId=4&sort=precio-de-entrega,CC-MAIN-2023-23
2023-06-,Alicante,Bernie's Restaurant,Glovo,,,?Sortingid=4&Sort=Precio De Entrega,,4.45,16,,,,,False,False,,,https://glovoapp.com/es/es/alicante/bernies-restaurant-alicante/,"https://res.cloudinary.com/glovoapp/image/fetch/f_svg,c_pad,q_auto:low,h_179,w_351,b_transparent/https://glovoapp.com/images/svg/bckg-pattern.svg",https://glovoapp.com/es/es/alicante/restaurantes_1/?sortingId=4&sort=precio-de-entrega,CC-MAIN-2023-23
2023-06-,Alicante,My Poke By Food Away,Glovo,,,?Sortingid=4&Sort=Precio De Entrega,,4.2,16,,,,,False,False,,,https://glovoapp.com/es/es/alicante/my-poke-by-food-away-alicante/,"https://res.cloudinary.com/glovoapp/image/fetch/f_svg,c_pad,q_auto:low,h_179,w_351,b_transparent/https://glovoapp.com/images/svg/bckg-pattern.svg",https://glovoapp.com/es/es/alicante/restaurantes_1/?sortingId=4&sort=precio-de-entrega,CC-MAIN-2023-23
2023-06-,Alicante,Cervecería Sento,Glovo,,,?Sortingid=4&Sort=Precio De Entrega,,4.3,27,,,,,False,False,,,https://glovoapp.com/es/es/alicante/cerveceria-sento-alc/,"https://res.cloudinary.com/glovoapp/image/fetch/f_svg,c_pad,q_auto:low,h_179,w_351,b_transparent/https://glovoapp.com/images/svg/bckg-pattern.svg",https://glovoapp.com/es/es/alicante/restaurantes_1/?sortingId=4&sort=precio-de-entrega,CC-MAIN-2023-23
2023-06-,Alicante,El Pollo Guay,Glovo,,,?Sortingid=4&Sort=Precio De Entrega,,4.75,112,,,,,False,False,,,https://glovoapp.com/es/es/alicante/el-pollo-guay-alicante/,"https://res.cloudinary.com/glovoapp/image/fetch/f_svg,c_pad,q_auto:low,h_179,w_351,b_transparent/https://glovoapp.com/images/svg/bckg-pattern.svg",https://glovoapp.com/es/es/alicante/restaurantes_1/?sortingId=4&sort=precio-de-entrega,CC-MAIN-2023-23
2023-06-,Alicante,Vip Kebabish Calle Zaragoza,Glovo,,,?Sortingid=4&Sort=Precio De Entrega,,4.8,18,,,,,False,False,,,https://glovoapp.com/es/es/alicante/vip-kebabish-calle-zaragoza-alicante/,"https://res.cloudinary.com/glovoapp/image/fetch/f_svg,c_pad,q_auto:low,h_179,w_351,b_transparent/https://glovoapp.com/images/svg/bckg-pattern.svg",https://glovoapp.com/es/es/alicante/restaurantes_1/?sortingId=4&sort=precio-de-entrega,CC-MAIN-2023-23
2023-06-,Alicante,Pizza Bonalba,Glovo,,,?Sortingid=4&Sort=Precio De Entrega,,5.0,10,,,,,False,False,,,https://glovoapp.com/es/es/alicante/pizza-bonalba-alicante/,"https://res.cloudinary.com/glovoapp/image/fetch/f_svg,c_pad,q_auto:low,h_179,w_351,b_transparent/https://glovoapp.com/images/svg/bckg-pattern.svg",https://glovoapp.com/es/es/alicante/restaurantes_1/?sortingId=4&sort=precio-de-entrega,CC-MAIN-2023-23
2023-06-,Alicante,Indian Tex Mex Restaurant,Glovo,,,?Sortingid=4&Sort=Precio De Entrega,,3.75,10,,,,,False,False,,,https://glovoapp.com/es/es/alicante/indian-tex-mex-restaurant-alicante/,"https://res.cloudinary.com/glovoapp/image/fetch/f_svg,c_pad,q_auto:low,h_179,w_351,b_transparent/https://glovoapp.com/images/svg/bckg-pattern.svg",https://glovoapp.com/es/es/alicante/restaurantes_1/?sortingId=4&sort=precio-de-entrega,CC-MAIN-2023-23
2023-06-,Alicante,Aloha Poké Bowl,Glovo,,,?Sortingid=4&Sort=Precio De Entrega,,4.25,54,,,,,False,False,,,https://glovoapp.com/es/es/alicante/aloha-poke-x-lgfm-alicante/,"https://res.cloudinary.com/glovoapp/image/fetch/f_svg,c_pad,q_auto:low,h_179,w_351,b_transparent/https://glovoapp.com/images/svg/bckg-pattern.svg",https://glovoapp.com/es/es/alicante/restaurantes_1/?sortingId=4&sort=precio-de-entrega,CC-MAIN-2023-23
2023-06-,Alicante,Pizzería La Espiga,Glovo,,,?Sortingid=4&Sort=Precio De Entrega,,4.95,72,,,,,False,False,,,https://glovoapp.com/es/es/alicante/pizzeria-la-espiga-alicante/,"https://res.cloudinary.com/glovoapp/image/fetch/f_svg,c_pad,q_auto:low,h_179,w_351,b_transparent/https://glovoapp.com/images/svg/bckg-pattern.svg",https://glovoapp.com/es/es/alicante/restaurantes_1/?sortingId=4&sort=precio-de-entrega,CC-MAIN-2023-23
2023-06-,Alicante,Go Beach,Glovo,,,?Sortingid=4&Sort=Precio De Entrega,,5.0,10,,,,,False,False,,,https://glovoapp.com/es/es/alicante/go-beach-alicante/,"https://res.cloudinary.com/glovoapp/image/fetch/f_svg,c_pad,q_auto:low,h_179,w_351,b_transparent/https://glovoapp.com/images/svg/bckg-pattern.svg",https://glovoapp.com/es/es/alicante/restaurantes_1/?sortingId=4&sort=precio-de-entrega,CC-MAIN-2023-23
2023-06-,Alicante,Lizarrán,Glovo,,,?Sortingid=4&Sort=Precio De Entrega,,4.75,15,,,,,False,False,,,https://glovoapp.com/es/es/alicante/lizarran-4/,"https://res.cloudinary.com/glovoapp/image/fetch/f_svg,c_pad,q_auto:low,h_179,w_351,b_transparent/https://glovoapp.com/images/svg/bckg-pattern.svg",https://glovoapp.com/es/es/alicante/restaurantes_1/?sortingId=4&sort=precio-de-entrega,CC-MAIN-2023-23
2023-06-,Alicante,CTR CHICKEN,Glovo,,,?Sortingid=4&Sort=Precio De Entrega,,4.1,16,,,,,False,False,,,https://glovoapp.com/es/es/alicante/ctr-chicken-alicante/,"https://res.cloudinary.com/glovoapp/image/fetch/f_svg,c_pad,q_auto:low,h_179,w_351,b_transparent/https://glovoapp.com/images/svg/bckg-pattern.svg",https://glovoapp.com/es/es/alicante/restaurantes_1/?sortingId=4&sort=precio-de-entrega,CC-MAIN-2023-23
2023-06-,Alicante,Sento Garberí,Glovo,,,?Sortingid=4&Sort=Precio De Entrega,,4.85,28,,,,,False,False,,,https://glovoapp.com/es/es/alicante/sento-garberi-alicante/,"https://res.cloudinary.com/glovoapp/image/fetch/f_svg,c_pad,q_auto:low,h_179,w_351,b_transparent/https://glovoapp.com/images/svg/bckg-pattern.svg",https://glovoapp.com/es/es/alicante/restaurantes_1/?sortingId=4&sort=precio-de-entrega,CC-MAIN-2023-23
2023-06-,Alicante,Sale & Pepe,Glovo,,,?Sortingid=4&Sort=Precio De Entrega,,4.05,62,,,,,False,False,,,https://glovoapp.com/es/es/alicante/sale-pepe-alicante/,"https://res.cloudinary.com/glovoapp/image/fetch/f_svg,c_pad,q_auto:low,h_179,w_351,b_transparent/https://glovoapp.com/images/svg/bckg-pattern.svg",https://glovoapp.com/es/es/alicante/restaurantes_1/?sortingId=4&sort=precio-de-entrega,CC-MAIN-2023-23
2023-06-,Alicante,ROJO,Glovo,,,?Sortingid=4&Sort=Precio De Entrega,,4.8,339,,,,,False,False,,,https://glovoapp.com/es/es/alicante/rojo-alc/,"https://res.cloudinary.com/glovoapp/image/fetch/f_svg,c_pad,q_auto:low,h_179,w_351,b_transparent/https://glovoapp.com/images/svg/bckg-pattern.svg",https://glovoapp.com/es/es/alicante/restaurantes_1/?sortingId=4&sort=precio-de-entrega,CC-MAIN-2023-23
2023-06-,Alicante,Ditaly Pizza Napolitana,Glovo,,,?Sortingid=4&Sort=Precio De Entrega,,4.45,62,,,,,False,False,,,https://glovoapp.com/es/es/alicante/ditaly-pizza-napolitana-alicante/,"https://res.cloudinary.com/glovoapp/image/fetch/f_svg,c_pad,q_auto:low,h_179,w_351,b_transparent/https://glovoapp.com/images/svg/bckg-pattern.svg",https://glovoapp.com/es/es/alicante/restaurantes_1/?sortingId=4&sort=precio-de-entrega,CC-MAIN-2023-23
2023-06-,Alicante,Bigoli,Glovo,,,?Sortingid=4&Sort=Precio De Entrega,,4.9,82,,,,,False,False,,,https://glovoapp.com/es/es/alicante/bigoli-alicante/,"https://res.cloudinary.com/glovoapp/image/fetch/f_svg,c_pad,q_auto:low,h_179,w_351,b_transparent/https://glovoapp.com/images/svg/bckg-pattern.svg",https://glovoapp.com/es/es/alicante/restaurantes_1/?sortingId=4&sort=precio-de-entrega,CC-MAIN-2023-23
2023-06-,Alicante,La Cabaña Tombola,Glovo,,,?Sortingid=4&Sort=Precio De Entrega,,4.9,38,,,,,False,False,,,https://glovoapp.com/es/es/alicante/la-cabana-tombola-alicante/,"https://res.cloudinary.com/glovoapp/image/fetch/f_svg,c_pad,q_auto:low,h_179,w_351,b_transparent/https://glovoapp.com/images/svg/bckg-pattern.svg",https://glovoapp.com/es/es/alicante/restaurantes_1/?sortingId=4&sort=precio-de-entrega,CC-MAIN-2023-23
2023-06-,Alicante,El Rincón Del Pollo 3,Glovo,,,?Sortingid=4&Sort=Precio De Entrega,,4.8,112,,,,,False,False,,,https://glovoapp.com/es/es/alicante/el-rincon-del-pollo-3-alicante/,"https://res.cloudinary.com/glovoapp/image/fetch/f_svg,c_pad,q_auto:low,h_179,w_351,b_transparent/https://glovoapp.com/images/svg/bckg-pattern.svg",https://glovoapp.com/es/es/alicante/restaurantes_1/?sortingId=4&sort=precio-de-entrega,CC-MAIN-2023-23
2023-06-,Alicante,El Colmado,Glovo,,,?Sortingid=4&Sort=Precio De Entrega,,4.6,66,,,,,False,False,,,https://glovoapp.com/es/es/alicante/el-colmado/,"https://res.cloudinary.com/glovoapp/image/fetch/f_svg,c_pad,q_auto:low,h_179,w_351,b_transparent/https://glovoapp.com/images/svg/bckg-pattern.svg",https://glovoapp.com/es/es/alicante/restaurantes_1/?sortingId=4&sort=precio-de-entrega,CC-MAIN-2023-23
2023-06-,Alicante,Mahalo Poke,Glovo,,,?Sortingid=4&Sort=Precio De Entrega,,4.75,,,,,,False,False,,,https://glovoapp.com/es/es/alicante/mahalo-poke-alc/,"https://res.cloudinary.com/glovoapp/image/fetch/f_svg,c_pad,q_auto:low,h_179,w_351,b_transparent/https://glovoapp.com/images/svg/bckg-pattern.svg",https://glovoapp.com/es/es/alicante/restaurantes_1/?sortingId=4&sort=precio-de-entrega,CC-MAIN-2023-23
2023-05-,Alicante,100 Montaditos Tapas,Glovo,,,?Sortingid=2&Sort=Cerca De Mi,,3.95,73,,,,,False,False,,,https://glovoapp.com/es/es/alicante/100-montaditos-2-alicante/,"https://res.cloudinary.com/glovoapp/image/fetch/f_svg,c_pad,q_auto:low,h_179,w_351,b_transparent/https://glovoapp.com/images/svg/bckg-pattern.svg",https://glovoapp.com/es/es/alicante/restaurantes_1/?sortingId=2&sort=cerca-de-mi,CC-MAIN-2023-23
2023-05-,Alicante,Bernie's Restaurant,Glovo,,,?Sortingid=2&Sort=Cerca De Mi,,4.3,17,,,,,False,False,,,https://glovoapp.com/es/es/alicante/bernies-restaurant-alicante/,"https://res.cloudinary.com/glovoapp/image/fetch/f_svg,c_pad,q_auto:low,h_179,w_351,b_transparent/https://glovoapp.com/images/svg/bckg-pattern.svg",https://glovoapp.com/es/es/alicante/restaurantes_1/?sortingId=2&sort=cerca-de-mi,CC-MAIN-2023-23
2023-05-,Alicante,Cervecería Sento,Glovo,,,?Sortingid=2&Sort=Cerca De Mi,,4.85,26,,,,,False,False,,,https://glovoapp.com/es/es/alicante/cerveceria-sento-alc/,"https://res.cloudinary.com/glovoapp/image/fetch/f_svg,c_pad,q_auto:low,h_179,w_351,b_transparent/https://glovoapp.com/images/svg/bckg-pattern.svg",https://glovoapp.com/es/es/alicante/restaurantes_1/?sortingId=2&sort=cerca-de-mi,CC-MAIN-2023-23
2023-05-,Alicante,De Fresco Restaurante,Glovo,,,?Sortingid=2&Sort=Cerca De Mi,,5.0,16,,,,,False,False,,,https://glovoapp.com/es/es/alicante/de-fresco-restaurante-alicante/,"https://res.cloudinary.com/glovoapp/image/fetch/f_svg,c_pad,q_auto:low,h_179,w_351,b_transparent/https://glovoapp.com/images/svg/bckg-pattern.svg",https://glovoapp.com/es/es/alicante/restaurantes_1/?sortingId=2&sort=cerca-de-mi,CC-MAIN-2023-23
2023-05-,Alicante,Domino's Pizza,Glovo,,,?Sortingid=2&Sort=Cerca De Mi,,4.75,125,,,,,False,False,,,https://glovoapp.com/es/es/alicante/dominos-pizza-alicante/,"https://res.cloudinary.com/glovoapp/image/fetch/f_svg,c_pad,q_auto:low,h_179,w_351,b_transparent/https://glovoapp.com/images/svg/bckg-pattern.svg",https://glovoapp.com/es/es/alicante/restaurantes_1/?sortingId=2&sort=cerca-de-mi,CC-MAIN-2023-23
2023-05-,Alicante,Kebab Rihab,Glovo,,,?Sortingid=2&Sort=Cerca De Mi,,4.7,17,,,,,False,False,,,https://glovoapp.com/es/es/alicante/kebab-rihab-alicante/,"https://res.cloudinary.com/glovoapp/image/fetch/f_svg,c_pad,q_auto:low,h_179,w_351,b_transparent/https://glovoapp.com/images/svg/bckg-pattern.svg",https://glovoapp.com/es/es/alicante/restaurantes_1/?sortingId=2&sort=cerca-de-mi,CC-MAIN-2023-23
2023-05-,Alicante,Tandoor,Glovo,,,?Sortingid=2&Sort=Cerca De Mi,,,,,,,,False,False,,,https://glovoapp.com/es/es/alicante/tandoor-alicante/,"https://res.cloudinary.com/glovoapp/image/fetch/f_svg,c_pad,q_auto:low,h_179,w_351,b_transparent/https://glovoapp.com/images/svg/bckg-pattern.svg",https://glovoapp.com/es/es/alicante/restaurantes_1/?sortingId=2&sort=cerca-de-mi,CC-MAIN-2023-23
2023-05-,Alicante,Ka KiKe,Glovo,,,?Sortingid=2&Sort=Cerca De Mi,,4.7,242,,,,,False,False,,,https://glovoapp.com/es/es/alicante/ka-kike-alicante/,"https://res.cloudinary.com/glovoapp/image/fetch/f_svg,c_pad,q_auto:low,h_179,w_351,b_transparent/https://glovoapp.com/images/svg/bckg-pattern.svg",https://glovoapp.com/es/es/alicante/restaurantes_1/?sortingId=2&sort=cerca-de-mi,CC-MAIN-2023-23
2023-05-,Alicante,Pipo Pizzería Steak House,Glovo,,,?Sortingid=2&Sort=Cerca De Mi,,5.0,14,,,,,False,False,,,https://glovoapp.com/es/es/alicante/pipo-pizzeria-steak-house-el-campello/,"https://res.cloudinary.com/glovoapp/image/fetch/f_svg,c_pad,q_auto:low,h_179,w_351,b_transparent/https://glovoapp.com/images/svg/bckg-pattern.svg",https://glovoapp.com/es/es/alicante/restaurantes_1/?sortingId=2&sort=cerca-de-mi,CC-MAIN-2023-23
2023-05-,Alicante,Pipo Carne A La Piedra,Glovo,,,?Sortingid=2&Sort=Cerca De Mi,,,,,,,,False,False,,,https://glovoapp.com/es/es/alicante/pipo-carne-a-la-piedra-el-campello/,"https://res.cloudinary.com/glovoapp/image/fetch/f_svg,c_pad,q_auto:low,h_179,w_351,b_transparent/https://glovoapp.com/images/svg/bckg-pattern.svg",https://glovoapp.com/es/es/alicante/restaurantes_1/?sortingId=2&sort=cerca-de-mi,CC-MAIN-2023-23
2023-05-,Alicante,100 Montaditos,Glovo,,,?Sortingid=2&Sort=Cerca De Mi,,4.65,112,,,,,False,False,,,https://glovoapp.com/es/es/alicante/100-montaditos-alicante/,"https://res.cloudinary.com/glovoapp/image/fetch/f_svg,c_pad,q_auto:low,h_179,w_351,b_transparent/https://glovoapp.com/images/svg/bckg-pattern.svg",https://glovoapp.com/es/es/alicante/restaurantes_1/?sortingId=2&sort=cerca-de-mi,CC-MAIN-2023-23
2023-05-,Alicante,Panther,Glovo,,,?Sortingid=2&Sort=Cerca De Mi,,4.65,65,,,,,False,False,,,https://glovoapp.com/es/es/alicante/panther-alicante/,"https://res.cloudinary.com/glovoapp/image/fetch/f_svg,c_pad,q_auto:low,h_179,w_351,b_transparent/https://glovoapp.com/images/svg/bckg-pattern.svg",https://glovoapp.com/es/es/alicante/restaurantes_1/?sortingId=2&sort=cerca-de-mi,CC-MAIN-2023-23
2023-05-,Alicante,Lizarrán,Glovo,,,?Sortingid=2&Sort=Cerca De Mi,,4.55,13,,,,,False,False,,,https://glovoapp.com/es/es/alicante/lizarran-4/,"https://res.cloudinary.com/glovoapp/image/fetch/f_svg,c_pad,q_auto:low,h_179,w_351,b_transparent/https://glovoapp.com/images/svg/bckg-pattern.svg",https://glovoapp.com/es/es/alicante/restaurantes_1/?sortingId=2&sort=cerca-de-mi,CC-MAIN-2023-23
2023-05-,Alicante,CTR CHICKEN,Glovo,,,?Sortingid=2&Sort=Cerca De Mi,,4.0,15,,,,,False,False,,,https://glovoapp.com/es/es/alicante/ctr-chicken-alicante/,"https://res.cloudinary.com/glovoapp/image/fetch/f_svg,c_pad,q_auto:low,h_179,w_351,b_transparent/https://glovoapp.com/images/svg/bckg-pattern.svg",https://glovoapp.com/es/es/alicante/restaurantes_1/?sortingId=2&sort=cerca-de-mi,CC-MAIN-2023-23
2023-05-,Alicante,Sale & Pepe,Glovo,,,?Sortingid=2&Sort=Cerca De Mi,,4.0,65,,,,,False,False,,,https://glovoapp.com/es/es/alicante/sale-pepe-alicante/,"https://res.cloudinary.com/glovoapp/image/fetch/f_svg,c_pad,q_auto:low,h_179,w_351,b_transparent/https://glovoapp.com/images/svg/bckg-pattern.svg",https://glovoapp.com/es/es/alicante/restaurantes_1/?sortingId=2&sort=cerca-de-mi,CC-MAIN-2023-23
2023-05-,Alicante,Bigoli,Glovo,,,?Sortingid=2&Sort=Cerca De Mi,,4.9,82,,,,,False,False,,,https://glovoapp.com/es/es/alicante/bigoli-alicante/,"https://res.cloudinary.com/glovoapp/image/fetch/f_svg,c_pad,q_auto:low,h_179,w_351,b_transparent/https://glovoapp.com/images/svg/bckg-pattern.svg",https://glovoapp.com/es/es/alicante/restaurantes_1/?sortingId=2&sort=cerca-de-mi,CC-MAIN-2023-23
2023-05-,Alicante,Dunkin',Glovo,,,?Sortingid=2&Sort=Cerca De Mi,,4.9,116,,,,,False,False,,,https://glovoapp.com/es/es/alicante/dunkin-coffee-12/,"https://res.cloudinary.com/glovoapp/image/fetch/f_svg,c_pad,q_auto:low,h_179,w_351,b_transparent/https://glovoapp.com/images/svg/bckg-pattern.svg",https://glovoapp.com/es/es/alicante/restaurantes_1/?sortingId=2&sort=cerca-de-mi,CC-MAIN-2023-23
2023-05-,Alicante,El Rincón Del Pollo 3,Glovo,,,?Sortingid=2&Sort=Cerca De Mi,,4.75,112,,,,,False,False,,,https://glovoapp.com/es/es/alicante/el-rincon-del-pollo-3-alicante/,"https://res.cloudinary.com/glovoapp/image/fetch/f_svg,c_pad,q_auto:low,h_179,w_351,b_transparent/https://glovoapp.com/images/svg/bckg-pattern.svg",https://glovoapp.com/es/es/alicante/restaurantes_1/?sortingId=2&sort=cerca-de-mi,CC-MAIN-2023-23
2023-05-,Alicante,El Colmado,Glovo,,,?Sortingid=2&Sort=Cerca De Mi,,4.55,68,,,,,False,False,,,https://glovoapp.com/es/es/alicante/el-colmado/,"https://res.cloudinary.com/glovoapp/image/fetch/f_svg,c_pad,q_auto:low,h_179,w_351,b_transparent/https://glovoapp.com/images/svg/bckg-pattern.svg",https://glovoapp.com/es/es/alicante/restaurantes_1/?sortingId=2&sort=cerca-de-mi,CC-MAIN-2023-23
2023-05-,Alicante,Ali Kebab,Glovo,,,?Sortingid=2&Sort=Cerca De Mi,,2.7,21,,,,,False,False,,,https://glovoapp.com/es/es/alicante/ali-kebab-alicante/,"https://res.cloudinary.com/glovoapp/image/fetch/f_svg,c_pad,q_auto:low,h_179,w_351,b_transparent/https://glovoapp.com/images/svg/bckg-pattern.svg",https://glovoapp.com/es/es/alicante/restaurantes_1/?sortingId=2&sort=cerca-de-mi,CC-MAIN-2023-23
2023-05-,Alicante,Mahalo Poke,Glovo,,,?Sortingid=2&Sort=Cerca De Mi,,4.75,,,,,,False,False,,,https://glovoapp.com/es/es/alicante/mahalo-poke-alc/,"https://res.cloudinary.com/glovoapp/image/fetch/f_svg,c_pad,q_auto:low,h_179,w_351,b_transparent/https://glovoapp.com/images/svg/bckg-pattern.svg",https://glovoapp.com/es/es/alicante/restaurantes_1/?sortingId=2&sort=cerca-de-mi,CC-MAIN-2023-23
2023-05-,Alicante,Doner Kebab Amigos,Glovo,,,?Sortingid=2&Sort=Cerca De Mi,,4.7,89,,,,,False,False,,,https://glovoapp.com/es/es/alicante/doner-kebab-amigos-alicante/,"https://res.cloudinary.com/glovoapp/image/fetch/f_svg,c_pad,q_auto:low,h_179,w_351,b_transparent/https://glovoapp.com/images/svg/bckg-pattern.svg",https://glovoapp.com/es/es/alicante/restaurantes_1/?sortingId=2&sort=cerca-de-mi,CC-MAIN-2023-23
2023-05-,Alicante,La Taberna del Gourmet,Glovo,,,?Sortingid=2&Sort=Cerca De Mi,,4.9,212,,,,,False,False,,,https://glovoapp.com/es/es/alicante/la-taberna-del-gourmet/,"https://res.cloudinary.com/glovoapp/image/fetch/f_svg,c_pad,q_auto:low,h_179,w_351,b_transparent/https://glovoapp.com/images/svg/bckg-pattern.svg",https://glovoapp.com/es/es/alicante/restaurantes_1/?sortingId=2&sort=cerca-de-mi,CC-MAIN-2023-23
2023-05-,Alicante,Doña Empanada Factory,Glovo,,,?Sortingid=2&Sort=Cerca De Mi,,5.0,10,,,,,False,False,,,https://glovoapp.com/es/es/alicante/dona-empanada-factory-alicante/,"https://res.cloudinary.com/glovoapp/image/fetch/f_svg,c_pad,q_auto:low,h_179,w_351,b_transparent/https://glovoapp.com/images/svg/bckg-pattern.svg",https://glovoapp.com/es/es/alicante/restaurantes_1/?sortingId=2&sort=cerca-de-mi,CC-MAIN-2023-23
2023-05-,Alicante,La Heladería,Glovo,,,?Sortingid=2&Sort=Cerca De Mi,,5.0,72,,,,,False,False,,,https://glovoapp.com/es/es/alicante/heladeria-express-alc/,"https://res.cloudinary.com/glovoapp/image/fetch/f_svg,c_pad,q_auto:low,h_179,w_351,b_transparent/https://glovoapp.com/images/svg/bckg-pattern.svg",https://glovoapp.com/es/es/alicante/restaurantes_1/?sortingId=2&sort=cerca-de-mi,CC-MAIN-2023-23
2023-05-,Alicante,Ben & Jerry's y Magnum,Glovo,,,?Sortingid=2&Sort=Cerca De Mi,,4.8,24,,,,,False,False,,,https://glovoapp.com/es/es/alicante/ben-and-jerrys-y-magnum-alicante/,"https://res.cloudinary.com/glovoapp/image/fetch/f_svg,c_pad,q_auto:low,h_179,w_351,b_transparent/https://glovoapp.com/images/svg/bckg-pattern.svg",https://glovoapp.com/es/es/alicante/restaurantes_1/?sortingId=2&sort=cerca-de-mi,CC-MAIN-2023-23
2023-05-,Alicante,La Casa De La Pizza,Glovo,,,?Sortingid=2&Sort=Cerca De Mi,,3.4,10,,,,,False,False,,,https://glovoapp.com/es/es/alicante/la-casa-de-la-pizza-alicante/,"https://res.cloudinary.com/glovoapp/image/fetch/f_svg,c_pad,q_auto:low,h_179,w_351,b_transparent/https://glovoapp.com/images/svg/bckg-pattern.svg",https://glovoapp.com/es/es/alicante/restaurantes_1/?sortingId=2&sort=cerca-de-mi,CC-MAIN-2023-23
2023-05-,Alicante,Servipizza,Glovo,,,?Sortingid=2&Sort=Cerca De Mi,,4.6,150,,,,,False,False,,,https://glovoapp.com/es/es/alicante/servipizza-alicante/,"https://res.cloudinary.com/glovoapp/image/fetch/f_svg,c_pad,q_auto:low,h_179,w_351,b_transparent/https://glovoapp.com/images/svg/bckg-pattern.svg",https://glovoapp.com/es/es/alicante/restaurantes_1/?sortingId=2&sort=cerca-de-mi,CC-MAIN-2023-23
2023-05-,Alicante,Tarar Pizzería,Glovo,,,?Sortingid=2&Sort=Cerca De Mi,,,,,,,,False,False,,,https://glovoapp.com/es/es/alicante/tarar-pizzeria-alicante/,"https://res.cloudinary.com/glovoapp/image/fetch/f_svg,c_pad,q_auto:low,h_179,w_351,b_transparent/https://glovoapp.com/images/svg/bckg-pattern.svg",https://glovoapp.com/es/es/alicante/restaurantes_1/?sortingId=2&sort=cerca-de-mi,CC-MAIN-2023-23
2023-05-,Alicante,Sushi City,Glovo,,,?Sortingid=2&Sort=Cerca De Mi,,5.0,33,,,,,False,False,,,https://glovoapp.com/es/es/alicante/sushi-city-alicante/,"https://res.cloudinary.com/glovoapp/image/fetch/f_svg,c_pad,q_auto:low,h_179,w_351,b_transparent/https://glovoapp.com/images/svg/bckg-pattern.svg",https://glovoapp.com/es/es/alicante/restaurantes_1/?sortingId=2&sort=cerca-de-mi,CC-MAIN-2023-23
2023-05-,Alicante,Kebabish & Pizzería,Glovo,,,?Sortingid=2&Sort=Cerca De Mi,,4.55,57,,,,,False,False,,,https://glovoapp.com/es/es/alicante/kebabish-and-pizzeria-alicante/,"https://res.cloudinary.com/glovoapp/image/fetch/f_svg,c_pad,q_auto:low,h_179,w_351,b_transparent/https://glovoapp.com/images/svg/bckg-pattern.svg",https://glovoapp.com/es/es/alicante/restaurantes_1/?sortingId=2&sort=cerca-de-mi,CC-MAIN-2023-23
2023-05-,Alicante,La Mafia Se Sienta a La Mesa,Glovo,,,?Sortingid=2&Sort=Cerca De Mi,,4.8,89,,,,,False,False,,,https://glovoapp.com/es/es/alicante/la-mafia-se-sienta-a-la-mesa-5/,"https://res.cloudinary.com/glovoapp/image/fetch/f_svg,c_pad,q_auto:low,h_179,w_351,b_transparent/https://glovoapp.com/images/svg/bckg-pattern.svg",https://glovoapp.com/es/es/alicante/restaurantes_1/?sortingId=2&sort=cerca-de-mi,CC-MAIN-2023-23
2023-05-,Alicante,Sabolé,Glovo,,,?Sortingid=2&Sort=Cerca De Mi,,4.85,53,,,,,False,False,,,https://glovoapp.com/es/es/alicante/sabole-alicante/,"https://res.cloudinary.com/glovoapp/image/fetch/f_svg,c_pad,q_auto:low,h_179,w_351,b_transparent/https://glovoapp.com/images/svg/bckg-pattern.svg",https://glovoapp.com/es/es/alicante/restaurantes_1/?sortingId=2&sort=cerca-de-mi,CC-MAIN-2023-23
2023-05-,Alicante,Bar Manero,Glovo,,,?Sortingid=2&Sort=Cerca De Mi,,5.0,30,,,,,False,False,,,https://glovoapp.com/es/es/alicante/bar-manero-alicante/,"https://res.cloudinary.com/glovoapp/image/fetch/f_svg,c_pad,q_auto:low,h_179,w_351,b_transparent/https://glovoapp.com/images/svg/bckg-pattern.svg",https://glovoapp.com/es/es/alicante/restaurantes_1/?sortingId=2&sort=cerca-de-mi,CC-MAIN-2023-23
2023-05-,Alicante,KFC,Glovo,,,?Sortingid=2&Sort=Cerca De Mi,,4.45,,,,,,False,False,,,https://glovoapp.com/es/es/alicante/kfc-alicante/,"https://res.cloudinary.com/glovoapp/image/fetch/f_svg,c_pad,q_auto:low,h_179,w_351,b_transparent/https://glovoapp.com/images/svg/bckg-pattern.svg",https://glovoapp.com/es/es/alicante/restaurantes_1/?sortingId=2&sort=cerca-de-mi,CC-MAIN-2023-23
2023-06-,La Zubia,Fundación Infantil Ronald McDonald - Granada,Uber Eats,"Camino De La Zarzuela 21 2c, 28023, Madrid, Spain 28023, Madrid, 28023",Madrid,Americana,Americana,,,€,,,,False,False,,,https://www.ubereats.com/es-en/store/fundacion-infantil-ronald-mcdonald-granada/083e4d41-04a1-4c6c-900c-0fcbcd2eb445,https://d1ralsognjng37.cloudfront.net/88a84f1d-41cc-4943-92a6-757a778eabed.jpeg,https://www.ubereats.com/es-en/city/la-zubia-es-an,CC-MAIN-2023-23
2023-06-,La Zubia,Churreria Chocolateria Chu&amp;cho,Uber Eats,"Calle Andrés Segovia, 37, 18008 Granada, Spain, 18006, Granada, 18006",Granada,Café y té,Café y té|Mediterránea|Pasteles,,,€,,,,False,False,,,https://www.ubereats.com/es-en/store/churreria-chocolateria-chu&amp;cho/048b5cb3-3ab2-40fc-b0d9-259e3cd98cf9,https://d1ralsognjng37.cloudfront.net/2ed4f8f2-8ba0-4a81-b2de-d6ea827dbecf.jpeg,https://www.ubereats.com/es-en/city/la-zubia-es-an,CC-MAIN-2023-23
2023-06-,La Zubia,La Cala,Uber Eats,"C. San Juan De Dios, 52, Granada, EMEA 18001, Granada, 18001",Granada,Desayuno y brunch,Desayuno y brunch|Café|Gofres,,,€€,,,,False,False,,,https://www.ubereats.com/es-en/store/la-cala/bb247bf1-a891-56a2-b710-e2bba9ea1d3f,https://tb-static.uber.com/prod/image-proc/processed_images/d12f4b75c923200d379a66fb28826bc3/a70f5c9df440d10213e93244e9eb7cad.jpeg,https://www.ubereats.com/es-en/city/la-zubia-es-an,CC-MAIN-2023-23
2023-06-,La Zubia,Kohai Sushi Shop,Uber Eats,"Calle San Juan De Dios &amp; Calle Almona De San Juan De Dios, 2 Bajo Comercial, Granada, EMEA 18001, Granada, 18001",Granada,Japonesa,Japonesa|Sushi,,,€,,,,False,False,,,https://www.ubereats.com/es-en/store/kohai-sushi-shop/57c88078-e3ed-4001-9dda-f4464cda6872,https://d1ralsognjng37.cloudfront.net/9e166619-3c49-44bb-ba62-30779465460c.jpeg,https://www.ubereats.com/es-en/city/la-zubia-es-an,CC-MAIN-2023-23
2023-06-,La Zubia,Five Guys - Granada Nevada,Uber Eats,"Centro Comercial Nevada 75 Avenida De Las Palmeras Armilla, Granada, Spain 18100, Granada, 18100",Granada,Americana,Americana|Hamburguesas|Comida rápida|Sándwich,,,€,,,,False,False,,,https://www.ubereats.com/es-en/store/five-guys-granada-nevada/cc43e9ed-6f29-501f-9b9c-481b9bea1433,https://tb-static.uber.com/prod/image-proc/processed_images/9e763a73dc80d037ad08bf1a20aa31c4/820883a48567670acbd720bc76391291.jpeg,https://www.ubereats.com/es-en/city/la-zubia-es-an,CC-MAIN-2023-23
2023-06-,La Zubia,Yankee Burger - Granada,Uber Eats,"Cuesta De Corvales 2, La Zubia, AN 18140, La Zubia, 18140",La Zubia,Americana,Americana,,,€,,,,False,False,,,https://www.ubereats.com/es-en/store/yankee-burger-granada/537f1bdd-91a4-511f-8bd5-db7f3d86e766,https://tb-static.uber.com/prod/image-proc/processed_images/500f964fb84f5ecc95b0daee1d821ed2/820883a48567670acbd720bc76391291.jpeg,https://www.ubereats.com/es-en/city/la-zubia-es-an,CC-MAIN-2023-23
2023-06-,La Zubia,Asadero San José Armilla,Uber Eats,"San Miguel, 70, Armilla, Granada, EMEA 18100, Armilla, Granada, 18100","Armilla, Granada",Pollo,Pollo|Española,,,,,,,False,False,,,https://www.ubereats.com/es-en/store/asadero-san-jose-armilla/36db7a3b-8ad7-4282-ae49-6fd5b1ccaf78,https://d1ralsognjng37.cloudfront.net/fe8c044d-f11a-4ba6-8a26-9ddc923dc637.webp,https://www.ubereats.com/es-en/city/la-zubia-es-an,CC-MAIN-2023-23
2023-06-,La Zubia,Pizzería Bolívar La Zubia,Uber Eats,"Calle El Greco N1, LA ZUBIA. GRANADA, EMEA 18140, LA ZUBIA. GRANADA, 18140",LA ZUBIA. GRANADA,Panadería,Panadería,,,€,,,,False,False,,,https://www.ubereats.com/es-en/store/pizzeria-bolivar-la-zubia/ef9628b0-3de3-4d88-8034-723d6ab1c3e0,https://d1ralsognjng37.cloudfront.net/0d0d251a-f612-42fc-a9f0-312268a9015f.webp,https://www.ubereats.com/es-en/city/la-zubia-es-an,CC-MAIN-2023-23
2023-06-,La Zubia,St Patricks Burger - Granada,Uber Eats,"Cuesta De Corvales, 2., Granada, Spain 18140, Granada, 18140",Granada,Hamburguesas,Hamburguesas,,,€,,,,False,False,,,https://www.ubereats.com/es-en/store/st-patricks-burger-granada/df15099e-da00-5be6-aeb9-c1352b31692d,https://tb-static.uber.com/prod/image-proc/processed_images/d7094fa4861286182e83f8bb3760b1a6/9ba9ffab5f885fc3dac87838b3357014.jpeg,https://www.ubereats.com/es-en/city/la-zubia-es-an,CC-MAIN-2023-23
2023-06-,La Zubia,Kebab y Super Pizza 3R,Uber Eats,"Calle Salvador Dalí 3, La Zubia, EMEA 18140, La Zubia, 18140",La Zubia,Kebab,Kebab|Hamburguesas|Perritos calientes,,,€,,,,False,False,,,https://www.ubereats.com/es-en/store/kebab-y-super-pizza-3r/32e56fb3-faab-53db-a78b-395ad101eefa,https://tb-static.uber.com/prod/image-proc/processed_images/1eb951855a798ec4a42a480ec8dbcd4c/a70f5c9df440d10213e93244e9eb7cad.jpeg,https://www.ubereats.com/es-en/city/la-zubia-es-an,CC-MAIN-2023-23
2023-06-,La Zubia,Burger King - La Zubia - ZUB,Uber Eats,"Calle De Laurel De La Reina 12a, La Zubia, AN 18140, La Zubia, 18140",La Zubia,Americana,Americana|Hamburguesas|Comida rápida,,,€,,,,False,False,,,https://www.ubereats.com/es-en/store/burger-king-la-zubia-zub/7b2e80e8-d46f-4f99-8303-47f2e753c988,https://tb-static.uber.com/prod/image-proc/processed_images/c4cdd979b73116a4c5cb78c5554b2fa6/a70f5c9df440d10213e93244e9eb7cad.jpeg,https://www.ubereats.com/es-en/city/la-zubia-es-an,CC-MAIN-2023-23
2023-06-,La Zubia,Supermercado Tu Super Armilla,Uber Eats,"Avenida Ogíjares 9, Armilla, Granada, EMEA 18100, Armilla, Granada, 18100","Armilla, Granada",Supermarket,Supermarket|Tienda de comestibles,,,€,,,,False,False,,,https://www.ubereats.com/es-en/store/supermercado-tu-super-armilla/2040d489-3ca7-5d5f-b9a6-5f99d0c44019,https://d1ralsognjng37.cloudfront.net/5f1bed62-0a5c-4db6-a7b3-2fc68921a793.jpeg,https://www.ubereats.com/es-en/city/la-zubia-es-an,CC-MAIN-2023-23
2023-06-,La Zubia,Kebab Los Compis,Uber Eats,"Carretera De La Zubia &amp; Carretera De Granada A Dílar, Gójar, AN 18150, Gójar, 18150",Gójar,Turca,Turca|Mediterránea|Árabe,,,€,,,,False,False,,,https://www.ubereats.com/es-en/store/kebab-los-compis/ba53ba93-b43e-5bdd-b1aa-458e4f793f6b,https://tb-static.uber.com/prod/image-proc/processed_images/b8f7af1b3533628726f557d05fbc639b/69ad85cd7b39888042b3bbf1c22d630d.webp,https://www.ubereats.com/es-en/city/la-zubia-es-an,CC-MAIN-2023-23
2023-06-,La Zubia,KEBAB ASADOR DON OMAR 🥙,Uber Eats,"Calle Pablo Iglesias 9, La Zubia, EMEA 18140, La Zubia, 18140",La Zubia,Pollo,Pollo|Hamburguesas|Falafel|Kebab|Bebidas,,,€,,,,False,False,,,https://www.ubereats.com/es-en/store/kebab-asador-don-omar/e95bf9c2-6edf-5634-9ceb-e3eaae3f5d1d,https://tb-static.uber.com/prod/image-proc/processed_images/b8f7af1b3533628726f557d05fbc639b/69ad85cd7b39888042b3bbf1c22d630d.webp,https://www.ubereats.com/es-en/city/la-zubia-es-an,CC-MAIN-2023-23
2023-06-,La Zubia,M&amp;S Burger Shop,Uber Eats,"Calle Olof Palme &amp; Carretera De La Zubia, 4, AN 18140, La Zubia, 18140",La Zubia,Ensaladas,Ensaladas|Queso|Alitas de pollo|Hamburguesas|Carne|Con opciones veganas,,,€,,,,False,False,,,https://www.ubereats.com/es-en/store/m&amp;s-burger-shop/e00e11f8-1787-54f4-8c99-3d0b97070731,https://tb-static.uber.com/prod/image-proc/processed_images/61f267112dcc457d32982068e8e6652f/a70f5c9df440d10213e93244e9eb7cad.jpeg,https://www.ubereats.com/es-en/city/la-zubia-es-an,CC-MAIN-2023-23
2023-06-,La Zubia,Mahalo Poke CC Carrefour,Uber Eats,"Calle Padre Francisco Palau Y Quer. Cc Carrefour, Local 2, Granada, EMEA 18006, Granada, 18006",Granada,Hawaiana,Hawaiana|Poke,,,€,,,,False,False,,,https://www.ubereats.com/es-en/store/mahalo-poke-cc-carrefour/4f9c04dd-be38-457f-81e1-b7f18f852ab6,https://d1ralsognjng37.cloudfront.net/39fea4c8-4668-4355-b24c-e16492197774.jpeg,https://www.ubereats.com/es-en/city/la-zubia-es-an,CC-MAIN-2023-23
2023-06-,La Zubia,I Love Pizza Ogíjares,Uber Eats,"Calle Las Cruces 37h, Ogíjares, EMEA 18151, Ogíjares, 18151",Ogíjares,Italiana,Italiana|Pasta|Comida reconfortante,,,€,,,,False,False,,,https://www.ubereats.com/es-en/store/i-love-pizza-ogijares/f24f71b4-e6fe-5892-9da4-42ac2f038ffa,https://tb-static.uber.com/prod/image-proc/processed_images/c5660b36a1451448c2357bd36263d24e/69ad85cd7b39888042b3bbf1c22d630d.webp,https://www.ubereats.com/es-en/city/la-zubia-es-an,CC-MAIN-2023-23
2023-06-,La Zubia,King Churro Ogijares,Uber Eats,"Camino De Gabia 9, Ogíjares, AN 18151, Ogíjares, 18151",Ogíjares,Americana,Americana|Sándwich,,,,,,,False,False,,,https://www.ubereats.com/es-en/store/king-churro-ogijares/5a5bcffa-c25c-4379-87eb-72b1e2267874,https://d1ralsognjng37.cloudfront.net/5023ec5a-a0a4-4162-a39a-d2846d341b4a.jpeg,https://www.ubereats.com/es-en/city/la-zubia-es-an,CC-MAIN-2023-23
2023-06-,La Zubia,Pizzabit,Uber Eats,"C. Ermita, 25,, Huétor Vega, EMEA 18198, huétor vega, 18198",huétor vega,Americana,Americana|Hamburguesas|Kebab,,,€,,,,False,False,,,https://www.ubereats.com/es-en/store/pizzabit/80d24a8f-b674-5b33-8cbb-8bc461baef78,https://tb-static.uber.com/prod/image-proc/processed_images/c7413c16f363a9d4a0ae125054df221f/a70f5c9df440d10213e93244e9eb7cad.jpeg,https://www.ubereats.com/es-en/city/la-zubia-es-an,CC-MAIN-2023-23
2023-06-,La Zubia,McDonald's (Granada Nevada),Uber Eats,"Av. De Las Palmeras, 75, Armilla, Andalucía 18100, Armilla, 18100",Armilla,Americana,Americana|Hamburguesas|Comida rápida,,,€,,,,False,False,,,https://www.ubereats.com/es-en/store/mcdonalds-granada-nevada/b96876c2-de67-4a7d-90fa-feb20dcd5e58,https://tb-static.uber.com/prod/image-proc/processed_images/ecec6ad0ccf691a5f33a895d089d9f1c/a70f5c9df440d10213e93244e9eb7cad.jpeg,https://www.ubereats.com/es-en/city/la-zubia-es-an,CC-MAIN-2023-23
2023-06-,La Zubia,Taco Bell - Parque Nevada,Uber Eats,"Calle Hipocrates S/N, Armilla, 18100, Armilla, 18100",Armilla,Pollo,Pollo|Comida rápida|Mexicana|Tacos,,,€,,,,False,False,,,https://www.ubereats.com/es-en/store/taco-bell-parque-nevada/1e6094c4-d59c-49ad-bba0-9f9a3761aa7a,https://tb-static.uber.com/prod/image-proc/processed_images/b84985078ed512e09abd655bbf2bd09c/a70f5c9df440d10213e93244e9eb7cad.jpeg,https://www.ubereats.com/es-en/city/la-zubia-es-an,CC-MAIN-2023-23
2023-06-,La Zubia,California Chicken by Carl's Jr Nevada,Uber Eats,"Av. De Las Palmeras 75 - Cc Nevada Shopping, Armilla, Spain 18100, Armilla, 18100",Armilla,Americana,Americana|Pollo,,,€,,,,False,False,,,https://www.ubereats.com/es-en/store/california-chicken-by-carls-jr-nevada/cec27fc1-d791-555b-9db7-65909ebcbe82,https://tb-static.uber.com/prod/image-proc/processed_images/e51934b19a01f28827eaa0aac92cd36d/a70f5c9df440d10213e93244e9eb7cad.jpeg,https://www.ubereats.com/es-en/city/la-zubia-es-an,CC-MAIN-2023-23
2023-06-,La Zubia,Ribs - Parque Nevada,Uber Eats,"Centro Comercial Parque Nevada, Loc. 183-184 Pl. Alta, Andalucía 18100, 18100",,Americana,Americana|Barbacoa|Hamburguesas|Comida rápida,,,€,,,,False,False,,,https://www.ubereats.com/es-en/store/ribs-parque-nevada/a8e3a0fd-67ce-4849-92d6-ee3d6381057d,https://d1ralsognjng37.cloudfront.net/8dd0db20-2588-468d-bf79-659e8ce974f7.jpeg,https://www.ubereats.com/es-en/city/la-zubia-es-an,CC-MAIN-2023-23
2023-06-,La Zubia,Asadero Don Pollo Armilla,Uber Eats,"Calle Murcia 23, Armilla, EMEA 18100, Armilla, 18100",Armilla,Americana,Americana|Pollo|Alitas de pollo,,,€,,,,False,False,,,https://www.ubereats.com/es-en/store/asadero-don-pollo-armilla/36f4fc61-5818-5ad1-bd21-85762416e287,https://tb-static.uber.com/prod/image-proc/processed_images/bcdc94a73e4e9e3ac59cf42c945ad13f/a70f5c9df440d10213e93244e9eb7cad.jpeg,https://www.ubereats.com/es-en/city/la-zubia-es-an,CC-MAIN-2023-23
2023-06-,La Zubia,KFC - Nevada (Armilla),Uber Eats,"18100, Andalusia 18100, 18100",,Americana,Americana|Hamburguesas|Fried Chicken,,,€,,,,False,False,,,https://www.ubereats.com/es-en/store/kfc-nevada-armilla/c6496b63-ceb1-475a-ab3c-e7477aad0620,https://tb-static.uber.com/prod/image-proc/processed_images/b8e12e0a2b8d9d113b339d83da94c51e/a70f5c9df440d10213e93244e9eb7cad.jpeg,https://www.ubereats.com/es-en/city/la-zubia-es-an,CC-MAIN-2023-23
2023-06-,La Zubia,Hollywood Smash burger,Uber Eats,"Calle Murcia 23, Armilla, EMEA 18100, Armilla, 18100",Armilla,Americana,Americana|Pollo|Comida rápida|Alitas de pollo,,,€,,,,False,False,,,https://www.ubereats.com/es-en/store/hollywood-smash-burger/6e0f001f-d813-5365-bebb-0eaaf08c139f,https://tb-static.uber.com/prod/image-proc/processed_images/bbe90add2a1d25f31727f4a33757ce17/a70f5c9df440d10213e93244e9eb7cad.jpeg,https://www.ubereats.com/es-en/city/la-zubia-es-an,CC-MAIN-2023-23
2023-06-,La Zubia,Los Montaditos de Parque Nevada,Uber Eats,"Avenida De Las Palmeras, Armilla, EMEA 18100, Armilla, 18100",Armilla,Mediterránea,Mediterránea|Tapas|Española,,,€,,,,False,False,,,https://www.ubereats.com/es-en/store/los-montaditos-de-parque-nevada/29a9e68f-b79c-5667-9cd8-c5025e4d2278,https://tb-static.uber.com/prod/image-proc/processed_images/a4b1dd4a1f570914b42ac9b133fe9e96/69ad85cd7b39888042b3bbf1c22d630d.webp,https://www.ubereats.com/es-en/city/la-zubia-es-an,CC-MAIN-2023-23
2023-06-,La Zubia,Estilo Gastrobar,Uber Eats,"Calle Poeta Gracián, 15, 18007, Granada, 18007",Granada,Americana,Americana|Barbacoa|Pollo,,,€,,,,False,False,,,https://www.ubereats.com/es-en/store/estilo-gastrobar/a92e942a-6af8-4c62-b821-8a7302e87ac3,https://d1ralsognjng37.cloudfront.net/74048c5e-ede4-4f05-98b8-59e5a41d2289.jpeg,https://www.ubereats.com/es-en/city/la-zubia-es-an,CC-MAIN-2023-23
2023-06-,La Zubia,Pibes Burger🍔,Uber Eats,"Calle Del Pintor Manuel Maldonado 28, Granada, AN 18007, Granada, 18007",Granada,Hamburguesas,Hamburguesas|Americana|Sándwiches,,,€,,,,False,False,,,https://www.ubereats.com/es-en/store/pibes-burger/4df6d260-41da-5bdd-86ef-8982b72d8703,https://tb-static.uber.com/prod/image-proc/processed_images/61069f97c579d4be2544ecb66e48a502/a70f5c9df440d10213e93244e9eb7cad.jpeg,https://www.ubereats.com/es-en/city/la-zubia-es-an,CC-MAIN-2023-23
2023-06-,La Zubia,La Candiota,Uber Eats,"C. Torre De Los Hidalgos, 9, GRANADA, EMEA 18008, GRANADA, 18008",GRANADA,Mediterránea,Mediterránea|Tapas,,,€,,,,False,False,,,https://www.ubereats.com/es-en/store/la-candiota/ca5e2458-e1d2-5510-b56e-3ac96987c264,https://tb-static.uber.com/prod/image-proc/processed_images/52828a36ce1306beaa6991fdd6036ebe/f7e27f77a1abfdaa9fab9b4ae7dab7cb.webp,https://www.ubereats.com/es-en/city/la-zubia-es-an,CC-MAIN-2023-23
2023-06-,La Zubia,Mumama Burger 🍔🔥,Uber Eats,"Paseo Del Emperador Carlos V 11, Granada, EMEA 18008, Granada, 18008",Granada,Hamburguesas,Hamburguesas|Americana|Sándwiches,,,,,,,False,False,,,https://www.ubereats.com/es-en/store/mumama-burger/74c0e240-43cf-575b-9681-c0fbf9c868d7,https://tb-static.uber.com/prod/image-proc/processed_images/b2adab696c160fde1410052fb85a5d41/a70f5c9df440d10213e93244e9eb7cad.jpeg,https://www.ubereats.com/es-en/city/la-zubia-es-an,CC-MAIN-2023-23
2023-06-,La Zubia,La Tagliatella - Granada Serrallo,Uber Eats,"Paseo Laguna De Cameros 1, Local 12, Granada, AN 18008, Granada, 18008",Granada,Italiana,Italiana|Pizza|Pasta,,,€,,,,False,False,,,https://www.ubereats.com/es-en/store/la-tagliatella-granada-serrallo/50e8fb77-8b59-4425-8d98-3cd5e9e7044b,https://tb-static.uber.com/prod/image-proc/processed_images/e149ec0173f96891fb5b7c0bf4843515/a70f5c9df440d10213e93244e9eb7cad.jpeg,https://www.ubereats.com/es-en/city/la-zubia-es-an,CC-MAIN-2023-23
2023-06-,La Zubia,Brutal Burger,Uber Eats,"Calle Torre De Los Abencerrajes 7, Granada, EMEA 18008, Granada, 18008",Granada,Americana,Americana|Hamburguesas,,,,,,,False,False,,,https://www.ubereats.com/es-en/store/brutal-burger/79268103-9d63-55fd-88a3-99bd3f8ebda0,https://tb-static.uber.com/prod/image-proc/processed_images/2bb7e1be54b6619c520ec6198e336477/69ad85cd7b39888042b3bbf1c22d630d.webp,https://www.ubereats.com/es-en/city/la-zubia-es-an,CC-MAIN-2023-23
2023-06-,La Zubia,Comidas Hermanos Romero,Uber Eats,"Calle Torre De Los Abencerrajes 7, Granada, EMEA 18008, Granada, 18008",Granada,Mediterránea,Mediterránea|Marisco,,,€,,,,False,False,,,https://www.ubereats.com/es-en/store/comidas-hermanos-romero/70c02ccf-1f5c-56ea-8bb4-930a0268bd42,https://tb-static.uber.com/prod/image-proc/processed_images/0264153f31f648aa0e4ab758cb1532ba/a70f5c9df440d10213e93244e9eb7cad.jpeg,https://www.ubereats.com/es-en/city/la-zubia-es-an,CC-MAIN-2023-23
2023-06-,La Zubia,Sushisun,Uber Eats,"Avenida San Rafael S/N, Armilla, AN 18100, Armilla, 18100",Armilla,Asiática,Asiática|Platos con arroz,,,,,,,False,False,,,https://www.ubereats.com/es-en/store/sushisun/ad94374d-50f8-4422-bb37-6d78a0daa9c6,https://tb-static.uber.com/prod/image-proc/processed_images/6a62705d12dc9dace67167b23f7d3231/69ad85cd7b39888042b3bbf1c22d630d.jpeg,https://www.ubereats.com/es-en/city/la-zubia-es-an,CC-MAIN-2023-23
2023-06-,La Zubia,TAKE A GRILL,Uber Eats,"Calle Jueves 11, Armilla, EMEA 18100, Armilla, 18100",Armilla,Americana,Americana|Hamburguesas|Sándwich,,,€,,,,False,False,,,https://www.ubereats.com/es-en/store/take-a-grill/1b8c7a81-7436-50c4-a3a6-4f12907752e0,https://tb-static.uber.com/prod/image-proc/processed_images/1b0d7c82669c94738de924bb52da26da/69ad85cd7b39888042b3bbf1c22d630d.webp,https://www.ubereats.com/es-en/city/la-zubia-es-an,CC-MAIN-2023-23
2023-06-,La Zubia,Comida Asiática Lin Armilla,Uber Eats,"San Miguel, 21, 18100 Armilla, EMEA 18100, 18100, 18100",18100,Mediterránea,Mediterránea|Fideos,,,€,,,,False,False,,,https://www.ubereats.com/es-en/store/comida-asiatica-lin-armilla/592ebd7f-61c8-5fbd-84af-60edbc7b9bbc,https://tb-static.uber.com/prod/image-proc/processed_images/0785acc00b8f08f4cae946bb32079306/a70f5c9df440d10213e93244e9eb7cad.jpeg,https://www.ubereats.com/es-en/city/la-zubia-es-an,CC-MAIN-2023-23
2023-06-,La Zubia,Masai Food Comida Casera,Uber Eats,"Calle La Esperanza 25, Armilla, EMEA 18100, Armilla, 18100",Armilla,Mediterránea,Mediterránea|Marisco,,,€€,,,,False,False,,,https://www.ubereats.com/es-en/store/masai-food-comida-casera/a339d6e1-a65d-58dc-9320-50254b65c403,https://tb-static.uber.com/prod/image-proc/processed_images/184113d81d35e4fb44d0be397882f2a6/69ad85cd7b39888042b3bbf1c22d630d.webp,https://www.ubereats.com/es-en/city/la-zubia-es-an,CC-MAIN-2023-23
2023-06-,La Zubia,Pizzeria La Boheme,Uber Eats,"Calle José Tamayo 16, Granada, EMEA 18008, Granada, 18008",Granada,Italiana,Italiana|Pasta|Pizza,,,€,,,,False,False,,,https://www.ubereats.com/es-en/store/pizzeria-la-boheme/fc797a11-1ffa-55a2-aa08-eab8e78d7174,https://tb-static.uber.com/prod/image-proc/processed_images/3009275b35c3f970dc53a9a59965a374/69ad85cd7b39888042b3bbf1c22d630d.webp,https://www.ubereats.com/es-en/city/la-zubia-es-an,CC-MAIN-2023-23
2023-06-,La Zubia,Turki Kebab,Uber Eats,"Calle Tierno Galván, 3, Local 1, Armilla, AL 18100, Armilla, 18100",Armilla,Halal,Halal|Turca|Árabe,,,€,,,,False,False,,,https://www.ubereats.com/es-en/store/turki-kebab/5cfc7d77-c83f-4c0f-948e-3f96cd962db0,https://d1ralsognjng37.cloudfront.net/70fcee9c-cc88-459b-ad8d-af37f708fcb4.jpeg,https://www.ubereats.com/es-en/city/la-zubia-es-an,CC-MAIN-2023-23
2023-06-,La Zubia,Asadero Mario y Trini,Uber Eats,"Calle Pianista Pepita Bustamante, 2,, Granada, EMEA 18008, Granada, 18008",Granada,Pollo,Pollo|Española|Family Meals,,,€,,,,False,False,,,https://www.ubereats.com/es-en/store/asadero-mario-y-trini/d983c94f-c903-46e4-85f2-3b517e82c5f6,https://d1ralsognjng37.cloudfront.net/ef0df787-1155-4e98-b62f-c3eb6200cb01.jpeg,https://www.ubereats.com/es-en/city/la-zubia-es-an,CC-MAIN-2023-23
2023-06-,La Zubia,Hakuna Matata Kebab,Uber Eats,"Calle Poniente, 42, Armilla, Andalucía 18100, Armilla, 18100",Armilla,Árabe,Árabe|Pizza,,,€,,,,False,False,,,https://www.ubereats.com/es-en/store/hakuna-matata-kebab/0455193b-c939-4a7a-a50a-6ba452357f1f,https://d1ralsognjng37.cloudfront.net/bfd506ec-cce2-4b47-8954-f578612aeaa8.jpeg,https://www.ubereats.com/es-en/city/la-zubia-es-an,CC-MAIN-2023-23
2023-06-,La Zubia,La Cocina de la Nana,Uber Eats,"Av. De América, 54,, Granada, EMEA 18008, Granada, 18008",Granada,Italiana,Italiana|Pizza|Pasta,,,€,,,,False,False,,,https://www.ubereats.com/es-en/store/la-cocina-de-la-nana/563cd00e-0290-51af-9ee8-2ae6c3bcc9a2,https://tb-static.uber.com/prod/image-proc/processed_images/6466b327662165cf7453c17188e4ab21/a70f5c9df440d10213e93244e9eb7cad.jpeg,https://www.ubereats.com/es-en/city/la-zubia-es-an,CC-MAIN-2023-23
2023-06-,La Zubia,Minimarket Gasolinera Nevada Armilla,Uber Eats,"Avenida Fernando De Los Ríos 95, Armilla, EMEA 18100, Armilla, 18100",Armilla,Supermarket,Supermarket|Postres,,,€,,,,False,False,,,https://www.ubereats.com/es-en/store/minimarket-gasolinera-nevada-armilla/50b6b7da-4729-5f29-a6cb-93b3b9e1c4b3,https://tb-static.uber.com/prod/image-proc/processed_images/8a5e4d9ae353be9047843c3c1586c36f/a70f5c9df440d10213e93244e9eb7cad.jpeg,https://www.ubereats.com/es-en/city/la-zubia-es-an,CC-MAIN-2023-23
2023-06-,La Zubia,Marhaba 🥙,Uber Eats,"Calle Santa Clara 10, Granada, AN 18007, Granada, 18007",Granada,Mediterránea,Mediterránea|Sándwich|Carne,,,€,,,,False,False,,,https://www.ubereats.com/es-en/store/marhaba/ca6a0565-46fe-501b-98ea-818394028f45,https://tb-static.uber.com/prod/image-proc/processed_images/3e6cff791063916976fad3a3cccc575e/a70f5c9df440d10213e93244e9eb7cad.jpeg,https://www.ubereats.com/es-en/city/la-zubia-es-an,CC-MAIN-2023-23
2023-06-,La Zubia,Al Punto,Uber Eats,"C. Andalucía, 10, Armilla, EMEA 18100, Armilla, 18100",Armilla,Pizza,Pizza|Americana|Italiana,,,€,,,,False,False,,,https://www.ubereats.com/es-en/store/al-punto/f6d2008b-f8fb-5584-a9b7-73972976aab4,https://tb-static.uber.com/prod/image-proc/processed_images/6512a2f68c71936cacf372405da84ea1/a70f5c9df440d10213e93244e9eb7cad.jpeg,https://www.ubereats.com/es-en/city/la-zubia-es-an,CC-MAIN-2023-23
2023-06-,La Zubia,FARMACIA CARRILLO,Uber Eats,"Avenida Don Bosco 37, Granada, EMEA 18007, Granada, 18007",Granada,Farmacia,Farmacia,,,,,,,False,False,,,https://www.ubereats.com/es-en/store/farmacia-carrillo/a4d717ed-83be-59f8-8f91-b5ee60afc8cd,https://tb-static.uber.com/prod/image-proc/processed_images/616240b3a5f2c18bc1e3e35501b01a76/a70f5c9df440d10213e93244e9eb7cad.jpeg,https://www.ubereats.com/es-en/city/la-zubia-es-an,CC-MAIN-2023-23
2023-06-,La Zubia,Bon Appetit,Uber Eats,"Av. De Barcelona, 20, Granada, 18006, Granada, 18006",Granada,Italiana,Italiana|Pizza,,,€,,,,False,False,,,https://www.ubereats.com/es-en/store/bon-appetit/5f40d937-5b71-4e4e-8b9d-c6d645cd9b46,https://tb-static.uber.com/prod/image-proc/processed_images/cf1d2af62d0c57d68ec263442c5ce0e5/a70f5c9df440d10213e93244e9eb7cad.jpeg,https://www.ubereats.com/es-en/city/la-zubia-es-an,CC-MAIN-2023-23
2023-06-,La Zubia,Piccola Venezia,Uber Eats,"Calle Doctor Creus 1, Granada, EMEA 18007, Granada, 18007",Granada,Italiana,Italiana|Pizza,,,€,,,,False,False,,,https://www.ubereats.com/es-en/store/piccola-venezia/57fb9bf3-0db5-5048-81c8-f65f409da5f3,https://tb-static.uber.com/prod/image-proc/processed_images/1639a2b63d090934b03dc9bae51aaa59/a70f5c9df440d10213e93244e9eb7cad.jpeg,https://www.ubereats.com/es-en/city/la-zubia-es-an,CC-MAIN-2023-23
2023-06-,La Zubia,Restaurante Palatino Tapas,Uber Eats,"Calle Graham Bell, Armilla, EMEA 18100, Armilla, 18100",Armilla,Americana,Americana|Pizza|Ensaladas,,,€,,,,False,False,,,https://www.ubereats.com/es-en/store/restaurante-palatino-tapas/4d93116c-11a7-55a5-b065-adb33e74fcda,https://tb-static.uber.com/prod/image-proc/processed_images/228a0c05e811f9164a0d30fd3927ac74/a70f5c9df440d10213e93244e9eb7cad.jpeg,https://www.ubereats.com/es-en/city/la-zubia-es-an,CC-MAIN-2023-23
2023-06-,La Zubia,Tomiris,Uber Eats,"Avenida De América 47 Local 11, Granada, EMEA 18008, Granada, 18008",Granada,Americana,Americana|Hamburguesas,,,€,,,,False,False,,,https://www.ubereats.com/es-en/store/tomiris/fe88054b-e1fc-5c4f-ac8f-d257cbe94306,https://tb-static.uber.com/prod/image-proc/processed_images/aa9e6680953aa2bcaf4d8b9429ce03a4/a70f5c9df440d10213e93244e9eb7cad.jpeg,https://www.ubereats.com/es-en/city/la-zubia-es-an,CC-MAIN-2023-23
2023-06-,La Zubia,Marruespa Kebab,Uber Eats,"Avenida De América 47, Granada, EMEA 18008, Granada, 18008",Granada,De Oriente Medio,De Oriente Medio|Kebab|Pollo|Tacos|Postres,,,€,,,,False,False,,,https://www.ubereats.com/es-en/store/marruespa-kebab/1f1adb8f-f4b3-5773-bc6c-3bd18cd3db5c,https://tb-static.uber.com/prod/image-proc/processed_images/bf61c8999d515fe2d8153aecca23638b/a70f5c9df440d10213e93244e9eb7cad.jpeg,https://www.ubereats.com/es-en/city/la-zubia-es-an,CC-MAIN-2023-23
2023-06-,La Zubia,Sabordcasa,Uber Eats,"Calle Blas Infante 4, Granada, AN 18008, Granada, 18008",Granada,Panadería,Panadería,,,€,,,,False,False,,,https://www.ubereats.com/es-en/store/sabordcasa/e0b6c0e9-c631-56f3-a3c8-0d1c5e97b31f,https://tb-static.uber.com/prod/image-proc/processed_images/9239612b06d70d2242865d170e21a249/a70f5c9df440d10213e93244e9eb7cad.jpeg,https://www.ubereats.com/es-en/city/la-zubia-es-an,CC-MAIN-2023-23
2023-06-,La Zubia,Piko Thay,Uber Eats,"Calle Navarra 5, Granada, AN 18007, Granada, 18007",Granada,Asiática,Asiática|Fideos,,,€,,,,False,False,,,https://www.ubereats.com/es-en/store/piko-thay/20bc0a08-b993-5e69-af60-ca1693e0509f,https://tb-static.uber.com/prod/image-proc/processed_images/a2eb06486fe4970773cf6ccd9ab79361/69ad85cd7b39888042b3bbf1c22d630d.jpeg,https://www.ubereats.com/es-en/city/la-zubia-es-an,CC-MAIN-2023-23
2023-06-,La Zubia,Sabor y Sazón,Uber Eats,"Avenida De Italia 5, Granada, EMEA 18008, Granada, 18008",Granada,Venezolana,Venezolana|Arepa,,,€,,,,False,False,,,https://www.ubereats.com/es-en/store/sabor-y-sazon/748a57bd-80b5-59ad-8d66-8aed52c28d45,https://tb-static.uber.com/prod/image-proc/processed_images/edd755f5298bc7895b30e59b05b05c48/69ad85cd7b39888042b3bbf1c22d630d.webp,https://www.ubereats.com/es-en/city/la-zubia-es-an,CC-MAIN-2023-23
2023-06-,La Zubia,ASADOR EL MANJAR.,Uber Eats,"Av. De Cadiz, 3, 18006 Granada, Spain, 18007, Granada, 18007",Granada,Mediterránea,Mediterránea|Ensaladas,,,€,,,,False,False,,,https://www.ubereats.com/es-en/store/asador-el-manjar/d3eb64d8-0aee-496c-8920-4ac5ddb65177,https://d1ralsognjng37.cloudfront.net/a2591c75-f06b-4b74-a819-efbf8df7a7da.jpeg,https://www.ubereats.com/es-en/city/la-zubia-es-an,CC-MAIN-2023-23
2023-06-,La Zubia,Restaurante Chino La Capital,Uber Eats,"Avenida De Barcelona 30, Granada, EMEA 18006, Granada, 18006",Granada,Asiática,Asiática|Comida rápida|Fideos,,,€,,,,False,False,,,https://www.ubereats.com/es-en/store/restaurante-chino-la-capital/03350bd3-411f-5214-8454-37fa4b09d61e,https://tb-static.uber.com/prod/image-proc/processed_images/8ff3115e48d8f32a09f811ff2d571a3f/a70f5c9df440d10213e93244e9eb7cad.jpeg,https://www.ubereats.com/es-en/city/la-zubia-es-an,CC-MAIN-2023-23
2023-06-,La Zubia,Popeyes - Granada Lidl,Uber Eats,"Avda. Fernando De Los Rios, 19, Granada, Spain 18006, Granada, 18006",Granada,Americana,Americana|Fried Chicken,,,€,,,,False,False,,,https://www.ubereats.com/es-en/store/popeyes-granada-lidl/d91357d2-f437-574e-9fd5-3e304e2ad63f,https://tb-static.uber.com/prod/image-proc/processed_images/913ace086fa39464b32b9ff417b9a10c/a70f5c9df440d10213e93244e9eb7cad.jpeg,https://www.ubereats.com/es-en/city/la-zubia-es-an,CC-MAIN-2023-23
2023-06-,La Zubia,Pizzeria Carlos - Granada,Uber Eats,"Avda. Fernándo De Los Ríos, 24, Granada, Spain 18006, Granada, 18006",Granada,Italiana,Italiana,,,€,,,,False,False,,,https://www.ubereats.com/es-en/store/pizzeria-carlos-granada/363f2651-e135-5254-92ea-4f0aae853a33,https://tb-static.uber.com/prod/image-proc/processed_images/9f999b8a9c833b162a3f010e23308dc4/a70f5c9df440d10213e93244e9eb7cad.jpeg,https://www.ubereats.com/es-en/city/la-zubia-es-an,CC-MAIN-2023-23
2023-06-,La Zubia,KEBAB PIZZERIA EL TURCO,Uber Eats,"Ctra. De La Sierra, 70, Granada, EMEA 18008, Granada, 18008",Granada,Kebab,Kebab|Pizza|Turca,,,€,,,,False,False,,,https://www.ubereats.com/es-en/store/kebab-pizzeria-el-turco/71ab6e1a-ec1a-42ca-8bcd-d952c762443e,https://tb-static.uber.com/prod/image-proc/processed_images/e4bea8d721aae4214867bb4254539f89/a70f5c9df440d10213e93244e9eb7cad.jpeg,https://www.ubereats.com/es-en/city/la-zubia-es-an,CC-MAIN-2023-23
2023-06-,La Zubia,Chivuos - Granada,Uber Eats,"Calle Chueca 9, Granada, EMEA 18004, Granada, 18004",Granada,Italiana,Italiana|Pizza,,,€,,,,False,False,,,https://www.ubereats.com/es-en/store/chivuos-granada/b0a03040-6f6a-53cd-b691-fafe0819d2fc,https://tb-static.uber.com/prod/image-proc/processed_images/6617a6c48ef6a7acb9242b5f470e9e03/a70f5c9df440d10213e93244e9eb7cad.jpeg,https://www.ubereats.com/es-en/city/la-zubia-es-an,CC-MAIN-2023-23
2023-06-,La Zubia,Dos coyotes - Granada,Uber Eats,"Calle Chueca 9, Granada, EMEA 18004, Granada, 18004",Granada,Italiana,Italiana|Pizza|Mexicana|Tacos|De Latinoamérica,,,,,,,False,False,,,https://www.ubereats.com/es-en/store/dos-coyotes-granada/0de943ef-a831-51aa-8383-7a21ad8ff6dc,https://tb-static.uber.com/prod/image-proc/processed_images/3957c092cc7d15d7fc0949eb8810aa03/a70f5c9df440d10213e93244e9eb7cad.jpeg,https://www.ubereats.com/es-en/city/la-zubia-es-an,CC-MAIN-2023-23
2023-06-,La Zubia,La cocina de Lore y Mel,Uber Eats,"Calle Poeta Manuel De Góngora N 3 Local 5.1, Granada, Andalucía 18006, Granada, 18006",Granada,Pollo,Pollo|Mediterránea|Tapas|Opciones para alergias,,,€,,,,False,False,,,https://www.ubereats.com/es-en/store/la-cocina-de-lore-y-mel/033124cf-e704-59ee-8d3f-6177d2190425,https://d1ralsognjng37.cloudfront.net/b8ae33eb-2c97-406f-a996-2b2d087dc7de.jpeg,https://www.ubereats.com/es-en/city/la-zubia-es-an,CC-MAIN-2023-23
2023-06-,La Zubia,Asador Genil 👑 del Pollo,Uber Eats,"Calle Prof. Agustín Escribano, 1, Granada, EMEA 18004, Granada, 18004",Granada,Pollo,Pollo|Alitas de pollo,,,€,,,,False,False,,,https://www.ubereats.com/es-en/store/asador-genil-del-pollo/c9415962-c81c-56e0-b84b-f5215b7d0f74,https://tb-static.uber.com/prod/image-proc/processed_images/76e455e672da528c7d20bf63694f39bf/f7e27f77a1abfdaa9fab9b4ae7dab7cb.webp,https://www.ubereats.com/es-en/city/la-zubia-es-an,CC-MAIN-2023-23
2023-06-,La Zubia,Sancho Casual Burger (Tejeiro),Uber Eats,"Calle Tejeiro, 20, Granada, EMEA 18005, Granada, 18005",Granada,Hamburguesas,Hamburguesas|Americana|Sándwiches,,,€,,,,False,False,,,https://www.ubereats.com/es-en/store/sancho-casual-burger-tejeiro/5bdb03af-adf1-4bbe-9d36-b4d3ed63e374,https://d1ralsognjng37.cloudfront.net/94db59f3-2e10-4f1e-8163-e165704df6e3.jpeg,https://www.ubereats.com/es-en/city/la-zubia-es-an,CC-MAIN-2023-23
2023-06-,La Zubia,Asadero El Pollazo,Uber Eats,"Calle Arabial, 5, 18003 Granada, España, AL 18004, Granada, 18004",Granada,Barbacoa,Barbacoa|Española,,,€,,,,False,False,,,https://www.ubereats.com/es-en/store/asadero-el-pollazo/db0fccb8-725f-45b8-b778-94da2754610c,https://d1ralsognjng37.cloudfront.net/54870099-3e01-4931-b4ed-43faa855466d.jpeg,https://www.ubereats.com/es-en/city/la-zubia-es-an,CC-MAIN-2023-23
2023-06-,La Zubia,Garden Plaza,Uber Eats,"Pl. Gral. Emilio Herrera, 5, Granada, EMEA 18005, Granada, 18005",Granada,Asiática,Asiática|Hamburguesas,,,€€,,,,False,False,,,https://www.ubereats.com/es-en/store/garden-plaza/ffa60ad4-6795-5cb6-8808-d1c50f3ab7a1,https://tb-static.uber.com/prod/image-proc/processed_images/cf52103591158e6806f17622764ca6b8/a70f5c9df440d10213e93244e9eb7cad.jpeg,https://www.ubereats.com/es-en/city/la-zubia-es-an,CC-MAIN-2023-23
2023-06-,La Zubia,Patata Granada,Uber Eats,"Calle Arabial 5, Granada, AN 18004, Granada, 18004",Granada,Americana,Americana|Hamburguesas|Falafel,,,€,,,,False,False,,,https://www.ubereats.com/es-en/store/patata-granada/003a1e81-a499-54a6-b559-5a69d22aea11,https://tb-static.uber.com/prod/image-proc/processed_images/6f9f25148e3110901b813ce372f8b6f6/a70f5c9df440d10213e93244e9eb7cad.jpeg,https://www.ubereats.com/es-en/city/la-zubia-es-an,CC-MAIN-2023-23
2023-06-,La Zubia,Foster's Hollywood - Granada Neptuno,Uber Eats,"C/Neptuno, 10, Granada, Spain, Spain 18004, Granada, Spain, 18004","Granada, Spain",Americana,Americana|Hamburguesas|Comida rápida,,,€,,,,False,False,,,https://www.ubereats.com/es-en/store/fosters-hollywood-granada-neptuno/a98f32d6-9fa5-4416-91e2-25d393bda740,https://d1ralsognjng37.cloudfront.net/89bc0e5b-5e5b-4ff1-a367-3d83b39df5d3.jpeg,https://www.ubereats.com/es-en/city/la-zubia-es-an,CC-MAIN-2023-23
2023-06-,La Zubia,La Causa - Mediterranean Nikkei,Uber Eats,"Plaza Del Campillo Bajo, 10, Granada, EMEA 18009, Granada, 18009",Granada,Japonesa,Japonesa|Sushi,,,€,,,,False,False,,,https://www.ubereats.com/es-en/store/la-causa-mediterranean-nikkei/65b754f9-2b7e-496c-b434-fb0987f2256b,https://tb-static.uber.com/prod/image-proc/processed_images/01aad5dba94f6aaa38c13cb7b48fd771/a70f5c9df440d10213e93244e9eb7cad.jpeg,https://www.ubereats.com/es-en/city/la-zubia-es-an,CC-MAIN-2023-23
2023-06-,La Zubia,Chiliburrito,Uber Eats,"Calle Martínez Campos 8, Local # 5, Granada, EMEA 18005, Granada, 18005",Granada,Mexicana,Mexicana|Tacos,,,€,,,,False,False,,,https://www.ubereats.com/es-en/store/chiliburrito/e3e61fdb-69c3-5717-bced-04ffd251caf0,https://tb-static.uber.com/prod/image-proc/processed_images/06178ceef98bf6e72ec8d59bab52bbd7/a70f5c9df440d10213e93244e9eb7cad.jpeg,https://www.ubereats.com/es-en/city/la-zubia-es-an,CC-MAIN-2023-23
2023-06-,La Zubia,Pickles Burger,Uber Eats,"Calle Cibeles, 4, Granada, EMEA 18004, Granada, 18004",Granada,Americana,Americana|Hamburguesas|Sándwich,,,€,,,,False,False,,,https://www.ubereats.com/es-en/store/pickles-burger/08e6a947-ddd1-4a4a-9c15-3569818b5b9e,https://tb-static.uber.com/prod/image-proc/processed_images/d315ca5c3cabf9f957ffe31c70ed4527/a70f5c9df440d10213e93244e9eb7cad.jpeg,https://www.ubereats.com/es-en/city/la-zubia-es-an,CC-MAIN-2023-23
2023-06-,La Zubia,Ben &amp; Jerry's y Magnum - Granada Alameda,Uber Eats,"Plaza Del Campillo, 1, Granada, AL 18009, Granada, 18009",Granada,Americana,Americana|Helados y yogurt helado,,,€,,,,False,False,,,https://www.ubereats.com/es-en/store/ben-&amp;-jerrys-y-magnum-granada-alameda/b361af76-18b7-435f-9aed-1f3c47b68c23,https://tb-static.uber.com/prod/image-proc/processed_images/dbecde77e1a75192577d5f7b184bb1df/a70f5c9df440d10213e93244e9eb7cad.jpeg,https://www.ubereats.com/es-en/city/la-zubia-es-an,CC-MAIN-2023-23
2023-06-,La Zubia,TGB - Acera del Darro,Uber Eats,"Calle Acera Del Darro 16, Granada, Spain, Spain 18005, Granada, Spain, 18005","Granada, Spain",Americana,Americana|Hamburguesas|Comida rápida|Alitas de pollo,,,€,,,,False,False,,,https://www.ubereats.com/es-en/store/tgb-acera-del-darro/8525e28c-f93f-4fb5-a84c-762b3be7d1aa,https://tb-static.uber.com/prod/image-proc/processed_images/021b81797de4e70be0f5e01d423dd503/a70f5c9df440d10213e93244e9eb7cad.jpeg,https://www.ubereats.com/es-en/city/la-zubia-es-an,CC-MAIN-2023-23
2023-06-,La Zubia,Mamma Rosa Ristorante Pizzeria,Uber Eats,"Calle Ángel Ganivet, 15, Granada, EMEA 18009, Granada, 18009",Granada,Italiana,Italiana|Pasta|Pizza,,,€,,,,False,False,,,https://www.ubereats.com/es-en/store/mamma-rosa-ristorante-pizzeria/bcaaeea6-bff3-4687-8000-778e2d85c7f7,https://tb-static.uber.com/prod/image-proc/processed_images/3cdc5b27f547aef558737188f13d0cad/a70f5c9df440d10213e93244e9eb7cad.jpeg,https://www.ubereats.com/es-en/city/la-zubia-es-an,CC-MAIN-2023-23
2023-06-,La Zubia,El Delirio,Uber Eats,"C/ Varela Numero 11, Local 5, Restaurante “ El Delirio” 18009 Granada, EMEA 18009, Granada, 18009",Granada,De Latinoamérica,De Latinoamérica|Tapas|Mexicana,,,€,,,,False,False,,,https://www.ubereats.com/es-en/store/el-delirio/847f99fd-e9c9-4dc2-9eac-dd2fe67e3418,https://d1ralsognjng37.cloudfront.net/901fc294-826d-4905-a1c9-f07a2f1d7f0b.jpeg,https://www.ubereats.com/es-en/city/la-zubia-es-an,CC-MAIN-2023-23
2023-06-,La Zubia,MOAI Burger,Uber Eats,"C. Manuel De Falla, 18, Granada,, EMEA 18005, Granada,, 18005","Granada,",Americana,Americana|Hamburguesas|Sándwiches,,,€€,,,,False,False,,,https://www.ubereats.com/es-en/store/moai-burger/0fd82f12-86f8-5581-a43d-155274c994b0,https://tb-static.uber.com/prod/image-proc/processed_images/0fc2c873e50b726f9aa141436a6cbe47/a70f5c9df440d10213e93244e9eb7cad.jpeg,https://www.ubereats.com/es-en/city/la-zubia-es-an,CC-MAIN-2023-23
2023-06-,La Zubia,Kebab Neptuno,Uber Eats,"Calle Arabial 45, Granada, AN 18004, Granada, 18004",Granada,Kebab,Kebab|De Oriente Medio,,,€,,,,False,False,,,https://www.ubereats.com/es-en/store/kebab-neptuno/d0bafc4d-863a-596b-83e0-196c025c5458,https://tb-static.uber.com/prod/image-proc/processed_images/e35c9d5304f3c5aa05d2b492e52c6b9b/69ad85cd7b39888042b3bbf1c22d630d.webp,https://www.ubereats.com/es-en/city/la-zubia-es-an,CC-MAIN-2023-23
2023-06-,La Zubia,Dunkin' - Suizo,Uber Eats,"Calle Puerta Real De España Nº 4. Edificio Suizo, Granada, EMEA 18001, Granada, 18001",Granada,Americana,Americana|Café y té|Pasteles,,,,,,,False,False,,,https://www.ubereats.com/es-en/store/dunkin-suizo/f09edc52-7549-52fc-8ce7-586eb636bfdd,https://tb-static.uber.com/prod/image-proc/processed_images/a86dc4bada238d5cd4548210ee8fd084/a70f5c9df440d10213e93244e9eb7cad.jpeg,https://www.ubereats.com/es-en/city/la-zubia-es-an,CC-MAIN-2023-23
2023-06-,La Zubia,Domino's - Solarillo,Uber Eats,"Solarillo De Gracia, 10, Granada, Spain, Spain 18002, Granada, Spain, 18002","Granada, Spain",Americana,Americana|Comida rápida|Pizza,,,€,,,,False,False,,,https://www.ubereats.com/es-en/store/dominos-solarillo/71a6f517-799d-490e-8308-d82ea8576592,https://d1ralsognjng37.cloudfront.net/96abd466-4069-4567-a3e7-f95fc6e67084.jpeg,https://www.ubereats.com/es-en/city/la-zubia-es-an,CC-MAIN-2023-23
2023-06-,Zarautz,Pizzería Gizarte Etxea,Uber Eats,"Calle Zumaburu, 15, Lasarte, Gipuzkoa 20160, Lasarte, 20160",Lasarte,Americana,Americana|Hamburguesas|Pizza,,,€,,,,False,False,,,https://www.ubereats.com/es-en/store/pizzeria-gizarte-etxea/e600c830-aac6-5824-841c-07bab147d836,https://tb-static.uber.com/prod/image-proc/processed_images/33de4c77df1cda36bfa076890e9eaf84/820883a48567670acbd720bc76391291.jpeg,https://www.ubereats.com/es-en/city/zarautz-es-pv,CC-MAIN-2023-23
2023-06-,Zarautz,🎌 Kaori 🎌,Uber Eats,"De Zumalakarregi Hiribidea, 25, Donostia, Euskadi 20018, Donostia, 20018",Donostia,Comida rápida,Comida rápida|Japonesa|Sushi,,,€,,,,False,False,,,https://www.ubereats.com/es-en/store/kaori/3104c447-f3ee-4fca-9ee5-6368c13032b2,https://d1ralsognjng37.cloudfront.net/162dc429-989a-47d1-b8f5-4e7ef68c2ef3.jpeg,https://www.ubereats.com/es-en/city/zarautz-es-pv,CC-MAIN-2023-23
2023-06-,Zarautz,La Nonna Pizzeria,Uber Eats,"Plaza De Carlos Santamaría 1, 4, San Sebastián, Gipuzkoa 20018, San Sebastián, 20018",San Sebastián,Italiana,Italiana|Pizza|Comida rápida,,,€,,,,False,False,,,https://www.ubereats.com/es-en/store/la-nonna-pizzeria/506d902e-6093-5ab4-87b3-cc97c31bfaa0,https://d1ralsognjng37.cloudfront.net/bc30f39b-cc03-4f2c-aa98-99a988bc7594.jpeg,https://www.ubereats.com/es-en/city/zarautz-es-pv,CC-MAIN-2023-23
2023-06-,Zarautz,Pizza Berri,Uber Eats,"Avenida Tolosa, 25, Bajo, Local 3, 20018, 20018",,Americana,Americana|Pizza,,,€,,,,False,False,,,https://www.ubereats.com/es-en/store/pizza-berri/17bbfdc9-3aec-4096-9e2c-4f15865e303d,https://tb-static.uber.com/prod/image-proc/processed_images/d370ba7caf7979441f616fd87368ea11/a70f5c9df440d10213e93244e9eb7cad.jpeg,https://www.ubereats.com/es-en/city/zarautz-es-pv,CC-MAIN-2023-23
2023-06-,Zarautz,Ikoi Sushi Poke Japonesa,Uber Eats,"Calle De Miracruz 1, San Sebastián, PV 20001, San Sebastián, 20001",San Sebastián,Asiática,Asiática|Sushi,,,€,,,,False,False,,,https://www.ubereats.com/es-en/store/ikoi-sushi-poke-japonesa/af3f878c-739f-47fe-aae9-1d9aca495a2b,https://tb-static.uber.com/prod/image-proc/processed_images/ce6d9dca08817a531311e59020bddf5f/f7e27f77a1abfdaa9fab9b4ae7dab7cb.webp,https://www.ubereats.com/es-en/city/zarautz-es-pv,CC-MAIN-2023-23
2023-06-,Zarautz,NAP Donosti,Uber Eats,"Calle Andia 11, San Sebastian, EMEA 20004, San Sebastian, 20004",San Sebastian,Italiana,Italiana|Pizza,,,€,,,,False,False,,,https://www.ubereats.com/es-en/store/nap-donosti/e47ecd57-237c-4c7a-b931-10d347452e5b,https://d1ralsognjng37.cloudfront.net/88e8a1ed-8b0f-4a32-85d0-c137c984b9e9.jpeg,https://www.ubereats.com/es-en/city/zarautz-es-pv,CC-MAIN-2023-23
2023-06-,Zarautz,O'HARA LASARTE,Uber Eats,"Mutiozabal Kalea Lasarte, 7,",,Pollo,Pollo|Inglesa|Comida rápida,,,€,,,,False,False,,,https://www.ubereats.com/es-en/store/ohara-lasarte/b6938d88-0729-5005-83fb-f23f5d8aaa89,https://tb-static.uber.com/prod/image-proc/processed_images/722092854a93dc438315ac65fc27b560/820883a48567670acbd720bc76391291.jpeg,https://www.ubereats.com/es-en/city/zarautz-es-pv,CC-MAIN-2023-23
2023-06-,Zarautz,MAA DONOSTI,Uber Eats,"Balleneros Kalea 14, Donostia, EMEA 20011, Donostia, 20011",Donostia,Americana,Americana|Pollo|Kebab|Opciones para alergias,,,€,,,,False,False,,,https://www.ubereats.com/es-en/store/maa-donosti/f0ddc173-6fbf-58cf-b888-cf124f7b3f84,https://tb-static.uber.com/prod/image-proc/processed_images/20c232d2af16a370021fefdc469e4a95/a70f5c9df440d10213e93244e9eb7cad.jpeg,https://www.ubereats.com/es-en/city/zarautz-es-pv,CC-MAIN-2023-23
2023-06-,Zarautz,Il Doppio Pizzería &amp; Delicatessen,Uber Eats,"Goiko Galtzara Berri Kalea, 4, Donostia, Gipuzkoa 20009, Donostia, 20009",Donostia,Europea,Europea|Pizza|Vegetariana,,,€,,,,False,False,,,https://www.ubereats.com/es-en/store/il-doppio-pizzeria-&amp;-delicatessen/6c8c6737-7d6d-58fc-a95b-b1a96ebdfcb4,https://tb-static.uber.com/prod/image-proc/processed_images/f7d43885e011c9e6c9ed18370771395d/820883a48567670acbd720bc76391291.jpeg,https://www.ubereats.com/es-en/city/zarautz-es-pv,CC-MAIN-2023-23
2023-06-,Zarautz,Food House - Indian Style,Uber Eats,"Constitución Plaza, 3, Donostia, Gipuzkoa 20003, Donostia, 20003",Donostia,Asiática,Asiática|Rice &amp; Curry,,,€,,,,False,False,,,https://www.ubereats.com/es-en/store/food-house-indian-style/644271e5-35b9-588b-9b67-fe683d144dea,https://tb-static.uber.com/prod/image-proc/processed_images/25ae70dfea7ba1aeff392c902722f491/a70f5c9df440d10213e93244e9eb7cad.jpeg,https://www.ubereats.com/es-en/city/zarautz-es-pv,CC-MAIN-2023-23
2023-06-,Zarautz,Starbucks San Sebastian,Uber Eats,"Askatasunaren Hiribidea 40, San Sebastián, Spain, Spain 20004, San Sebastián, Spain, 20004","San Sebastián, Spain",Americana,Americana|Café y té,,,€,,,,False,False,,,https://www.ubereats.com/es-en/store/starbucks-san-sebastian/191c2fc8-fa49-4c54-b5f3-f26021afa87e,https://d1ralsognjng37.cloudfront.net/c97bf719-1c09-4f4f-94be-0ff572a02077.jpeg,https://www.ubereats.com/es-en/city/zarautz-es-pv,CC-MAIN-2023-23
2023-06-,Zarautz,HONKAKU,Uber Eats,"Elkano Kalea, 10, Donostia, Gipuzkoa 20004, Donostia, 20004",Donostia,Japonesa,Japonesa|Fideos|Ramen,,,€,,,,False,False,,,https://www.ubereats.com/es-en/store/honkaku/3c56f684-dca5-58fe-8ec0-3ce6eb5629ae,https://tb-static.uber.com/prod/image-proc/processed_images/ead869185d2b968beade7e197f432f76/820883a48567670acbd720bc76391291.jpeg,https://www.ubereats.com/es-en/city/zarautz-es-pv,CC-MAIN-2023-23
2023-06-,Zarautz,La Rebotika,Uber Eats,"Zarautz Kalea 6, Donostia, EMEA 20018, Donostia, 20018",Donostia,Española,Española|Tapas,,,€,,,,False,False,,,https://www.ubereats.com/es-en/store/la-rebotika/e475f8b5-acdd-40fa-9fc6-8baa3829ba2d,https://d1ralsognjng37.cloudfront.net/c18aebd0-ad75-4995-a988-b621b6f96f57.jpeg,https://www.ubereats.com/es-en/city/zarautz-es-pv,CC-MAIN-2023-23
2023-06-,Zarautz,Sushi Bar Amapola,Uber Eats,"Reyes Catolicos Kalea 6, Bajo Izquierda, Donostia, Emea, 20006,",,Asiática,Asiática|Sushi|Japonesa|Fusión asiática,,,€,,,,False,False,,,https://www.ubereats.com/es-en/store/sushi-bar-amapola/65ff48f8-85a7-58f7-bdc2-6b029ee70f34,https://tb-static.uber.com/prod/image-proc/processed_images/45cfdf1f22ce6e050f0467c173457889/a70f5c9df440d10213e93244e9eb7cad.jpeg,https://www.ubereats.com/es-en/city/zarautz-es-pv,CC-MAIN-2023-23
2023-06-,Zarautz,Pizza Ona Donostia,Uber Eats,"Txofre Kalea, 11, 20001, San Sebastián, 20001",San Sebastián,Pizza,Pizza|Italiana,,,€,,,,False,False,,,https://www.ubereats.com/es-en/store/pizza-ona-donostia/07e87e89-2e55-4a9e-b747-807ee5be1d60,https://d1ralsognjng37.cloudfront.net/08fb111f-d897-4b02-992f-ae3c8ba3836c.jpeg,https://www.ubereats.com/es-en/city/zarautz-es-pv,CC-MAIN-2023-23
2023-06-,Zarautz,Chivuos - Lasarte,Uber Eats,"Pablo Mutiozabal Kalea, Lasarte-Oria, EMEA 20160, Lasarte-Oria, 20160",Lasarte-Oria,Italiana,Italiana|Pizza,,,,,,,False,False,,,https://www.ubereats.com/es-en/store/chivuos-lasarte/fda03096-05d7-5578-8584-dd422ddd4f5b,https://tb-static.uber.com/prod/image-proc/processed_images/6617a6c48ef6a7acb9242b5f470e9e03/a70f5c9df440d10213e93244e9eb7cad.jpeg,https://www.ubereats.com/es-en/city/zarautz-es-pv,CC-MAIN-2023-23
2023-06-,Zarautz,Euskal Pizza - Hernani,Uber Eats,"Calle De, Larramendi Kalea, 3, Hernani, Gipuzkoa 20120, Hernani, 20120",Hernani,Italiana,Italiana|Pizza|Vegetariana,,,€,,,,False,False,,,https://www.ubereats.com/es-en/store/euskal-pizza-hernani/01f03686-3566-57fb-a7fd-99b9e147777b,https://tb-static.uber.com/prod/image-proc/processed_images/381b2cf5811a82cf205e0089914103a3/f7e27f77a1abfdaa9fab9b4ae7dab7cb.webp,https://www.ubereats.com/es-en/city/zarautz-es-pv,CC-MAIN-2023-23
2023-06-,Zarautz,Txintxua,Uber Eats,"Catalina De Erauso Kalea, 10, Donostia, EMEA 20010, Donostia, 20010",Donostia,Mediterránea,Mediterránea|Sándwich|Tapas|Opciones para alergias,,,€,,,,False,False,,,https://www.ubereats.com/es-en/store/txintxua/c15df864-8e27-5946-a65f-8a01fab214a7,https://tb-static.uber.com/prod/image-proc/processed_images/fd66fb286c00e7da39fae64c254437f1/a70f5c9df440d10213e93244e9eb7cad.jpeg,https://www.ubereats.com/es-en/city/zarautz-es-pv,CC-MAIN-2023-23
2023-06-,Zarautz,Food House - Fast Food,Uber Eats,"Constitución Plaza, 3, Donostia, Gipuzkoa 20003, Donostia, 20003",Donostia,Americana,Americana|Hamburguesas|Comida rápida|Pizza,,,€,,,,False,False,,,https://www.ubereats.com/es-en/store/food-house-fast-food/c8e82cbf-861c-5720-a134-3ead127d859c,https://tb-static.uber.com/prod/image-proc/processed_images/de77caebc9c5cfc48c66f1ad2b9e2123/820883a48567670acbd720bc76391291.jpeg,https://www.ubereats.com/es-en/city/zarautz-es-pv,CC-MAIN-2023-23
2023-06-,Zarautz,Camillo Pizzeria,Uber Eats,"Azkuene 19, San Sebastián, PV 20016, San Sebastián, 20016",San Sebastián,Italiana,Italiana|Pizza,,,€,,,,False,False,,,https://www.ubereats.com/es-en/store/camillo-pizzeria/3e971e38-31e7-4b97-9f9e-e1245a2a3548,https://tb-static.uber.com/prod/image-proc/processed_images/57c3c00e2561a9e506398c3c8faa613f/a70f5c9df440d10213e93244e9eb7cad.jpeg,https://www.ubereats.com/es-en/city/zarautz-es-pv,CC-MAIN-2023-23
2023-06-,Zarautz,Pizza Napoli,Uber Eats,"Calle Azkuene 19, Pasaia, PV 20017, Pasaia, 20017",Pasaia,Italiana,Italiana|Pasta|Pizza,,,,,,,False,False,,,https://www.ubereats.com/es-en/store/pizza-napoli/8ffd83f9-1903-40b9-8335-bef179db3244,https://d1ralsognjng37.cloudfront.net/821fe370-98c1-407e-a195-6b0c0d5c3847.jpeg,https://www.ubereats.com/es-en/city/zarautz-es-pv,CC-MAIN-2023-23
2023-06-,Zarautz,Ginos - CC Garbera,Uber Eats,"Centro Comercial Garbera, San Sebastián, Spain, Spain 20017, San Sebastián, Spain, 20017","San Sebastián, Spain",Italiana,Italiana|Pizza,,,€,,,,False,False,,,https://www.ubereats.com/es-en/store/ginos-cc-garbera/522aaaae-7919-5d8c-bd31-4eb789c89062,https://tb-static.uber.com/prod/image-proc/processed_images/7c0a3b7eb95427cf7b978972e47f4fe1/a70f5c9df440d10213e93244e9eb7cad.jpeg,https://www.ubereats.com/es-en/city/zarautz-es-pv,CC-MAIN-2023-23
2023-06-,Zarautz,INDIAN FOOD HOUSE,Uber Eats,"Ikutza Kortsarioa Kalea, 5, Errenteria, EMEA 20100, Errenteria, 20100",Errenteria,Asiática,Asiática|Pollo|Vegetariana,,,€,,,,False,False,,,https://www.ubereats.com/es-en/store/indian-food-house/43344282-093f-5428-9bc0-83ee7125ac06,https://tb-static.uber.com/prod/image-proc/processed_images/bf3a55a4dfba5e7cf4248f85e3c32d0b/820883a48567670acbd720bc76391291.jpeg,https://www.ubereats.com/es-en/city/zarautz-es-pv,CC-MAIN-2023-23
2023-06-,Zarautz,Vips - Garbera,Uber Eats,"1 Travesía De Garbera, 20015, San Sebastián (Guipúzcoa), San Sebastián, Spain, Spain 20015, San Sebastián, Spain, 20015","San Sebastián, Spain",Comida rápida,Comida rápida|Mediterránea|Sándwich,,,€,,,,False,False,,,https://www.ubereats.com/es-en/store/vips-garbera/c074d237-3580-5eb3-822c-a499dca7698e,https://tb-static.uber.com/prod/image-proc/processed_images/697512b776a2fc5fb773b8fa4b5b8c55/820883a48567670acbd720bc76391291.jpeg,https://www.ubereats.com/es-en/city/zarautz-es-pv,CC-MAIN-2023-23
2023-06-,Zarautz,Berio Kebab Estrella Roja,Uber Eats,"De Marugame Plaza, 8, Donostia, Gipuzkoa 20018, Donostia, 20018",Donostia,Turca,Turca|Kebab|Comida rápida,,,€,,,,False,False,,,https://www.ubereats.com/es-en/store/berio-kebab-estrella-roja/ac5c6570-0d74-51c4-8c8f-a828d3b2c5bb,https://tb-static.uber.com/prod/image-proc/processed_images/f51aa6288b060e44fdfafd576159ef4f/820883a48567670acbd720bc76391291.jpeg,https://www.ubereats.com/es-en/city/zarautz-es-pv,CC-MAIN-2023-23
2023-06-,Zarautz,Sabor Turk,Uber Eats,"Avenida De Tolosa 12, Donostia, Gipuzkoa 20018, donostia, 20018",donostia,Turca,Turca|Comida rápida|Kebab,,,€,,,,False,False,,,https://www.ubereats.com/es-en/store/sabor-turk/fae393b8-9949-5670-9412-998e7ef2d36e,https://tb-static.uber.com/prod/image-proc/processed_images/40c0a2d7af9b965e2cd57f5a32f3ae0a/a70f5c9df440d10213e93244e9eb7cad.jpeg,https://www.ubereats.com/es-en/city/zarautz-es-pv,CC-MAIN-2023-23
2023-06-,Zarautz,LA BODEGUILLA,Uber Eats,"Calle Euskadi 1 Bajo, Pasaia, Euskadi 20110, Pasaia, 20110",Pasaia,Mediterránea,Mediterránea|Tapas|Opciones para alergias,,,€,,,,False,False,,,https://www.ubereats.com/es-en/store/la-bodeguilla/6fd6d874-1012-522a-82a6-1054cf39647b,https://tb-static.uber.com/prod/image-proc/processed_images/2b2e720e7b35131c60b27a14931efbe4/a70f5c9df440d10213e93244e9eb7cad.jpeg,https://www.ubereats.com/es-en/city/zarautz-es-pv,CC-MAIN-2023-23
2023-06-,Zarautz,SUSHI Bar Erdene,Uber Eats,"Kolon Pasealekua 15, Donostia, EMEA 20002, Donostia, 20002",Donostia,Japonesa,Japonesa|Sushi,,,€,,,,False,False,,,https://www.ubereats.com/es-en/store/sushi-bar-erdene/cb94fe39-c275-55bd-b757-ee8ff329bb4a,https://tb-static.uber.com/prod/image-proc/processed_images/d288a25f38a835ef3fb518147256aeae/a70f5c9df440d10213e93244e9eb7cad.jpeg,https://www.ubereats.com/es-en/city/zarautz-es-pv,CC-MAIN-2023-23
2023-06-,Zarautz,Ricky Pollo,Uber Eats,"Plaza De Irún, 6, Centro Comercial Arcco,, Donostia, 20011, Donostia, 20011",Donostia,Hamburguesas,Hamburguesas|Europea|Ensaladas,,,€,,,,False,False,,,https://www.ubereats.com/es-en/store/ricky-pollo/0fa38575-6c77-4563-b952-37166b949d41,https://d1ralsognjng37.cloudfront.net/42e4b3cc-05c4-44b1-94d5-89767fef38bd.jpeg,https://www.ubereats.com/es-en/city/zarautz-es-pv,CC-MAIN-2023-23
2023-06-,Zarautz,Pizzarica,Uber Eats,"Juan Vollmer Plaza 15, Irun, EMEA 20304, Irun, 20304",Irun,Italiana,Italiana|Pizza,,,,,,,False,False,,,https://www.ubereats.com/es-en/store/pizzarica/b330b247-bc8c-5f93-a843-e53906763923,https://tb-static.uber.com/prod/image-proc/processed_images/b3b76dff693cce959628db27ebbb85fc/69ad85cd7b39888042b3bbf1c22d630d.webp,https://www.ubereats.com/es-en/city/zarautz-es-pv,CC-MAIN-2023-23
2023-06-,Zarautz,Milanesa Haus - Lasarte,Uber Eats,"Pablo Mutiozabal Kalea, Lasarte-Oria, EMEA 20160, Lasarte-Oria, 20160",Lasarte-Oria,Italiana,Italiana|Pizza,,,€,,,,False,False,,,https://www.ubereats.com/es-en/store/milanesa-haus-lasarte/32408a6e-81e7-5658-bece-4477dd9fcc45,https://tb-static.uber.com/prod/image-proc/processed_images/69e17abf759ad34998ad1ebd210fbdce/a70f5c9df440d10213e93244e9eb7cad.jpeg,https://www.ubereats.com/es-en/city/zarautz-es-pv,CC-MAIN-2023-23
2023-06-,Zarautz,PIZZA SPRINT,Uber Eats,"Morrongilleta Kalea, 3, Errenteria, Gipuzkoa 20100, Errenteria, 20100",Errenteria,Americana,Americana|Pizza|Italiana,,,€,,,,False,False,,,https://www.ubereats.com/es-en/store/pizza-sprint/4cf147a3-bf89-5f35-9818-589886340ab7,https://tb-static.uber.com/prod/image-proc/processed_images/d615f98a82af15f80f478f3056ca2dbc/f7e27f77a1abfdaa9fab9b4ae7dab7cb.webp,https://www.ubereats.com/es-en/city/zarautz-es-pv,CC-MAIN-2023-23
2023-06-,Zarautz,Shan,Uber Eats,"Juan Vollmer 5, Irún, EMEA 20304, Irún, 20304",Irún,Asiática,Asiática|Pollo,,,€,,,,False,False,,,https://www.ubereats.com/es-en/store/shan/15ed14ee-8317-5e12-9d1a-002d0a66c3bf,https://tb-static.uber.com/prod/image-proc/processed_images/df3e2264acc6ea5899aa53faf16d27bf/69ad85cd7b39888042b3bbf1c22d630d.webp,https://www.ubereats.com/es-en/city/zarautz-es-pv,CC-MAIN-2023-23
2023-06-,Zarautz,LANBROA Donner Kebab,Uber Eats,"Paseo Larratxo 37 Bajo, Donostia, EMEA 20017, donostia, 20017",donostia,kebab,kebab|chicken|middleeastern,,,,,,,False,False,,,https://www.ubereats.com/es-en/store/lanbroa-donner-kebab/c93577dc-1a88-50d8-b48a-688b6d040ba2,https://tb-static.uber.com/prod/image-proc/processed_images/d38910b49fd68412a612f03aa6d846c3/820883a48567670acbd720bc76391291.jpeg,https://www.ubereats.com/es-en/city/zarautz-es-pv,CC-MAIN-2023-23
2023-06-,Zarautz,LOCO BOWL,Uber Eats,"Narrika Kalea, 1, Donostia, Gipuzkoa, Spain, San Sebastián, PV 20003, San Sebastián, 20003",San Sebastián,Saludable,Saludable|Mediterránea|Poke|Ensaladas,,,€,,,,False,False,,,https://www.ubereats.com/es-en/store/loco-bowl/beb47d12-a05b-5ad4-a444-fc3c47760d95,https://tb-static.uber.com/prod/image-proc/processed_images/6aa59a6cbc29a9d356bd1cf35d5d61c0/69ad85cd7b39888042b3bbf1c22d630d.jpeg,https://www.ubereats.com/es-en/city/zarautz-es-pv,CC-MAIN-2023-23
2023-06-,Zarautz,RFC - Renteria Fried Chicken,Uber Eats,"Avenida De Navarra 79, Errenteria, EMEA 20100, Errenteria, 20100",Errenteria,Americana,Americana|Pollo,,,€,,,,False,False,,,https://www.ubereats.com/es-en/store/rfc-renteria-fried-chicken/ec935005-9078-5815-96a7-b3bbd359ce3d,https://tb-static.uber.com/prod/image-proc/processed_images/1fa6371509d6a3c3bfe582d1d58ec2c3/820883a48567670acbd720bc76391291.jpeg,https://www.ubereats.com/es-en/city/zarautz-es-pv,CC-MAIN-2023-23
2023-06-,Zarautz,Bar Extremeño Alza Doner Kebab,Uber Eats,"Santa Barbara Kalea, 2, Donostia, EMEA 20017, Donostia, 20017",Donostia,Comida rápida,Comida rápida|De Oriente Medio|Tapas,,,€,,,,False,False,,,https://www.ubereats.com/es-en/store/bar-extremeno-alza-doner-kebab/b027f3ca-c40f-5bf4-b21f-050fa7558347,https://tb-static.uber.com/prod/image-proc/processed_images/8163dc94ee16b3107ef510cd4608f7fa/f7e27f77a1abfdaa9fab9b4ae7dab7cb.webp,https://www.ubereats.com/es-en/city/zarautz-es-pv,CC-MAIN-2023-23
2023-06-,Zarautz,Renteria Kebab,Uber Eats,"Avenida De Navarra 79, Errenteria, EMEA 20100, Errenteria, 20100",Errenteria,Hamburguesas,Hamburguesas|Pollo|Turca,,,€,,,,False,False,,,https://www.ubereats.com/es-en/store/renteria-kebab/d5750435-d5a7-5e2c-9fca-968ef144c771,https://tb-static.uber.com/prod/image-proc/processed_images/f776289d058b63cc7be4baf261e08c58/820883a48567670acbd720bc76391291.jpeg,https://www.ubereats.com/es-en/city/zarautz-es-pv,CC-MAIN-2023-23
2023-06-,Zarautz,GOXO POKE - Antiguo,Uber Eats,"Resurreccion M. Azkue Kalea, 3, Donostia, Gipuzkoa 20018, Donostia, 20018",Donostia,Americana,Americana|Saludable|Poke|Ensaladas,,,€,,,,False,False,,,https://www.ubereats.com/es-en/store/goxo-poke-antiguo/2bcf09f5-695f-50ed-a609-0149befa43ab,https://tb-static.uber.com/prod/image-proc/processed_images/d19de8ca189f17d1b07ff563f04499d9/a70f5c9df440d10213e93244e9eb7cad.jpeg,https://www.ubereats.com/es-en/city/zarautz-es-pv,CC-MAIN-2023-23
2023-06-,Zarautz,La Nonna Empanadas 🥟,Uber Eats,"Plaza De Carlos Santamaría 1, 4, San Sebastián, Gipuzkoa 20018, San Sebastián, 20018",San Sebastián,Empanada,Empanada|De Latinoamérica,,,€,,,,False,False,,,https://www.ubereats.com/es-en/store/la-nonna-empanadas/87dac9ef-e8d4-5bed-9e12-fab050451f13,https://tb-static.uber.com/prod/image-proc/processed_images/846196d728fe5beb1ae0e0ce18dfb0ea/f7e27f77a1abfdaa9fab9b4ae7dab7cb.jpeg,https://www.ubereats.com/es-en/city/zarautz-es-pv,CC-MAIN-2023-23
2023-06-,Zarautz,Antigua Fried Chicken,Uber Eats,"Tolosa Hiribidea, 79, Bajo, 20018 Donostia, Gipuzkoa, Spain, San Sebastián, PV 20018, San Sebastián, 20018",San Sebastián,Árabe,Árabe|Pollo,,,€,,,,False,False,,,https://www.ubereats.com/es-en/store/antigua-fried-chicken/8482da7c-2b82-5b70-b6da-44c6d9164990,https://tb-static.uber.com/prod/image-proc/processed_images/13cc167f068b9ee1f4a3584248201678/a70f5c9df440d10213e93244e9eb7cad.jpeg,https://www.ubereats.com/es-en/city/zarautz-es-pv,CC-MAIN-2023-23
2023-06-,Zarautz,Tandoori Mashala,Uber Eats,"Matia Kalea, 7, Donostia, Euskadi 20008, Donostia, 20008",Donostia,India,India|Rice &amp; Curry,,,€,,,,False,False,,,https://www.ubereats.com/es-en/store/tandoori-mashala/1031b69b-2489-486a-b8ed-2b7288e5e2ff,https://d1ralsognjng37.cloudfront.net/6a7dec0e-53f5-49dc-be14-57c0729e9521.jpeg,https://www.ubereats.com/es-en/city/zarautz-es-pv,CC-MAIN-2023-23
2023-06-,Zarautz,Munto Berri Café Bar,Uber Eats,"Goiko Galtzada Berria, 2, Donostia, Gipuzkoa 20009, Donostia, 20009",Donostia,Mediterránea,Mediterránea|Sándwich,,,€,,,,False,False,,,https://www.ubereats.com/es-en/store/munto-berri-cafe-bar/e68c24d3-89c8-50e4-a1e7-099f85f6f52d,https://tb-static.uber.com/prod/image-proc/processed_images/199fdaab697fa9445fdf302dbefa6168/820883a48567670acbd720bc76391291.jpeg,https://www.ubereats.com/es-en/city/zarautz-es-pv,CC-MAIN-2023-23
2023-06-,Zarautz,Restaurante Chino Nuevo Siglo,Uber Eats,"Euskal Herria Kalea, 8, Donostia, EMEA 20003, Donostia, 20003",Donostia,chinese,chinese|noodles,,,€,,,,False,False,,,https://www.ubereats.com/es-en/store/restaurante-chino-nuevo-siglo/45c783ad-cd15-52d5-b306-acb31ba7c1c9,https://tb-static.uber.com/prod/image-proc/processed_images/00e5eb9c5860d28df176a8351bc78622/820883a48567670acbd720bc76391291.jpeg,https://www.ubereats.com/es-en/city/zarautz-es-pv,CC-MAIN-2023-23
2023-06-,Zarautz,New Las Vegas,Uber Eats,"Kolon Pasealekua 8, San Sebastian, EMEA 20002, San Sebastian, 20002",San Sebastian,Hamburguesas,Hamburguesas|Americana|Sándwiches,,,€,,,,False,False,,,https://www.ubereats.com/es-en/store/new-las-vegas/3f86181b-583b-50e3-a749-779c66866536,https://tb-static.uber.com/prod/image-proc/processed_images/07602e719f5cacfac9b26f0421af456c/f7e27f77a1abfdaa9fab9b4ae7dab7cb.jpeg,https://www.ubereats.com/es-en/city/zarautz-es-pv,CC-MAIN-2023-23
2023-06-,Zarautz,Taj Mahal,Uber Eats,"Rio Deba Ibaia 2, Local A,, Donostia-San Sebastian, Basque Country 20012, Donostia-San Sebastian, 20012",Donostia-San Sebastian,India,India|Rice &amp; Curry|Vegetariana,,,€,,,,False,False,,,https://www.ubereats.com/es-en/store/taj-mahal/728bc7d9-fb7d-4d45-a539-802aa229d755,https://d1ralsognjng37.cloudfront.net/210910e1-557c-4b4f-88df-1c90d38039a6.jpeg,https://www.ubereats.com/es-en/city/zarautz-es-pv,CC-MAIN-2023-23
2023-06-,Zarautz,Brasayleña CC Garbera,Uber Eats,"C.C. Garbera Garbera Zeharbidea, Garberako, 1, Donostia-San Sebastián, EMEA 20017, Donostia-San Sebastián, 20017",Donostia-San Sebastián,Brasileña,Brasileña|Carne|Saludable|Comida rápida,,,€,,,,False,False,,,https://www.ubereats.com/es-en/store/brasaylena-cc-garbera/c64de4e8-7668-5b90-9b4e-54ac189368eb,https://d1ralsognjng37.cloudfront.net/e272fc04-1974-4e4f-8644-9d254d13c7bf.jpeg,https://www.ubereats.com/es-en/city/zarautz-es-pv,CC-MAIN-2023-23
2023-06-,Zarautz,Poke House 🐠 - San Sebastian,Uber Eats,"C.C. Garbera Garbera Zeharbidea, Garberako, 1, Donostia-San Sebastian, EMEA 20017, Donostia-San Sebastian, 20017",Donostia-San Sebastian,Hawaiana,Hawaiana|Poke,,,€,,,,False,False,,,https://www.ubereats.com/es-en/store/poke-house-san-sebastian/b8c2de52-e5a2-534b-804b-67c152431e99,https://tb-static.uber.com/prod/image-proc/processed_images/881e2fbd5b1795f6fb65d589e0332772/a70f5c9df440d10213e93244e9eb7cad.jpeg,https://www.ubereats.com/es-en/city/zarautz-es-pv,CC-MAIN-2023-23
2023-06-,Zarautz,HARAN DONER KEBAB,Uber Eats,"Paseo De Larratxo 37, Bajo, San Sebastián, PV 20017, San Sebastián, 20017",San Sebastián,Saludable,Saludable|Kebab|Turca,,,€,,,,False,False,,,https://www.ubereats.com/es-en/store/haran-doner-kebab/fdffff6d-00b8-4200-98c3-b758f2a21e4b,https://d1ralsognjng37.cloudfront.net/4fcd99d9-1527-4725-ae91-61542f8f021a.webp,https://www.ubereats.com/es-en/city/zarautz-es-pv,CC-MAIN-2023-23
2023-06-,Zarautz,Pizzeria Trintxerpe,Uber Eats,"Azkuene Kalea, 19, Pasaia, Gipuzkoa 20016, Pasaia, 20016",Pasaia,Italiana,Italiana|Pizza,,,€,,,,False,False,,,https://www.ubereats.com/es-en/store/pizzeria-trintxerpe/e357b49f-f8b7-5cf8-85fd-fe0311ce0bc0,https://tb-static.uber.com/prod/image-proc/processed_images/6bd5f292a96a98272ceea308d7587db7/a70f5c9df440d10213e93244e9eb7cad.jpeg,https://www.ubereats.com/es-en/city/zarautz-es-pv,CC-MAIN-2023-23
2023-06-,Zarautz,EL TAMAÑO IMPORTA,Uber Eats,"Euskadi Hiribidea 1, Pasaia, EMEA 20110, Pasaia, 20110",Pasaia,Ensaladas,Ensaladas|Sándwich|Española,,,€,,,,False,False,,,https://www.ubereats.com/es-en/store/el-tamano-importa/0f9f6fd5-df71-5c7d-bedc-cdb81fcec6b4,https://tb-static.uber.com/prod/image-proc/processed_images/2706019819dbd7802365f281da8ace65/69ad85cd7b39888042b3bbf1c22d630d.webp,https://www.ubereats.com/es-en/city/zarautz-es-pv,CC-MAIN-2023-23
2023-06-,Zarautz,QUE RICO,Uber Eats,"Avenida Euskadi 1, Pasaia, PV 20110, Pasaia, 20110",Pasaia,Ensaladas,Ensaladas|Hamburguesas|Pasta,,,€,,,,False,False,,,https://www.ubereats.com/es-en/store/que-rico/78983d5d-f18d-5362-9a9c-311224e9f637,https://tb-static.uber.com/prod/image-proc/processed_images/5f9f5bb0a90cbb83867888af2b67e69a/a70f5c9df440d10213e93244e9eb7cad.jpeg,https://www.ubereats.com/es-en/city/zarautz-es-pv,CC-MAIN-2023-23
2023-06-,Zarautz,Tandoori Taste,Uber Eats,"Ikutza Kortsarioa Kalea, 5, Errenteria, EMEA 20100, Errenteria, 20100",Errenteria,India,India|Rice &amp; Curry|Vegetariana,,,,,,,False,False,,,https://www.ubereats.com/es-en/store/tandoori-taste/b3abaced-aaf5-5b2e-9167-774036753bc6,https://tb-static.uber.com/prod/image-proc/processed_images/c3a065be64a18f1a999b6fbcb0f44f72/820883a48567670acbd720bc76391291.jpeg,https://www.ubereats.com/es-en/city/zarautz-es-pv,CC-MAIN-2023-23
2023-06-,Zarautz,Istambul Kebab Renteria,Uber Eats,"Oiartzun Kalea, 17, Renteria, EMEA 20100, renteria, 20100",renteria,Kebab,Kebab|De Oriente Medio,,,€,,,,False,False,,,https://www.ubereats.com/es-en/store/istambul-kebab-renteria/2b4e6c81-7f72-5304-9be3-487094269394,https://tb-static.uber.com/prod/image-proc/processed_images/7483a90c1d195aa5bd28f24d17f86f3d/f7e27f77a1abfdaa9fab9b4ae7dab7cb.webp,https://www.ubereats.com/es-en/city/zarautz-es-pv,CC-MAIN-2023-23
2023-06-,Zarautz,Restaurante Chino Sol,Uber Eats,"Jose Migel Iturriotz Kalea, 3, Bajo, Beasain, EMEA 20200, Beasain, 20200",Beasain,China,China|Fideos,,,€,,,,False,False,,,https://www.ubereats.com/es-en/store/restaurante-chino-sol/bbacfc40-2ac5-530e-80a5-d9a559b70991,https://tb-static.uber.com/prod/image-proc/processed_images/b5512e91f59e5f9ef876217862cf8e5d/69ad85cd7b39888042b3bbf1c22d630d.webp,https://www.ubereats.com/es-en/city/zarautz-es-pv,CC-MAIN-2023-23
2023-06-,Zarautz,GOXOA Take Away,Uber Eats,"Zaldizurreta Kalea, 7, Beasain, Gipuzkoa 20200, Beasain, 20200",Beasain,Americana,Americana|Hamburguesas|Sándwich,,,€,,,,False,False,,,https://www.ubereats.com/es-en/store/goxoa-take-away/cd751e4a-705d-5cec-8e6d-8ad21d4b1b22,https://tb-static.uber.com/prod/image-proc/processed_images/8cb0d8a851820c0e7641737063e2678e/820883a48567670acbd720bc76391291.jpeg,https://www.ubereats.com/es-en/city/zarautz-es-pv,CC-MAIN-2023-23
2023-06-,Zarautz,Eguzki Argi Kebab,Uber Eats,"Bizkaia Kalea 27, Zarautz, EMEA 20800, Zarautz, 20800",Zarautz,kebab,kebab|pizza|turkish,,,€,,,,False,False,,,https://www.ubereats.com/es-en/store/eguzki-argi-kebab/d36d0fe5-b6fa-5550-b731-8afbbe8e5d3f,https://tb-static.uber.com/prod/image-proc/processed_images/d38910b49fd68412a612f03aa6d846c3/820883a48567670acbd720bc76391291.jpeg,https://www.ubereats.com/es-en/city/zarautz-es-pv,CC-MAIN-2023-23
2023-06-,Zarautz,Il Capo,Uber Eats,"Geltoki Kalea, 3, Zarautz, EMEA 20800, Zarautz, 20800",Zarautz,Italiana,Italiana|Pasta|Pizza,,,,,,,False,False,,,https://www.ubereats.com/es-en/store/il-capo/f3390b26-bfce-5be6-ac6e-189e7d41a88e,https://tb-static.uber.com/prod/image-proc/processed_images/0fe89e1e73c0d7edb8e36b4b6f2634a8/f7e27f77a1abfdaa9fab9b4ae7dab7cb.webp,https://www.ubereats.com/es-en/city/zarautz-es-pv,CC-MAIN-2023-23
2023-06-,Zarautz,Burger King - San Sebastián - Okendo,Uber Eats,"Okendo Kalea, 2 San Sebastian, San Sebastián, Spain 20004, San Sebastián, 20004",San Sebastián,Americana,Americana|Hamburguesas|Comida rápida,,,€,,,,False,False,,,https://www.ubereats.com/es-en/store/burger-king-san-sebastian-okendo/9826f708-b270-44c3-a72c-7f94e9e373ac,https://tb-static.uber.com/prod/image-proc/processed_images/b48b65e32b97742e436cd9edcc5c55a9/a70f5c9df440d10213e93244e9eb7cad.jpeg,https://www.ubereats.com/es-en/city/zarautz-es-pv,CC-MAIN-2023-23
2023-06-,Zarautz,"DIA - Eustasio Amilibia, 8-9",Uber Eats,"Eustasio Amilibia, 8-9, Donostia/San Sebastián, Spain 20011, Donostia/San Sebastián, 20011",Donostia/San Sebastián,Tienda de comestibles,Tienda de comestibles|Supermarket,,,€,,,,False,False,,,https://www.ubereats.com/es-en/store/dia-eustasio-amilibia-8-9/3cf9cfe0-d116-526a-9fa3-596cfb06ddcf,https://tb-static.uber.com/prod/image-proc/processed_images/6bb4092665988658ac5efc497b62aeff/820883a48567670acbd720bc76391291.jpeg,https://www.ubereats.com/es-en/city/zarautz-es-pv,CC-MAIN-2023-23
2023-06-,Zarautz,Goiko - Bergara,Uber Eats,"Bergara Kalea, 14, Donostia, PV 20005, Donostia, 20005",Donostia,Americana,Americana|Hamburguesas,,,,,,,False,False,,,https://www.ubereats.com/es-en/store/goiko-bergara/c60202bb-712c-41f0-9c69-785077b8d30b,https://tb-static.uber.com/prod/image-proc/processed_images/7ef708f4ffeb14fc92e993a9edf6fa28/a70f5c9df440d10213e93244e9eb7cad.jpeg,https://www.ubereats.com/es-en/city/zarautz-es-pv,CC-MAIN-2023-23
2023-06-,Zarautz,Grosso Napoletano Donosti Centro,Uber Eats,"Garibai Kalea 22, Donostia, EMEA 20004, Donostia, 20004",Donostia,Italiana,Italiana|Pizza,,,,,,,False,False,,,https://www.ubereats.com/es-en/store/grosso-napoletano-donosti-centro/2ab052f4-66eb-5d92-96ad-c431093087d2,https://tb-static.uber.com/prod/image-proc/processed_images/0f9008f0d2c329c5dadb4142f20afdbf/a70f5c9df440d10213e93244e9eb7cad.jpeg,https://www.ubereats.com/es-en/city/zarautz-es-pv,CC-MAIN-2023-23
2023-06-,Zarautz,Taco Bell - CC Garbera (Donosti),Uber Eats,"C.C. Garbera Garbera Zeharbidea, Garberako, 1, San Sebastian, Spain 20017, San Sebastian, 20017",San Sebastian,Pollo,Pollo|Comida rápida|Mexicana|Tacos,,,€,,,,False,False,,,https://www.ubereats.com/es-en/store/taco-bell-cc-garbera-donosti/e89e306e-f11e-5849-9efc-d02c5fb1c7e8,https://tb-static.uber.com/prod/image-proc/processed_images/b84985078ed512e09abd655bbf2bd09c/a70f5c9df440d10213e93244e9eb7cad.jpeg,https://www.ubereats.com/es-en/city/zarautz-es-pv,CC-MAIN-2023-23
2023-06-,Zarautz,MAA KEBAB,Uber Eats,"Balleneros Kalea 14, Donostia, EMEA 20011, Donostia, 20011",Donostia,Pollo,Pollo|Kebab|De Oriente Medio,,,€,,,,False,False,,,https://www.ubereats.com/es-en/store/maa-kebab/1c437ddb-b871-5b39-9ce4-302f40ac09da,https://tb-static.uber.com/prod/image-proc/processed_images/0892c2a2a8eca7fa6419b4b766ad2482/a70f5c9df440d10213e93244e9eb7cad.jpeg,https://www.ubereats.com/es-en/city/zarautz-es-pv,CC-MAIN-2023-23
2023-06-,Zarautz,Domino's - Irun,Uber Eats,"Luis Mariano Kalea, 11, 20302, Irún, Guipuzcoa, Irún, Spain, Spain 20302, Irún, Spain, 20302","Irún, Spain",Americana,Americana|Comida rápida|Pizza,,,€,,,,False,False,,,https://www.ubereats.com/es-en/store/dominos-irun/fb425ee6-2bdb-4613-8d7c-f793e01d1665,https://d1ralsognjng37.cloudfront.net/96abd466-4069-4567-a3e7-f95fc6e67084.jpeg,https://www.ubereats.com/es-en/city/zarautz-es-pv,CC-MAIN-2023-23
2023-06-,Zarautz,Hernani Kebab,Uber Eats,"Calle De Izpizua 21, Hernani, PV 20120, Hernani, 20120",Hernani,Halal,Halal|Turca|Ensaladas,,,€,,,,False,False,,,https://www.ubereats.com/es-en/store/hernani-kebab/ddfb1339-92ca-5d19-851a-65f8b44546f8,https://tb-static.uber.com/prod/image-proc/processed_images/581150cadaaaf59c105a78178bac56c3/a70f5c9df440d10213e93244e9eb7cad.jpeg,https://www.ubereats.com/es-en/city/zarautz-es-pv,CC-MAIN-2023-23
2023-06-,Zarautz,Hijos de Escobar Tacos &amp; Tragos,Uber Eats,"Restaurante Brasayleña En Centro Comercial Garbera - Garbera Zeharbidea, Garberako, 1, 20017 Donostia-San Sebastián, Gipuzkoa, España., Donostia- San Sebastian, Pais Vasco 20017, Donostia- San Sebastian, 20017",Donostia- San Sebastian,Mexicana,Mexicana|Tacos,,,€,,,,False,False,,,https://www.ubereats.com/es-en/store/hijos-de-escobar-tacos-&amp;-tragos/de625469-f363-5231-83aa-19158d43b7fb,https://tb-static.uber.com/prod/image-proc/processed_images/adb3ec82eca8e1739f7e7bf0eb0c98a2/820883a48567670acbd720bc76391291.jpeg,https://www.ubereats.com/es-en/city/zarautz-es-pv,CC-MAIN-2023-23
2023-06-,Zarautz,Estrella Roja Doner Kebab Herrera,Uber Eats,"Herrera Pasealekua, 5, Donostia, Euskadi 20017, Donostia, 20017",Donostia,Árabe,Árabe|Ensaladas|Sándwich,,,€,,,,False,False,,,https://www.ubereats.com/es-en/store/estrella-roja-doner-kebab-herrera/da1d6466-ee03-4783-bf84-a4cc85ee1761,https://d1ralsognjng37.cloudfront.net/8c4de606-3662-4897-a865-4d46719da1a1.jpeg,https://www.ubereats.com/es-en/city/zarautz-es-pv,CC-MAIN-2023-23
2023-06-,Zarautz,Estrella Roja - Lasarte,Uber Eats,"Kale Nagusia, 25, Lasarte-Oria, Gipuzkoa 20160, Lasarte-Oria, 20160",Lasarte-Oria,Americana,Americana|Hamburguesas|Pollo|Comida rápida|Vegetariana,,,€,,,,False,False,,,https://www.ubereats.com/es-en/store/estrella-roja-lasarte/72f67937-164a-5584-98df-5a1cbda90ab4,https://tb-static.uber.com/prod/image-proc/processed_images/5830f11733992e01c039531b7a749c68/820883a48567670acbd720bc76391291.jpeg,https://www.ubereats.com/es-en/city/zarautz-es-pv,CC-MAIN-2023-23
2023-06-,Zarautz,Azpeitia Kebab &amp; Pizzeria,Uber Eats,"Artzubia Hiribidea, 47, Azpeitia, Gipuzkoa 20730, Azpeitia, 20730",Azpeitia,fastfood,fastfood|kebab|turkish|De Oriente Medio|Falafel|Comidas asequibles|Bebidas|Aperitivos|Alitas de pollo|Pollo|Pollo|Pizza|Marisco|Fish &amp; Seafood|Sándwich|Sándwiches|Hamburguesas|Queso|Con opciones vegetarianas|Plant Based|Vegetariana|Hawaiana|Halal|Barbacoa|Parrilla|Marroquí|Platos con arroz|To Share|whatever|Comfort Food|Burritos,,,€,,,,False,False,,,https://www.ubereats.com/es-en/store/azpeitia-kebab-&amp;-pizzeria/e4cb0090-257b-5a30-a350-246ec91f66f5,https://tb-static.uber.com/prod/image-proc/processed_images/d38910b49fd68412a612f03aa6d846c3/820883a48567670acbd720bc76391291.jpeg,https://www.ubereats.com/es-en/city/zarautz-es-pv,CC-MAIN-2023-23
2023-06-,Zarautz,Sushi Donosti Kisoro Restaurante Japonés,Uber Eats,"Matia Kalea 52, Donostia, EMEA 20008, Donostia, 20008",Donostia,Japonesa,Japonesa|Sushi,,,€,,,,False,False,,,https://www.ubereats.com/es-en/store/sushi-donosti-kisoro-restaurante-japones/b53d6040-8383-413d-a3eb-1cc57a4593d5,https://d1ralsognjng37.cloudfront.net/53b6bc6b-c812-40b9-8ac5-ecc09c21474d.jpeg,https://www.ubereats.com/es-en/city/zarautz-es-pv,CC-MAIN-2023-23
2023-06-,Zarautz,Bar Arretxe,Uber Eats,"Paseo De Lugáritz 23, San Sebastián, EMEA 20009, San Sebastián, 20009",San Sebastián,Mediterránea,Mediterránea|Sándwich|Tapas,,,€,,,,False,False,,,https://www.ubereats.com/es-en/store/bar-arretxe/666b6ded-8b87-479b-aecd-61564fcd72b2,https://d1ralsognjng37.cloudfront.net/044e054d-a084-4072-b484-9afcfbba190b.webp,https://www.ubereats.com/es-en/city/zarautz-es-pv,CC-MAIN-2023-23
2023-06-,Zarautz,Bide Berri,Uber Eats,"Estella Lizarra 5, San Sebastián, EMEA 20006, San Sebastián, 20006",San Sebastián,Mediterránea,Mediterránea|Griega|Vegetariana,,,€,,,,False,False,,,https://www.ubereats.com/es-en/store/bide-berri/f99e9cdd-b118-4ff4-93b5-a7113abc9d7c,https://d1ralsognjng37.cloudfront.net/6255d565-1547-46c0-bae2-5feb3e4bebd7.jpeg,https://www.ubereats.com/es-en/city/zarautz-es-pv,CC-MAIN-2023-23
2023-06-,Zarautz,Qasim's Doner Kebab,Uber Eats,"Amara Kalea, 3, 20006, San Sebastián, 20006",San Sebastián,Turca,Turca|Alitas de pollo,,,€,,,,False,False,,,https://www.ubereats.com/es-en/store/qasims-doner-kebab/240033b6-d47d-440a-9fe7-de78887c2185,https://d1ralsognjng37.cloudfront.net/470dbdd3-749f-4a58-9d09-d5152c4be44d.jpeg,https://www.ubereats.com/es-en/city/zarautz-es-pv,CC-MAIN-2023-23
2023-06-,Zarautz,El Quijote,Uber Eats,"Miramar Kalea, 5, Donostia, EMEA 20004, Donostia, 20004",Donostia,Mediterránea,Mediterránea|Pizza|Sándwich,,,€,,,,False,False,,,https://www.ubereats.com/es-en/store/el-quijote/57f8234c-43b4-5abb-bb55-3860668a3f93,https://tb-static.uber.com/prod/image-proc/processed_images/6863873499a4c368aeca2a42bcacb838/a70f5c9df440d10213e93244e9eb7cad.jpeg,https://www.ubereats.com/es-en/city/zarautz-es-pv,CC-MAIN-2023-23
2023-06-,Zarautz,Estrella Roja - Pollo frito,Uber Eats,"Enbeltran Kalea, 4, Donostia, Gipuzkoa 20003, Donostia, 20003",Donostia,Americana,Americana|Pollo|Alitas de pollo,,,€,,,,False,False,,,https://www.ubereats.com/es-en/store/estrella-roja-pollo-frito/46d0640c-905b-5012-a70f-59332013c525,https://tb-static.uber.com/prod/image-proc/processed_images/a0c270630254b2a855b711ff0622a31d/a70f5c9df440d10213e93244e9eb7cad.jpeg,https://www.ubereats.com/es-en/city/zarautz-es-pv,CC-MAIN-2023-23
2023-06-,Zarautz,PIZZA FATTA DONOSTI,Uber Eats,"Plaza De La Constitución 3, San Sebastián, PV 20003, San Sebastián, 20003",San Sebastián,Pizza,Pizza|Postres|Italiana,,,€,,,,False,False,,,https://www.ubereats.com/es-en/store/pizza-fatta-donosti/84e1788f-8c4f-5cd2-8daa-8b95922b0dbb,https://tb-static.uber.com/prod/image-proc/processed_images/a3bc4e28edad694db67d30556ccefda9/69ad85cd7b39888042b3bbf1c22d630d.webp,https://www.ubereats.com/es-en/city/zarautz-es-pv,CC-MAIN-2023-23
2023-06-,Zarautz,BURGER PLAZA,Uber Eats,"Plaza De La Constitución 3, San Sebastián, PV 20003, San Sebastián, 20003",San Sebastián,Comida rápida,Comida rápida|Hamburguesas|Bebidas,,,€,,,,False,False,,,https://www.ubereats.com/es-en/store/burger-plaza/497138ef-111c-5d94-a615-eb59eb838e68,https://tb-static.uber.com/prod/image-proc/processed_images/332797642a89ffc94c132d7c5909af03/69ad85cd7b39888042b3bbf1c22d630d.webp,https://www.ubereats.com/es-en/city/zarautz-es-pv,CC-MAIN-2023-23
2023-06-,Zarautz,Estrella Roja - Parte Vieja,Uber Eats,"Enbeltran Kalea, 4, Donostia, Gipuzkoa 20003, Donostia, 20003",Donostia,Turca,Turca|Kebab|Hamburguesas,,,€,,,,False,False,,,https://www.ubereats.com/es-en/store/estrella-roja-parte-vieja/9de99f0f-0ed2-5333-a841-99681e99200f,https://tb-static.uber.com/prod/image-proc/processed_images/19ce014059b021bf56cc20a0faff55ab/820883a48567670acbd720bc76391291.jpeg,https://www.ubereats.com/es-en/city/zarautz-es-pv,CC-MAIN-2023-23
2023-06-,Zarautz,Urbieta 27,Uber Eats,"Del Buen Pastor Plaza 14, Donostia, EMEA 20005, Donostia, 20005",Donostia,Mediterránea,Mediterránea|Griega|Vegetariana,,,€,,,,False,False,,,https://www.ubereats.com/es-en/store/urbieta-27/48ea726e-b92e-4529-9e6c-1f67d312fedb,https://d1ralsognjng37.cloudfront.net/0b85cd91-8bfb-406e-b3fd-a359dce46fff.jpeg,https://www.ubereats.com/es-en/city/zarautz-es-pv,CC-MAIN-2023-23
2023-06-,Pulianas,Burger Almunia,Uber Eats,"Calle Periodista Eugenio Selles, 10, Granada, 18014, EMEA 18014, Granada, 18014",Granada,Americana,Americana|Comida rápida|Tapas,,,€,,,,False,False,,,https://www.ubereats.com/es-en/store/burger-almunia/ff872b04-0553-5b5c-88d0-20a766575d61,https://tb-static.uber.com/prod/image-proc/processed_images/ac6e5cad21955c995444f05a488a7caf/a70f5c9df440d10213e93244e9eb7cad.jpeg,https://www.ubereats.com/es-en/city/pulianas-es-an,CC-MAIN-2023-23
2023-06-,Pulianas,Kebab Almunia,Uber Eats,"Calle Periodista Eugenio Selles, 6, Granada, Andalucía 18014, Granada, 18014",Granada,Comida rápida,Comida rápida|Halal|Kebab|Turca,,,€,,,,False,False,,,https://www.ubereats.com/es-en/store/kebab-almunia/a12263f6-0e27-4afd-9ad8-09aa556b2cc3,https://tb-static.uber.com/prod/image-proc/processed_images/81134a043673253464e7fdfac912a3d4/a70f5c9df440d10213e93244e9eb7cad.jpeg,https://www.ubereats.com/es-en/city/pulianas-es-an,CC-MAIN-2023-23
2023-06-,Pulianas,Fundación Infantil Ronald McDonald - Granada,Uber Eats,"Camino De La Zarzuela 21 2c, 28023, Madrid, Spain 28023, Madrid, 28023",Madrid,Americana,Americana,,,€,,,,False,False,,,https://www.ubereats.com/es-en/store/fundacion-infantil-ronald-mcdonald-granada/083e4d41-04a1-4c6c-900c-0fcbcd2eb445,https://d1ralsognjng37.cloudfront.net/88a84f1d-41cc-4943-92a6-757a778eabed.jpeg,https://www.ubereats.com/es-en/city/pulianas-es-an,CC-MAIN-2023-23
2023-06-,Pulianas,Shawarma Kebab,Uber Eats,"Calle Almenillas N 4, Granada, AN 18003, Granada, 18003",Granada,Árabe,Árabe|Pizza|Ensaladas,,,€,,,,False,False,,,https://www.ubereats.com/es-en/store/shawarma-kebab/39952067-3fac-426e-8de5-4d1c690a94d7,https://d1ralsognjng37.cloudfront.net/6e96213c-b938-4087-81b7-57d1d4349908.jpeg,https://www.ubereats.com/es-en/city/pulianas-es-an,CC-MAIN-2023-23
2023-06-,Pulianas,Shawarma Kebab Doma,Uber Eats,"Calle Almenillas , 4, Granada, AN 18003, Granada, 18003",Granada,Falafel,Falafel|Kebab|Turca,,,€,,,,False,False,,,https://www.ubereats.com/es-en/store/shawarma-kebab-doma/f23318d4-68b1-57a1-ac99-ec8ff920c09f,https://tb-static.uber.com/prod/image-proc/processed_images/b48e998f6a4dcb653bf20d4f0d314865/820883a48567670acbd720bc76391291.jpeg,https://www.ubereats.com/es-en/city/pulianas-es-an,CC-MAIN-2023-23
2023-06-,Pulianas,Casa de Pizza y Kebab - Granada,Uber Eats,"Calle Joaquina Eguaras, 23, Granada, EMEA 18013, Granada, 18013",Granada,Halal,Halal|Kebab|Turca,,,€,,,,False,False,,,https://www.ubereats.com/es-en/store/casa-de-pizza-y-kebab-granada/8abe284b-b927-4e64-99bb-e8379148fdef,https://d1ralsognjng37.cloudfront.net/eb1333a6-200d-4f2c-b956-de14792c7a6b.jpeg,https://www.ubereats.com/es-en/city/pulianas-es-an,CC-MAIN-2023-23
2023-06-,Pulianas,Royal Pizza,Uber Eats,"Plaza Del Dr. López Neyra, 3, 18012, Granada, 18012",Granada,Italiana,Italiana|Pizza|Comida rápida,,,€,,,,False,False,,,https://www.ubereats.com/es-en/store/royal-pizza/97bf87fc-472e-4338-b5b7-0bdb3fe048e4,https://tb-static.uber.com/prod/image-proc/processed_images/a14f9c6d99ae5d5034d278930d045a3c/a70f5c9df440d10213e93244e9eb7cad.jpeg,https://www.ubereats.com/es-en/city/pulianas-es-an,CC-MAIN-2023-23
2023-06-,Pulianas,Subarashi Sushi,Uber Eats,"Calle Dr. Oloriz, 14, Granada, AL 18012, Granada, 18012",Granada,Asiática,Asiática|Sushi,,,€,,,,False,False,,,https://www.ubereats.com/es-en/store/subarashi-sushi/72ed7fba-5750-47ee-89a8-edb6c80a8be8,https://d1ralsognjng37.cloudfront.net/ae447511-a6c7-4bb0-966a-76c8348737b1.jpeg,https://www.ubereats.com/es-en/city/pulianas-es-an,CC-MAIN-2023-23
2023-06-,Pulianas,Carl's Jr - Granaíta,Uber Eats,"Parque Comercial Granaíta - Calle Luis Buñuel, 6, Granada, Spain 18197, Granada, 18197",Granada,Americana,Americana,,,€,,,,False,False,,,https://www.ubereats.com/es-en/store/carls-jr-granaita/1cdf5225-aa00-5ed9-a429-91cf664f5c3c,https://d1ralsognjng37.cloudfront.net/7efd4888-f22b-4ced-9dd5-48f79d52ec9c.jpeg,https://www.ubereats.com/es-en/city/pulianas-es-an,CC-MAIN-2023-23
2023-06-,Pulianas,Grazie Mille Granada,Uber Eats,"Calle Periodista Jose María Carulla, N°2, Granada, EMEA 18014, Granada, 18014",Granada,Italiana,Italiana|Pasta,,,€,,,,False,False,,,https://www.ubereats.com/es-en/store/grazie-mille-granada/b7c0260b-1189-4019-90b6-f32b1c56dda1,https://d1ralsognjng37.cloudfront.net/1c57311e-2b63-4977-b702-11d742a05c22.jpeg,https://www.ubereats.com/es-en/city/pulianas-es-an,CC-MAIN-2023-23
2023-06-,Pulianas,Al Pan Pan y Al Vino Vino BURGERS &amp; MORE,Uber Eats,"Calle Horno De Haza, S/N, Granada, EMEA 18002, Granada, 18002",Granada,Americana,Americana|Barbacoa|Comida rápida|Alitas de pollo,,,€,,,,False,False,,,https://www.ubereats.com/es-en/store/al-pan-pan-y-al-vino-vino-burgers-&amp;-more/51e1c0e9-61dd-479a-8d07-94a4e9ebf7b3,https://d1ralsognjng37.cloudfront.net/2c828d26-e103-4924-a8a0-93f216aa8067.jpeg,https://www.ubereats.com/es-en/city/pulianas-es-an,CC-MAIN-2023-23
2023-06-,Pulianas,Localino Italiano,Uber Eats,"Plaza Barranco N1, Local 3, Granada, EMEA 18200, Granada, 18200",Granada,Italiana,Italiana|Pasta|Ensaladas,,,€,,,,False,False,,,https://www.ubereats.com/es-en/store/localino-italiano/f590e353-12ed-4008-b6ff-9e15645d7a73,https://d1ralsognjng37.cloudfront.net/9da6c166-2c1a-43fe-b6e5-18209e93c3b0.webp,https://www.ubereats.com/es-en/city/pulianas-es-an,CC-MAIN-2023-23
2023-06-,Pulianas,No Mames Wey - Granada,Uber Eats,"Calle Del Doctor Marañón 8, Granada, AN 18012, Granada, 18012",Granada,Mexicana,Mexicana|Tacos|Burritos|Nueva cocina mexicana|De Latinoamérica,,,,,,,False,False,,,https://www.ubereats.com/es-en/store/no-mames-wey-granada/56f5802e-d310-5e11-a71a-d95ac031695f,https://tb-static.uber.com/prod/image-proc/processed_images/4ba33d719a029e732918327ae5eb6700/a70f5c9df440d10213e93244e9eb7cad.jpeg,https://www.ubereats.com/es-en/city/pulianas-es-an,CC-MAIN-2023-23
2023-06-,Pulianas,Restaurante Chino Oriental 🍜,Uber Eats,"Avenida De Juan Pablo Ii 94, Granada, EMEA 18013, Granada, 18013",Granada,Asiática,Asiática|Platos con arroz,,,,,,,False,False,,,https://www.ubereats.com/es-en/store/restaurante-chino-oriental/4893436a-cee7-57d6-be21-24a51019d6b0,https://tb-static.uber.com/prod/image-proc/processed_images/dd822968eb5fb197bb44baea982fbeb0/69ad85cd7b39888042b3bbf1c22d630d.webp,https://www.ubereats.com/es-en/city/pulianas-es-an,CC-MAIN-2023-23
2023-06-,Pulianas,D' Tacos,Uber Eats,"Plaza Del Dr. López Neyra, 3, 18012, Granada, 18012",Granada,Comida rápida,Comida rápida|Kebab|Turca,,,€,,,,False,False,,,https://www.ubereats.com/es-en/store/d-tacos/3a74b287-e7fc-4930-bd64-2b338c74f6e4,https://d1ralsognjng37.cloudfront.net/3b911c49-9de7-49f6-bc59-3e7cacd018a8.jpeg,https://www.ubereats.com/es-en/city/pulianas-es-an,CC-MAIN-2023-23
2023-06-,Pulianas,Freiduría Lute y Jesús Granada Norte,Uber Eats,"C. Arzobispo Pedro De Castro, 23, Granada, EMEA 18013, Granada, 18013",Granada,Española,Española|Marisco|Mediterránea,,,€,,,,False,False,,,https://www.ubereats.com/es-en/store/freiduria-lute-y-jesus-granada-norte/f2e65ec0-755b-5a0e-99a2-1bdfd49dde7e,https://tb-static.uber.com/prod/image-proc/processed_images/ca350c4eee1bc08385fd5aa13bf05967/a70f5c9df440d10213e93244e9eb7cad.jpeg,https://www.ubereats.com/es-en/city/pulianas-es-an,CC-MAIN-2023-23
2023-06-,Pulianas,Burguer Kebab,Uber Eats,"Carretera De Málaga 86, Granada, EMEA 18015, Granada, 18015",Granada,Turca,Turca|Kebab,,,,,,,False,False,,,https://www.ubereats.com/es-en/store/burguer-kebab/bbb71f2d-5228-54a2-af0c-a1ca6577af73,https://tb-static.uber.com/prod/image-proc/processed_images/e5bd1199e948cf36932e0539260af106/a70f5c9df440d10213e93244e9eb7cad.jpeg,https://www.ubereats.com/es-en/city/pulianas-es-an,CC-MAIN-2023-23
2023-06-,Pulianas,Cafeteria EXIT,Uber Eats,"Av. De Juan Pablo Ii, 33,, Granada, EMEA 18014, Granada, 18014",Granada,Desayuno y brunch,Desayuno y brunch|Café,,,€,,,,False,False,,,https://www.ubereats.com/es-en/store/cafeteria-exit/e8b3fa2c-ef4c-5cab-81a0-efd9566f54c7,https://tb-static.uber.com/prod/image-proc/processed_images/11018adc8691668c4830bedba0708dc8/69ad85cd7b39888042b3bbf1c22d630d.webp,https://www.ubereats.com/es-en/city/pulianas-es-an,CC-MAIN-2023-23
2023-06-,Pulianas,California Chicken - Granaíta,Uber Eats,"Parque Comercial Granaíta - Calle Luis Buñuel, 6, Granada, EMEA 18197, Granada, 18197",Granada,Americana,Americana|Pollo,,,€,,,,False,False,,,https://www.ubereats.com/es-en/store/california-chicken-granaita/5d83bd7d-f6b5-5b89-bc22-7fb9425c86d5,https://tb-static.uber.com/prod/image-proc/processed_images/e51934b19a01f28827eaa0aac92cd36d/a70f5c9df440d10213e93244e9eb7cad.jpeg,https://www.ubereats.com/es-en/city/pulianas-es-an,CC-MAIN-2023-23
2023-06-,Pulianas,Greens - Granada,Uber Eats,"Avenida De José Comino, Maracena, Granada 18200, Maracena, 18200",Maracena,Burritos,Burritos|Hawaiana|Saludable|Poke,,,,,,,False,False,,,https://www.ubereats.com/es-en/store/greens-granada/fd1adc97-f44f-5d0c-97bb-d0f663cd020a,https://tb-static.uber.com/prod/image-proc/processed_images/b00cf24fcc2e15e3f5224bea47118d40/4f48e715b6c05b9b00c3fc436b4eb65f.jpeg,https://www.ubereats.com/es-en/city/pulianas-es-an,CC-MAIN-2023-23
2023-06-,Pulianas,Mundo Kebab Pizza Halal,Uber Eats,"Calle Santa Brígida 2, Maracena, EMEA 18200, Maracena, 18200",Maracena,Kebab,Kebab|Turca,,,€,,,,False,False,,,https://www.ubereats.com/es-en/store/mundo-kebab-pizza-halal/0f13a5d5-a335-53b2-a71c-5af9afad63b4,https://tb-static.uber.com/prod/image-proc/processed_images/b4b06a1dcd2eae58d74c94186817b5a2/a70f5c9df440d10213e93244e9eb7cad.jpeg,https://www.ubereats.com/es-en/city/pulianas-es-an,CC-MAIN-2023-23
2023-06-,Pulianas,Kabab King N2,Uber Eats,"Calle Andalucía, 4, Maracena, EMEA 18200, Maracena, 18200",Maracena,Árabe,Árabe|Comida rápida|Halal|Sándwich,,,€,,,,False,False,,,https://www.ubereats.com/es-en/store/kabab-king-n2/875887d9-7817-47d1-a6fe-01cddf144a37,https://d1ralsognjng37.cloudfront.net/255bb587-44e4-40cc-97ba-11df3cbeef46.jpeg,https://www.ubereats.com/es-en/city/pulianas-es-an,CC-MAIN-2023-23
2023-06-,Pulianas,Churreria Mari Paz 5,Uber Eats,"Calle Emilia Pardo Bazan N 8, Granada, EMEA 18013, Granada, 18013",Granada,Americana,Americana|Sándwich,,,€,,,,False,False,,,https://www.ubereats.com/es-en/store/churreria-mari-paz-5/085551a5-804e-491e-8021-6e76ba21dff9,https://d1ralsognjng37.cloudfront.net/c46263a1-8291-445f-b4d2-953ba7b5e242.webp,https://www.ubereats.com/es-en/city/pulianas-es-an,CC-MAIN-2023-23
2023-06-,Pulianas,Pizzería Vulcano,Uber Eats,"Calle San Ambrosio, 29, Granada, 18013, Granada, 18013",Granada,Italiana,Italiana|Pizza,,,€,,,,False,False,,,https://www.ubereats.com/es-en/store/pizzeria-vulcano/b10d54ed-b0bd-43d1-841d-410c15797a36,https://duyt4h9nfnj50.cloudfront.net/resized/1528386878492-w2880-2c.jpg,https://www.ubereats.com/es-en/city/pulianas-es-an,CC-MAIN-2023-23
2023-06-,Pulianas,Steak Burger Maracena,Uber Eats,"C. Encrucijada, 19,, Maracena,, EMEA 18200, Maracena,, 18200","Maracena,",Española,Española|Carne|Hamburguesas,,,€€,,,,False,False,,,https://www.ubereats.com/es-en/store/steak-burger-maracena/246b42a9-3c4e-5481-b0ae-9eef336266f9,https://tb-static.uber.com/prod/image-proc/processed_images/2ea649fb283aaa1ed660ccabaf6c7b7c/a70f5c9df440d10213e93244e9eb7cad.jpeg,https://www.ubereats.com/es-en/city/pulianas-es-an,CC-MAIN-2023-23
2023-06-,Pulianas,SuperCamperos by Native 🔥,Uber Eats,"Calle Gonzalo Gallas 17, Granada, EMEA 18003, Granada, 18003",Granada,Hamburguesas,Hamburguesas|Mediterránea|Pizza,,,€,,,,False,False,,,https://www.ubereats.com/es-en/store/supercamperos-by-native/2831f8ee-96ba-5daf-9e24-79576bee04c8,https://tb-static.uber.com/prod/image-proc/processed_images/772f207c65bfe1a90799f134bceed884/a70f5c9df440d10213e93244e9eb7cad.jpeg,https://www.ubereats.com/es-en/city/pulianas-es-an,CC-MAIN-2023-23
2023-06-,Pulianas,Shawarma Estambul,Uber Eats,"Plaza De Tartesos, 4, 18200, Maracena, 18200",Maracena,Comida rápida,Comida rápida|Turca|Ensaladas|Pizza,,,€,,,,False,False,,,https://www.ubereats.com/es-en/store/shawarma-estambul/5de059b4-4619-4af3-965a-b8ade749b8ab,https://d1ralsognjng37.cloudfront.net/2e9a6f99-f487-4d6c-8b2b-e58b3c953bdc.jpeg,https://www.ubereats.com/es-en/city/pulianas-es-an,CC-MAIN-2023-23
2023-06-,Pulianas,Restaurante La Fiorentina,Uber Eats,"Av. Dr. López Cantarero Ballesteros, 22, Maracena, AN 18200, Maracena, 18200",Maracena,Italiana,Italiana|Pizza,,,€,,,,False,False,,,https://www.ubereats.com/es-en/store/restaurante-la-fiorentina/19ee3af5-457e-5d30-bed9-9ca165468119,https://tb-static.uber.com/prod/image-proc/processed_images/0b7c9d9a2ecdd49dd2d8ee13a3efd61b/69ad85cd7b39888042b3bbf1c22d630d.webp,https://www.ubereats.com/es-en/city/pulianas-es-an,CC-MAIN-2023-23
2023-06-,Pulianas,Burgers Lovers,Uber Eats,"Calle Horno De Haza 40, Granada, EMEA 18002, Granada, 18002",Granada,Americana,Americana|Hamburguesas|Sándwich,,,€,,,,False,False,,,https://www.ubereats.com/es-en/store/burgers-lovers/e0f78590-080f-576f-8478-ca89dc5ff60e,https://tb-static.uber.com/prod/image-proc/processed_images/594013d82ebd28d69bf602ed824f6d43/a70f5c9df440d10213e93244e9eb7cad.jpeg,https://www.ubereats.com/es-en/city/pulianas-es-an,CC-MAIN-2023-23
2023-06-,Pulianas,Ginos - Granaita,Uber Eats,"Luis Buñuel 6, Granada, Spain, Spain 18197, Granada, Spain, 18197","Granada, Spain",Italiana,Italiana|Ensaladas|Pasta|Pizza|Postres|Alcohol,,,€,,,,False,False,,,https://www.ubereats.com/es-en/store/ginos-granaita/68cc0ca8-96df-487f-b64e-10a175bee477,https://tb-static.uber.com/prod/image-proc/processed_images/7c0a3b7eb95427cf7b978972e47f4fe1/a70f5c9df440d10213e93244e9eb7cad.jpeg,https://www.ubereats.com/es-en/city/pulianas-es-an,CC-MAIN-2023-23
2023-06-,Pulianas,La Paperia Maracena,Uber Eats,"Calle Andalucía 2, Maracena, EMEA 18200, Maracena, 18200",Maracena,Mediterránea,Mediterránea|Tapas,,,€,,,,False,False,,,https://www.ubereats.com/es-en/store/la-paperia-maracena/3d86c702-c952-50ce-8c4c-8818c7842912,https://tb-static.uber.com/prod/image-proc/processed_images/07a26bdcec4133e10ea1f1936f057364/69ad85cd7b39888042b3bbf1c22d630d.webp,https://www.ubereats.com/es-en/city/pulianas-es-an,CC-MAIN-2023-23
2023-06-,Pulianas,El Pollo Asado,Uber Eats,"C. Sagrada Familia, 10,, Granada, EMEA 18015, Granada, 18015",Granada,Pollo,Pollo|Española,,,€,,,,False,False,,,https://www.ubereats.com/es-en/store/el-pollo-asado/70160702-1403-50b6-a3e3-0b6efd346386,https://tb-static.uber.com/prod/image-proc/processed_images/74c4d803b6479b910ae4c7ae5f005358/a70f5c9df440d10213e93244e9eb7cad.jpeg,https://www.ubereats.com/es-en/city/pulianas-es-an,CC-MAIN-2023-23
2023-06-,Pulianas,L A P O S A D A,Uber Eats,"Avenida Federico García Lorca N16, Local 2, Granada, EMEA 18014, Granada, 18014",Granada,Platos con arroz,Platos con arroz|Hamburguesas|Carne|Fish &amp; Seafood|Postres,,,€,,,,False,False,,,https://www.ubereats.com/es-en/store/l-a-p-o-s-a-d-a/803596a2-c06a-539f-843c-aeff6f946b1e,https://tb-static.uber.com/prod/image-proc/processed_images/a14aed3f56e716e77c1b038c725536c2/a70f5c9df440d10213e93244e9eb7cad.jpeg,https://www.ubereats.com/es-en/city/pulianas-es-an,CC-MAIN-2023-23
2023-06-,Pulianas,Supermercados Tu Super Cármenes,Uber Eats,"Calle Verdiales, 17, Granada, AL 18014, Granada, 18014",Granada,Alcohol,Alcohol|Supermarket,,,,,,,False,False,,,https://www.ubereats.com/es-en/store/supermercados-tu-super-carmenes/78d91fff-3af0-46e0-8bc2-5addc369cdd4,https://d1ralsognjng37.cloudfront.net/943b1677-92d9-4b87-b0dc-70fe0d74a90e.jpeg,https://www.ubereats.com/es-en/city/pulianas-es-an,CC-MAIN-2023-23
2023-06-,Pulianas,La Cuchara De Mariana,Uber Eats,"Calle Joaquina Eguaras, Granada, EMEA 18013, Granada, 18013",Granada,Española,Española|Tapas,,,€,,,,False,False,,,https://www.ubereats.com/es-en/store/la-cuchara-de-mariana/23cab4f3-db4a-5f03-8f7a-e59df4039aee,https://tb-static.uber.com/prod/image-proc/processed_images/fd8c00b531fbae08d256f61fef36b43a/a70f5c9df440d10213e93244e9eb7cad.jpeg,https://www.ubereats.com/es-en/city/pulianas-es-an,CC-MAIN-2023-23
2023-06-,Pulianas,FARMACIA AGUILERA CB,Uber Eats,"Avenida De La Constitución 2, Granada, EMEA 18012, Granada, 18012",Granada,Farmacia,Farmacia,,,,,,,False,False,,,https://www.ubereats.com/es-en/store/farmacia-aguilera-cb/7a16935d-d72c-5098-ac2b-0d69617cc38c,https://tb-static.uber.com/prod/image-proc/processed_images/616240b3a5f2c18bc1e3e35501b01a76/a70f5c9df440d10213e93244e9eb7cad.jpeg,https://www.ubereats.com/es-en/city/pulianas-es-an,CC-MAIN-2023-23
2023-06-,Pulianas,Voy Volando,Uber Eats,"Calle Trucha 18, Granada, EMEA 18015, Granada, 18015",Granada,Italiana,Italiana|Pizza,,,€,,,,False,False,,,https://www.ubereats.com/es-en/store/voy-volando/453cd447-d480-5b08-93cd-7e47f3e0ae9f,https://tb-static.uber.com/prod/image-proc/processed_images/952c12702311687d46e7292281f89fa0/69ad85cd7b39888042b3bbf1c22d630d.jpeg,https://www.ubereats.com/es-en/city/pulianas-es-an,CC-MAIN-2023-23
2023-06-,Pulianas,Por Gusto Poké,Uber Eats,"Doctor Azpitarte No 2 Cp, Granada, EMEA 18012, Granada, 18012",Granada,Hawaiana,Hawaiana|Poke|Vegetariana,,,€,,,,False,False,,,https://www.ubereats.com/es-en/store/por-gusto-poke/c1ec0ad4-0d43-4334-9df3-f124c89eace9,https://d1ralsognjng37.cloudfront.net/dea83d0b-475c-490a-b76d-0b2d2c9c95f9.jpeg,https://www.ubereats.com/es-en/city/pulianas-es-an,CC-MAIN-2023-23
2023-06-,Pulianas,Empanadas De La Nona,Uber Eats,"Calle Trucha 18, Granada, EMEA 18015, Granada, 18015",Granada,Argentina,Argentina|Sudamericana|Mediterránea,,,€,,,,False,False,,,https://www.ubereats.com/es-en/store/empanadas-de-la-nona/110d4016-3605-5c7d-85e0-0e2926ccab64,https://tb-static.uber.com/prod/image-proc/processed_images/0aa72462aed96551301da488eb37c8f3/a70f5c9df440d10213e93244e9eb7cad.jpeg,https://www.ubereats.com/es-en/city/pulianas-es-an,CC-MAIN-2023-23
2023-06-,Pulianas,Asadero Los Fenicios,Uber Eats,"/@37.1882261,-3.6079255,19z/Data=!4m6!3m5!1s0xd71fd7e7643d84b:0x5d1aedb437f1e052!8m2!3d37.1884133!4d-3.6082598!16s%2fg%2f11hzx39w_8,",,Pollo,Pollo|Española,,,,,,,False,False,,,https://www.ubereats.com/es-en/store/asadero-los-fenicios/5f3abfb6-b18e-5d74-8c19-50452d018013,https://tb-static.uber.com/prod/image-proc/processed_images/665f4b732c6d8d1680479eb2fdb5729d/a70f5c9df440d10213e93244e9eb7cad.jpeg,https://www.ubereats.com/es-en/city/pulianas-es-an,CC-MAIN-2023-23
2023-06-,Pulianas,Maharaja Restaurante Indio,Uber Eats,"Avenida Doctor Oloriz 13, Granada, EMEA 18012, Granada, 18012",Granada,India,India|Kebab,,,€,,,,False,False,,,https://www.ubereats.com/es-en/store/maharaja-restaurante-indio/e1aa70e5-f012-5fe7-8ce0-57bf65d008d7,https://tb-static.uber.com/prod/image-proc/processed_images/3be950dc8d6311d571ea0037d74f53c5/a70f5c9df440d10213e93244e9eb7cad.jpeg,https://www.ubereats.com/es-en/city/pulianas-es-an,CC-MAIN-2023-23
2023-06-,Pulianas,San Siro,Uber Eats,"Pl. De San Isidro, 18012 Granada, España, AN 18012, Granada, 18012",Granada,Hamburguesas,Hamburguesas|Pollo|Halal|De Oriente Medio,,,€,,,,False,False,,,https://www.ubereats.com/es-en/store/san-siro/08182266-0c20-4bab-971a-98c4054fa98c,https://tb-static.uber.com/prod/image-proc/processed_images/0ad6174e837d976940f4f79803cf9d30/a70f5c9df440d10213e93244e9eb7cad.jpeg,https://www.ubereats.com/es-en/city/pulianas-es-an,CC-MAIN-2023-23
2023-06-,Pulianas,Asadero Tintin,Uber Eats,"C. Pampaneira, 9, Granada, EMEA 18003, Granada, 18003",Granada,Americana,Americana|Pollo,,,€,,,,False,False,,,https://www.ubereats.com/es-en/store/asadero-tintin/f2ef1c72-837e-5293-828c-ad0c8730c0ea,https://tb-static.uber.com/prod/image-proc/processed_images/ac947d8a171ce0580d86329be291aed4/a70f5c9df440d10213e93244e9eb7cad.jpeg,https://www.ubereats.com/es-en/city/pulianas-es-an,CC-MAIN-2023-23
2023-06-,Pulianas,Pizzeria Kebab el Pincho,Uber Eats,"Avenida De Andaluces 5, Granada, EMEA 18014, Granada, 18014",Granada,Italiana,Italiana|Pizza|To Share,,,€,,,,False,False,,,https://www.ubereats.com/es-en/store/pizzeria-kebab-el-pincho/9adfc892-1e9f-55bb-9b65-efd2bc8cc1ab,https://tb-static.uber.com/prod/image-proc/processed_images/54c93eabc57838ec3b4c1414b363a7df/69ad85cd7b39888042b3bbf1c22d630d.webp,https://www.ubereats.com/es-en/city/pulianas-es-an,CC-MAIN-2023-23
2023-06-,Pulianas,KEBAB EL PINCHO,Uber Eats,"Avenida De Andaluces 5, Granada, EMEA 18014, Granada, 18014",Granada,Halal,Halal|Pollo|De Oriente Medio,,,€,,,,False,False,,,https://www.ubereats.com/es-en/store/kebab-el-pincho/67480e4d-5c62-4926-ada2-cf2aba7e3d9e,https://d1ralsognjng37.cloudfront.net/3798053b-df18-4486-aa70-03a3f63fd3b4.webp,https://www.ubereats.com/es-en/city/pulianas-es-an,CC-MAIN-2023-23
2023-06-,Pulianas,TOKYO BY MASAE 🥡,Uber Eats,"Avenida De Andaluces 14, Local, Granada, EMEA 18014, Granada, 18014",Granada,Asiática,Asiática|Platos con arroz,,,,,,,False,False,,,https://www.ubereats.com/es-en/store/tokyo-by-masae/0d223700-6411-5077-a812-fdb54836d475,https://tb-static.uber.com/prod/image-proc/processed_images/dc3dc3efd39a8b048ad6f03397ebe2cc/a70f5c9df440d10213e93244e9eb7cad.jpeg,https://www.ubereats.com/es-en/city/pulianas-es-an,CC-MAIN-2023-23
2023-06-,Pulianas,Gottan Grill,Uber Eats,"Pasaje Recogidas 1, Granada, EMEA 18005, Granada, 18005",Granada,Americana,Americana|Hamburguesas,,,€,,,,False,False,,,https://www.ubereats.com/es-en/store/gottan-grill/19709585-8437-5a73-b23e-48c794ebbb89,https://tb-static.uber.com/prod/image-proc/processed_images/7fd33e9749e467c45b93da428c604650/a70f5c9df440d10213e93244e9eb7cad.jpeg,https://www.ubereats.com/es-en/city/pulianas-es-an,CC-MAIN-2023-23
2023-06-,Pulianas,Amazona Restaurante Bar,Uber Eats,"C. María Luisa De Dios, 3, 18014 Granada, EMEA 18014, GRANADA, 18014",GRANADA,Mediterránea,Mediterránea|Tapas,,,€,,,,False,False,,,https://www.ubereats.com/es-en/store/amazona-restaurante-bar/1a0f282a-df48-52e2-bb33-3767db29f80c,https://tb-static.uber.com/prod/image-proc/processed_images/18bc4645f3f7e82284d2d9747362e94b/a70f5c9df440d10213e93244e9eb7cad.jpeg,https://www.ubereats.com/es-en/city/pulianas-es-an,CC-MAIN-2023-23
2023-06-,Pulianas,Sushi Sama,Uber Eats,"Calle Real De Cartuja, 29, Granada, EMEA 18012, Granada, 18012",Granada,Asiática,Asiática|Sushi,,,€,,,,False,False,,,https://www.ubereats.com/es-en/store/sushi-sama/9b0df506-27eb-4aea-beaa-40a13e607073,https://d1ralsognjng37.cloudfront.net/688ca5fe-61bd-47ee-95e8-63db5d9fbbcb.jpeg,https://www.ubereats.com/es-en/city/pulianas-es-an,CC-MAIN-2023-23
2023-06-,Pulianas,Noodles Bar 🍜,Uber Eats,"Calle Doctor Severo Ochoa 3, Granada, EMEA 18001, Granada, 18001",Granada,Asiática,Asiática|Fideos,,,€,,,,False,False,,,https://www.ubereats.com/es-en/store/noodles-bar/ef67c385-1bec-5cb1-a9ba-de308828ad24,https://tb-static.uber.com/prod/image-proc/processed_images/0b2a2f426e0c755435e3330bc7d0faed/a70f5c9df440d10213e93244e9eb7cad.jpeg,https://www.ubereats.com/es-en/city/pulianas-es-an,CC-MAIN-2023-23
2023-06-,Pulianas,Restaurante Chino Gran Muralla ⛩️,Uber Eats,"Calle Doctor Severo Ochoa 3, Granada, AN 18001, Granada, 18001",Granada,Asiática,Asiática|Fideos,,,€,,,,False,False,,,https://www.ubereats.com/es-en/store/restaurante-chino-gran-muralla/0f59e430-fd12-4d02-8631-bc14941fcf00,https://tb-static.uber.com/prod/image-proc/processed_images/ce2d989f3f9204190beb2f9e3c1279f0/a70f5c9df440d10213e93244e9eb7cad.jpeg,https://www.ubereats.com/es-en/city/pulianas-es-an,CC-MAIN-2023-23
2023-06-,Pulianas,ASADERO EL GRAN FOGON,Uber Eats,"Calle Arabial 123 Local 6, GRANADA, EMEA 18003, GRANADA, 18003",GRANADA,Española,Española|Tapas|Opciones para alergias,,,€,,,,False,False,,,https://www.ubereats.com/es-en/store/asadero-el-gran-fogon/8cf9eaf2-0847-484b-8d0f-5ae50c7f68c8,https://d1ralsognjng37.cloudfront.net/7ccb2b01-0fbd-4cf5-bbdc-3d719c163b5d.jpeg,https://www.ubereats.com/es-en/city/pulianas-es-an,CC-MAIN-2023-23
2023-06-,Pulianas,Pizzería 7Pecados Fuentenueva,Uber Eats,"Calle Doctor Severo Ochoa 3, Granada, Granada 18001, Granada, 18001",Granada,Pizza,Pizza|Italiana|Ensaladas,,,€,,,,False,False,,,https://www.ubereats.com/es-en/store/pizzeria-7pecados-fuentenueva/31f2912a-bd0f-5dd5-94f4-41059065fc29,https://tb-static.uber.com/prod/image-proc/processed_images/a445be2e69ec36250709dad313981a85/f7e27f77a1abfdaa9fab9b4ae7dab7cb.webp,https://www.ubereats.com/es-en/city/pulianas-es-an,CC-MAIN-2023-23
2023-06-,Pulianas,Pollo Frito La Rosaleda,Uber Eats,"Calle Dr. Severo Ochoa, 5, 18001 Granada, EMEA 18001, Granada, 18001",Granada,Americana,Americana|Pollo|Comida rápida|Salgados|Aperitivos|Alitas de pollo|Pollo|Fried Chicken|Comidas asequibles|To Share|Platos con arroz|Queso|Bebidas|Family Meals|Ideal para familias|Ideal para niños,,,€,,,,False,False,,,https://www.ubereats.com/es-en/store/pollo-frito-la-rosaleda/374acb21-77e3-59cd-90c6-087011c64f51,https://tb-static.uber.com/prod/image-proc/processed_images/7f41891881178782b4eabd5339b7d9a1/a70f5c9df440d10213e93244e9eb7cad.jpeg,https://www.ubereats.com/es-en/city/pulianas-es-an,CC-MAIN-2023-23
2023-06-,Pulianas,Kebab La Rosaleda,Uber Eats,"Calle Dr. Severo Ochoa, 5, 18001 Granada, EMEA 18001, Granada, 18001",Granada,Hamburguesas,Hamburguesas|Comida rápida|De Oriente Medio|Rice &amp; Curry,,,€,,,,False,False,,,https://www.ubereats.com/es-en/store/kebab-la-rosaleda/0c12ae29-e802-5d52-814b-31feded47403,https://tb-static.uber.com/prod/image-proc/processed_images/285a1e1aae4fe020c8d3a128c013e1e5/a70f5c9df440d10213e93244e9eb7cad.jpeg,https://www.ubereats.com/es-en/city/pulianas-es-an,CC-MAIN-2023-23
2023-06-,Pulianas,La Vin que Pizza,Uber Eats,"Calle Recoletos, 5, Granada, Andalucía 18004, Granada, 18004",Granada,Italiana,Italiana|Pizza|Ensaladas,,,€,,,,False,False,,,https://www.ubereats.com/es-en/store/la-vin-que-pizza/d6585540-0b51-49b6-9ff1-3ead268c9dc1,https://tb-static.uber.com/prod/image-proc/processed_images/0c5b9092351ac84479459bbfc2302653/a70f5c9df440d10213e93244e9eb7cad.jpeg,https://www.ubereats.com/es-en/city/pulianas-es-an,CC-MAIN-2023-23
2023-06-,Pulianas,Kohai Sushi Shop,Uber Eats,"Calle San Juan De Dios &amp; Calle Almona De San Juan De Dios, 2 Bajo Comercial, Granada, EMEA 18001, Granada, 18001",Granada,Japonesa,Japonesa|Sushi,,,€,,,,False,False,,,https://www.ubereats.com/es-en/store/kohai-sushi-shop/57c88078-e3ed-4001-9dda-f4464cda6872,https://d1ralsognjng37.cloudfront.net/9e166619-3c49-44bb-ba62-30779465460c.jpeg,https://www.ubereats.com/es-en/city/pulianas-es-an,CC-MAIN-2023-23
2023-06-,Pulianas,Michelangelo Burger &amp; Pasta,Uber Eats,"Calle Gran Vía De Colón 52, Granada, Granada 18010, Granada, 18010",Granada,Americana,Americana|Comida rápida|Hamburguesas,,,€,,,,False,False,,,https://www.ubereats.com/es-en/store/michelangelo-burger-&amp;-pasta/c32aff6e-ab21-5b49-b5da-80c16cb54de9,https://tb-static.uber.com/prod/image-proc/processed_images/bb8225db70f732d9c57870555eebc1ae/820883a48567670acbd720bc76391291.jpeg,https://www.ubereats.com/es-en/city/pulianas-es-an,CC-MAIN-2023-23
2023-06-,Pulianas,La Cala,Uber Eats,"C. San Juan De Dios, 52, Granada, EMEA 18001, Granada, 18001",Granada,Desayuno y brunch,Desayuno y brunch|Café|Gofres,,,€€,,,,False,False,,,https://www.ubereats.com/es-en/store/la-cala/bb247bf1-a891-56a2-b710-e2bba9ea1d3f,https://tb-static.uber.com/prod/image-proc/processed_images/d12f4b75c923200d379a66fb28826bc3/a70f5c9df440d10213e93244e9eb7cad.jpeg,https://www.ubereats.com/es-en/city/pulianas-es-an,CC-MAIN-2023-23
2023-06-,Pulianas,Bambi Indian Restaurant,Uber Eats,"Calle Pío Baroja 2, Granada, EMEA 18003, Granada, 18003",Granada,Indonesia,Indonesia|Del sudeste de Asia|Asiática,,,€,,,,False,False,,,https://www.ubereats.com/es-en/store/bambi-indian-restaurant/b795f3b0-cc21-590a-bf9d-67a7c958dcd9,https://tb-static.uber.com/prod/image-proc/processed_images/7ed385e7f0b49feae6158938f820fa5a/a70f5c9df440d10213e93244e9eb7cad.jpeg,https://www.ubereats.com/es-en/city/pulianas-es-an,CC-MAIN-2023-23
2023-06-,Pulianas,The Fat Brothers,Uber Eats,"Calle Gonzalo Gallas 17, Granada, EMEA 18003, Granada, 18003",Granada,Americana,Americana|Hamburguesas|Pizza,,,€,,,,False,False,,,https://www.ubereats.com/es-en/store/the-fat-brothers/bf588ffb-dd77-5d40-a957-aa3cf43fec25,https://tb-static.uber.com/prod/image-proc/processed_images/87a60a2f2284b32414bb50801bb1b829/69ad85cd7b39888042b3bbf1c22d630d.webp,https://www.ubereats.com/es-en/city/pulianas-es-an,CC-MAIN-2023-23
2023-06-,Pulianas,La Tuttoria 🍕🍝,Uber Eats,"C. Gonzalo Gallas, 3,, Granada, EMEA 18003, Granada, 18003",Granada,Ensaladas,Ensaladas|Carne|Pizza|Pasta|Bebidas|Beer|Vino|Postres|Pollo,,,€,,,,False,False,,,https://www.ubereats.com/es-en/store/la-tuttoria/ca2f33bd-ea3c-5c58-9236-37d94fbab7d7,https://tb-static.uber.com/prod/image-proc/processed_images/056baf1e600daa8c6f79b185c09b7dab/69ad85cd7b39888042b3bbf1c22d630d.webp,https://www.ubereats.com/es-en/city/pulianas-es-an,CC-MAIN-2023-23
2023-06-,Pulianas,La Crême Cafe-Gastrobar,Uber Eats,"Calle Gonzalo Gallas 9, Granada, AN 18003, Granada, 18003",Granada,Americana,Americana|Hamburguesas|Sándwiches,,,€,,,,False,False,,,https://www.ubereats.com/es-en/store/la-creme-cafe-gastrobar/ca24525b-bb87-4353-ac27-575cded7d70e,https://tb-static.uber.com/prod/image-proc/processed_images/6282f39df0d85a322204277bbc5b27db/a70f5c9df440d10213e93244e9eb7cad.jpeg,https://www.ubereats.com/es-en/city/pulianas-es-an,CC-MAIN-2023-23
2023-06-,Pulianas,Bella Vita by Valerio,Uber Eats,"Calle Duquesa, 24 Bajo, Granada, EMEA 18001, Granada, 18001",Granada,Americana,Americana|Pizza,,,€,,,,False,False,,,https://www.ubereats.com/es-en/store/bella-vita-by-valerio/cb147d20-4aa2-46b2-bf28-c9a1664b80ff,https://d1ralsognjng37.cloudfront.net/f0309148-b8f3-4d83-9dc1-d036bba10d26.jpeg,https://www.ubereats.com/es-en/city/pulianas-es-an,CC-MAIN-2023-23
2023-06-,Pulianas,Pomodoro - Universidad,Uber Eats,"Calle Gonzalo Gallas, 9, 18003, Granada, 18003",Granada,Comida rápida,Comida rápida|Mediterránea|Pizza|Sándwich,,,€,,,,False,False,,,https://www.ubereats.com/es-en/store/pomodoro-universidad/eaa02531-5ce8-4b55-9cf8-5d155a210894,https://d1ralsognjng37.cloudfront.net/26598727-a6d5-4439-a86f-bbcf989525aa.jpeg,https://www.ubereats.com/es-en/city/pulianas-es-an,CC-MAIN-2023-23
2023-06-,Pulianas,I Love Green 🥗,Uber Eats,"Calle Madre Riquelme 1, Local 3, Granada, AN 18002, Granada, 18002",Granada,Saludable,Saludable|Ensaladas,,,€,,,,False,False,,,https://www.ubereats.com/es-en/store/i-love-green/4ce8c6b7-712b-5af1-aa85-1c92dd44e948,https://tb-static.uber.com/prod/image-proc/processed_images/b2049c28974e3359517f5270fed1201c/a70f5c9df440d10213e93244e9eb7cad.jpeg,https://www.ubereats.com/es-en/city/pulianas-es-an,CC-MAIN-2023-23
2023-06-,Pulianas,Pizzeria Bella Luna,Uber Eats,"Calle Martínez De La Rosa, 23, Granada, 18002, Granada, 18002",Granada,Italiana,Italiana|Pizza,,,€,,,,False,False,,,https://www.ubereats.com/es-en/store/pizzeria-bella-luna/d172a3b4-0ab6-4955-8236-5b68e8088d01,https://d1ralsognjng37.cloudfront.net/0c6a7d14-e2ff-4c85-9dcb-dcab351db66b.jpeg,https://www.ubereats.com/es-en/city/pulianas-es-an,CC-MAIN-2023-23
2023-06-,Pulianas,Pizzería 7 Pecados,Uber Eats,"Calle Melchor Almagro, 5, Granada, AL 18002, Granada, 18002",Granada,Italiana,Italiana|Pizza|Ensaladas,,,€,,,,False,False,,,https://www.ubereats.com/es-en/store/pizzeria-7-pecados/cd8a9a80-e0c0-42de-81f9-7d3d03a1d83a,https://d1ralsognjng37.cloudfront.net/3116c187-b9b5-4bc4-ae12-3fe74b4d6889.jpeg,https://www.ubereats.com/es-en/city/pulianas-es-an,CC-MAIN-2023-23
2023-06-,Pulianas,El Zahor,Uber Eats,"Calle Melchor Almagro, 6, Granada, EMEA 18002, Granada, 18002",Granada,Mediterránea,Mediterránea|Ensaladas|Sándwich,,,€,,,,False,False,,,https://www.ubereats.com/es-en/store/el-zahor/b25d94ab-5fd2-4c36-9246-6802f67e7b42,https://d1ralsognjng37.cloudfront.net/68771f84-17c0-42fa-b275-df275cb06933.jpeg,https://www.ubereats.com/es-en/city/pulianas-es-an,CC-MAIN-2023-23
2023-06-,Pulianas,Pizzería Gloria Benedetta,Uber Eats,"Calle Gran Capitán 15, Granada, EMEA 18002, Granada, 18002",Granada,Italiana,Italiana|Pasta|Pizza,,,€,,,,False,False,,,https://www.ubereats.com/es-en/store/pizzeria-gloria-benedetta/558f0683-db4b-5bcd-8677-4821a651698e,https://tb-static.uber.com/prod/image-proc/processed_images/d73f0f762aef70d48cfd1cf147f87228/a70f5c9df440d10213e93244e9eb7cad.jpeg,https://www.ubereats.com/es-en/city/pulianas-es-an,CC-MAIN-2023-23
2023-06-,Pulianas,Casa de Wu,Uber Eats,"Calle San Juan De Dios, 10, 18001, Granada, 18001",Granada,China,China|Fideos,,,€,,,,False,False,,,https://www.ubereats.com/es-en/store/casa-de-wu/d0897c0c-f40c-433d-b52f-7087c776c717,https://tb-static.uber.com/prod/image-proc/processed_images/37d53d7a0fc51b281e8aa58d48fa9966/820883a48567670acbd720bc76391291.jpeg,https://www.ubereats.com/es-en/city/pulianas-es-an,CC-MAIN-2023-23
2023-06-,Pulianas,WAKABI SUSHI,Uber Eats,"Arabial, 92, Granada, EMEA 18003, Granada, 18003",Granada,Japonesa,Japonesa|Sushi,,,€,,,,False,False,,,https://www.ubereats.com/es-en/store/wakabi-sushi/e9375858-9947-532b-a19e-bc83499e3ebe,https://tb-static.uber.com/prod/image-proc/processed_images/e2efd784060922ff8409784e9e290481/a70f5c9df440d10213e93244e9eb7cad.jpeg,https://www.ubereats.com/es-en/city/pulianas-es-an,CC-MAIN-2023-23
2023-06-,Pulianas,La Calle Burger Granada,Uber Eats,"Calle Trinidad Morcillo, 57, Granada, EMEA 18002, Granada, 18002",Granada,Americana,Americana|Hamburguesas|Comida rápida,,,€,,,,False,False,,,https://www.ubereats.com/es-en/store/la-calle-burger-granada/c854c55e-d1e9-4f51-bb97-8a4909e2b806,https://tb-static.uber.com/prod/image-proc/processed_images/cbc1429af2b14fd39b5a934752de0eac/f7e27f77a1abfdaa9fab9b4ae7dab7cb.jpeg,https://www.ubereats.com/es-en/city/pulianas-es-an,CC-MAIN-2023-23
2023-06-,Pulianas,Gamberros Bar,Uber Eats,"Trinidad Morcillo, 8, Granada, EMEA 18002, Granada, 18002",Granada,Mediterránea,Mediterránea|Griega|Vegetariana,,,,,,,False,False,,,https://www.ubereats.com/es-en/store/gamberros-bar/fe09b698-9dae-5ab9-a8a5-84ee07815d29,https://tb-static.uber.com/prod/image-proc/processed_images/aa9a087ad7c7ce2a75d790e8cc3e7cfa/69ad85cd7b39888042b3bbf1c22d630d.webp,https://www.ubereats.com/es-en/city/pulianas-es-an,CC-MAIN-2023-23
2023-06-,Pulianas,Sushimore Granada,Uber Eats,"Calle Pintor López Mezquita 6, Granada, AN 18002, Granada, 18002",Granada,Sushi,Sushi|Japonesa|Asiática|Poke,,,€,,,,False,False,,,https://www.ubereats.com/es-en/store/sushimore-granada/0a3c3474-02fc-40fc-bba7-39cd283ef884,https://tb-static.uber.com/prod/image-proc/processed_images/46aa60c4416bbcf4390831dd81b21e85/a70f5c9df440d10213e93244e9eb7cad.jpeg,https://www.ubereats.com/es-en/city/pulianas-es-an,CC-MAIN-2023-23
2023-06-,Pulianas,Mi Tierra Latina Take Away,Uber Eats,"Trinidad Morcillo 3, Granada, EMEA 18002, Granada, 18002",Granada,De Latinoamérica,De Latinoamérica|Carne|Marisco,,,€,,,,False,False,,,https://www.ubereats.com/es-en/store/mi-tierra-latina-take-away/d397c8b3-715d-56eb-9454-97506605f79f,https://tb-static.uber.com/prod/image-proc/processed_images/dd2c8f6adfa881f5ac8bb69694c737d8/69ad85cd7b39888042b3bbf1c22d630d.webp,https://www.ubereats.com/es-en/city/pulianas-es-an,CC-MAIN-2023-23
2023-06-,Pulianas,M40 Kebab,Uber Eats,"Plaza Albert Einstein 10,, Granada, 18002, Granada, 18002",Granada,Kebab,Kebab|Turca,,,€,,,,False,False,,,https://www.ubereats.com/es-en/store/m40-kebab/13f9781e-daa5-4dd6-ae04-0e75970cd7ee,https://d1ralsognjng37.cloudfront.net/ffae1246-f701-47c0-988d-bdd22595425c.jpeg,https://www.ubereats.com/es-en/city/pulianas-es-an,CC-MAIN-2023-23
2023-06-,Pulianas,El Mexicano Taquerías,Uber Eats,"Plaza Albert Einstein 9, Granada, EMEA 18002, Granada, 18002",Granada,Comida rápida,Comida rápida|Mexicana|Tacos,,,€,,,,False,False,,,https://www.ubereats.com/es-en/store/el-mexicano-taquerias/f53f6d2c-0797-59e4-b590-97d48665b2c8,https://tb-static.uber.com/prod/image-proc/processed_images/2d79c4b493e2c6ba9263574571619803/69ad85cd7b39888042b3bbf1c22d630d.webp,https://www.ubereats.com/es-en/city/pulianas-es-an,CC-MAIN-2023-23
2023-06-,Pulianas,Mi Pizza Artesana,Uber Eats,"Calle Pedro Antonio De Alarcón, 72,, Granada, 18003, Granada, 18003",Granada,Pizza,Pizza|Italiana|Gourmet,,,€,,,,False,False,,,https://www.ubereats.com/es-en/store/mi-pizza-artesana/757e2622-00f7-43a5-971a-0e8a8447f24f,https://d1ralsognjng37.cloudfront.net/f0f99866-836c-4e6b-bb18-eaace3b94c38.jpeg,https://www.ubereats.com/es-en/city/pulianas-es-an,CC-MAIN-2023-23
2023-06-,Pulianas,Ichiban,Uber Eats,"Calle Pintor López Mezquita 11, Granada, EMEA 18002, Granada, 18002",Granada,Asiática,Asiática|Sushi,,,,,,,False,False,,,https://www.ubereats.com/es-en/store/ichiban/100d1cb0-7f7c-5792-af1e-db2b21a68630,https://tb-static.uber.com/prod/image-proc/processed_images/ccc8ca2504783b40fdda9e8eb97fbb77/f7e27f77a1abfdaa9fab9b4ae7dab7cb.webp,https://www.ubereats.com/es-en/city/pulianas-es-an,CC-MAIN-2023-23
2023-06-,San Juan De Aznalfarache,McDonald's (Sevilla Gelves),Uber Eats,"Av. De Europa, 41920, San Juan de Aznalfarache, 41920",San Juan de Aznalfarache,Americana,Americana|Hamburguesas|Comida rápida,,,€,,,,False,False,,,https://www.ubereats.com/es-en/store/mcdonalds-sevilla-gelves/6a8c2319-eada-44a2-b070-d59a3aac2227,https://tb-static.uber.com/prod/image-proc/processed_images/ecec6ad0ccf691a5f33a895d089d9f1c/a70f5c9df440d10213e93244e9eb7cad.jpeg,https://www.ubereats.com/es-en/city/san-juan-de-aznalfarache-es-an,CC-MAIN-2023-23
2023-06-,San Juan De Aznalfarache,Pizzería Gayra,Uber Eats,"Calle Atenea, 22, Mairena Del Aljarafe, Andalucía 41927, Mairena del Aljarafe, 41927",Mairena del Aljarafe,Italiana,Italiana|Pasta|Pizza,,,€,,,,False,False,,,https://www.ubereats.com/es-en/store/pizzeria-gayra/12efbe1e-d5d0-4ef8-a930-333247d7a39f,https://d1ralsognjng37.cloudfront.net/def8a664-5e9b-48a3-af86-8dca3d9c236a.jpeg,https://www.ubereats.com/es-en/city/san-juan-de-aznalfarache-es-an,CC-MAIN-2023-23
2023-06-,San Juan De Aznalfarache,La Bella Napoli,Uber Eats,"Avenida Del Jardinillo 25, Local 2, Mairena Del Aljarafe, EMEA 41927, Mairena del Aljarafe, 41927",Mairena del Aljarafe,Italiana,Italiana|Pasta|Pizza,,,€,,,,False,False,,,https://www.ubereats.com/es-en/store/la-bella-napoli/64570bfe-8116-5fcf-a142-6b3bf9f39a74,https://tb-static.uber.com/prod/image-proc/processed_images/4c4255fedc8c5124404730bcf29e54f9/a70f5c9df440d10213e93244e9eb7cad.jpeg,https://www.ubereats.com/es-en/city/san-juan-de-aznalfarache-es-an,CC-MAIN-2023-23
2023-06-,San Juan De Aznalfarache,"DIA - Ctra. Mairena-Palomares, 3",Uber Eats,"Ctra. Mairena-Palomares, 3, Mairena Del Aljarafe, Spain 41927, Mairena del Aljarafe, 41927",Mairena del Aljarafe,Tienda de comestibles,Tienda de comestibles|Supermarket,,,€,,,,False,False,,,https://www.ubereats.com/es-en/store/dia-ctra-mairena-palomares-3/6baaff61-387c-54e0-933d-9bedf547a0be,https://tb-static.uber.com/prod/image-proc/processed_images/6bb4092665988658ac5efc497b62aeff/820883a48567670acbd720bc76391291.jpeg,https://www.ubereats.com/es-en/city/san-juan-de-aznalfarache-es-an,CC-MAIN-2023-23
2023-06-,San Juan De Aznalfarache,Burger king - CC Cavaleri,Uber Eats,"Cl Severo Ochoa. Cc Cavaleri, Sevilla East, Spain, Spain 41920, Sevilla East, Spain, 41920","Sevilla East, Spain",Americana,Americana|Hamburguesas|Comida rápida,,,€,,,,False,False,,,https://www.ubereats.com/es-en/store/burger-king-cc-cavaleri/a929667c-bb51-4b2e-b7fa-717b6dccf9fc,https://tb-static.uber.com/prod/image-proc/processed_images/c4cdd979b73116a4c5cb78c5554b2fa6/a70f5c9df440d10213e93244e9eb7cad.jpeg,https://www.ubereats.com/es-en/city/san-juan-de-aznalfarache-es-an,CC-MAIN-2023-23
2023-06-,San Juan De Aznalfarache,Comilón Mairena,Uber Eats,"Calle Barcelona 39, Mairena Del Aljarafe, EMEA 41927, Mairena del Aljarafe, 41927",Mairena del Aljarafe,Mediterránea,Mediterránea|Tapas,,,€,,,,False,False,,,https://www.ubereats.com/es-en/store/comilon-mairena/a644b415-3b8b-5858-9bd1-6178e946de8f,https://tb-static.uber.com/prod/image-proc/processed_images/45fb637b2f10351ca12d4634b326b746/f7e27f77a1abfdaa9fab9b4ae7dab7cb.webp,https://www.ubereats.com/es-en/city/san-juan-de-aznalfarache-es-an,CC-MAIN-2023-23
2023-06-,San Juan De Aznalfarache,Da Teresa restaurante venezolano y pizzas,Uber Eats,"Glorieta El Garrotal, 6, Tomares, AL 41940, Tomares, 41940",Tomares,Italiana,Italiana|Pizza,,,€,,,,False,False,,,https://www.ubereats.com/es-en/store/da-teresa-restaurante-venezolano-y-pizzas/8ef92586-6ba4-4666-b16b-1018c1f426b0,https://d1ralsognjng37.cloudfront.net/60bb6c6f-692e-496c-9509-31813bfbc763.jpeg,https://www.ubereats.com/es-en/city/san-juan-de-aznalfarache-es-an,CC-MAIN-2023-23
2023-06-,San Juan De Aznalfarache,Pomodoro - Mairena del Aljarafe,Uber Eats,"Avenida De Cuba 19, Mairena Del Aljarafe, Spain 41927, Mairena del Aljarafe, 41927",Mairena del Aljarafe,Comida rápida,Comida rápida|Mediterránea|Pizza|Sándwich,,,€,,,,False,False,,,https://www.ubereats.com/es-en/store/pomodoro-mairena-del-aljarafe/6c6bc734-f4ba-4c1e-ade1-acbabde56f06,https://d1ralsognjng37.cloudfront.net/bc541a6e-34dc-4852-ae6b-58ee420a40d0.jpeg,https://www.ubereats.com/es-en/city/san-juan-de-aznalfarache-es-an,CC-MAIN-2023-23
2023-06-,San Juan De Aznalfarache,Restaurante Hermanos Buxo,Uber Eats,"Calle Concordia 16, San Juan De Aznalfarache, EMEA 41920, San Juan de Aznalfarache, 41920",San Juan de Aznalfarache,Tapas y raciones,Tapas y raciones|Comida reconfortante,,,€€,,,,False,False,,,https://www.ubereats.com/es-en/store/restaurante-hermanos-buxo/8aa740f8-e0dd-5535-909d-f51bd3b67a13,https://tb-static.uber.com/prod/image-proc/processed_images/2771097a138a0cdb926a7c30b49b7122/a70f5c9df440d10213e93244e9eb7cad.jpeg,https://www.ubereats.com/es-en/city/san-juan-de-aznalfarache-es-an,CC-MAIN-2023-23
2023-06-,San Juan De Aznalfarache,La Calle Burger (Mairena del Aljarafe),Uber Eats,"Av. De Cuba, 11, Mairena Del Aljarafe, Andalucía 41927, Mairena del Aljarafe, 41927",Mairena del Aljarafe,Americana,Americana|Hamburguesas|Comida rápida,,,€,,,,False,False,,,https://www.ubereats.com/es-en/store/la-calle-burger-mairena-del-aljarafe/0b4594d8-5a72-4c6c-a558-dee15bafc48a,https://tb-static.uber.com/prod/image-proc/processed_images/cbc1429af2b14fd39b5a934752de0eac/f7e27f77a1abfdaa9fab9b4ae7dab7cb.jpeg,https://www.ubereats.com/es-en/city/san-juan-de-aznalfarache-es-an,CC-MAIN-2023-23
2023-06-,San Juan De Aznalfarache,THAI HOUSE,Uber Eats,"Glorieta Anibal Gonzalez, Tomares, Andalucía 41940, Tomares, 41940",Tomares,Asiática,Asiática|Sushi,,,€,,,,False,False,,,https://www.ubereats.com/es-en/store/thai-house/5f2d4825-34fc-4e74-bd59-a0ac1661e769,https://d1ralsognjng37.cloudfront.net/497578cd-112b-4835-b82f-95d2b52256e6.jpeg,https://www.ubereats.com/es-en/city/san-juan-de-aznalfarache-es-an,CC-MAIN-2023-23
2023-06-,San Juan De Aznalfarache,Steve Dogs Burger,Uber Eats,"Avenida Del Jardinillo 25, Local 3, Mairena Del Aljarafe, EMEA 41927, Mairena del Aljarafe, 41927",Mairena del Aljarafe,Hamburguesas,Hamburguesas|Italiana|Pasta,,,€,,,,False,False,,,https://www.ubereats.com/es-en/store/steve-dogs-burger/4d9b5c79-42f6-5254-b1c8-47d19102759c,https://tb-static.uber.com/prod/image-proc/processed_images/08cf1274f483d0321fc0dd9a848446d4/a70f5c9df440d10213e93244e9eb7cad.jpeg,https://www.ubereats.com/es-en/city/san-juan-de-aznalfarache-es-an,CC-MAIN-2023-23
2023-06-,San Juan De Aznalfarache,100 Montaditos - CC Metromar Mairena,Uber Eats,"Avenida De Los Descubrimientos Sn Cc Metromar, Sevilla, Spain, Spain 41927, Sevilla, Spain, 41927","Sevilla, Spain",Europea,Europea|Comida rápida|Ensaladas|Sándwich,,,€,,,,False,False,,,https://www.ubereats.com/es-en/store/100-montaditos-cc-metromar-mairena/54fb5193-973d-4c36-b38f-b8b8956953d8,https://duyt4h9nfnj50.cloudfront.net/resized/1525865229313-w550-2c.jpg,https://www.ubereats.com/es-en/city/san-juan-de-aznalfarache-es-an,CC-MAIN-2023-23
2023-06-,San Juan De Aznalfarache,Apetitoso,Uber Eats,"Calle San Isidro Labrador, 20, Mairena Del Aljarafe, AL 41927, Mairena del Aljarafe, 41927",Mairena del Aljarafe,Hamburguesas,Hamburguesas|Sándwich|Española,,,€,,,,False,False,,,https://www.ubereats.com/es-en/store/apetitoso/9ba744e6-cbe2-453c-b956-e372ab36fa29,https://d1ralsognjng37.cloudfront.net/8f9b5d8c-59f4-4f42-8aa7-5aec3359675c.jpeg,https://www.ubereats.com/es-en/city/san-juan-de-aznalfarache-es-an,CC-MAIN-2023-23
2023-06-,San Juan De Aznalfarache,Kebab Cavaleri,Uber Eats,"Calle Atenea, 12, 41927 Mairena Del Aljarafe, Sevilla, España, No, AL 41927, Mairena del Aljarafe, 41927",Mairena del Aljarafe,Kebab,Kebab|Libanesa,,,€,,,,False,False,,,https://www.ubereats.com/es-en/store/kebab-cavaleri/50ed25da-a80f-4ea4-af5d-1bbacc4cbee0,https://d1ralsognjng37.cloudfront.net/15a43947-3979-44fc-be82-d98227b7529b.jpeg,https://www.ubereats.com/es-en/city/san-juan-de-aznalfarache-es-an,CC-MAIN-2023-23
2023-06-,San Juan De Aznalfarache,Burrito Market,Uber Eats,"Calle Castilleja De La Cuesta, S/N, 41950, Castilleja de la Cuesta, 41950",Castilleja de la Cuesta,Burritos,Burritos|Comida rápida|Mexicana,,,€,,,,False,False,,,https://www.ubereats.com/es-en/store/burrito-market/d55e50ea-7ed0-415f-8c44-40f4e3224c67,https://d1ralsognjng37.cloudfront.net/f0942e9a-68b0-48da-9d4e-4f5400c8e274.jpeg,https://www.ubereats.com/es-en/city/san-juan-de-aznalfarache-es-an,CC-MAIN-2023-23
2023-06-,San Juan De Aznalfarache,Domino's - Mairena,Uber Eats,"Avenida De Los Descubrimientos S/N (Rotonda Ciudad Expo), Locales 15 A, 15 B, 16 A Y 16 B 41927, Seville, Spain, Spain 41927, Seville, Spain, 41927","Seville, Spain",Americana,Americana|Comida rápida|Pizza,,,€,,,,False,False,,,https://www.ubereats.com/es-en/store/dominos-mairena/b5d528b2-ff26-4ead-a1db-9269ebd85fa8,https://d1ralsognjng37.cloudfront.net/96abd466-4069-4567-a3e7-f95fc6e67084.jpeg,https://www.ubereats.com/es-en/city/san-juan-de-aznalfarache-es-an,CC-MAIN-2023-23
2023-06-,San Juan De Aznalfarache,Telepizza - Tomares,Uber Eats,"Avenida De La Arboleda, 52-54, Sevilla, Spain, Spain 41940, Sevilla, Spain, 41940","Sevilla, Spain",Americana,Americana|Pizza|Alitas de pollo|Comida rápida,,,€,,,,False,False,,,https://www.ubereats.com/es-en/store/telepizza-tomares/3167ae3a-a6b3-5389-ba8c-af6697bb2318,https://tb-static.uber.com/prod/image-proc/processed_images/56788f20be4fdf9e341e6be1e5ced74d/a70f5c9df440d10213e93244e9eb7cad.jpeg,https://www.ubereats.com/es-en/city/san-juan-de-aznalfarache-es-an,CC-MAIN-2023-23
2023-06-,San Juan De Aznalfarache,Restaurante Japonés Sushi Court,Uber Eats,"Avenida Del Aljarafe 14, Tomares, Emea, 41940 ., Local 11,",,Japonesa,Japonesa|Sushi,,,€,,,,False,False,,,https://www.ubereats.com/es-en/store/restaurante-japones-sushi-court/75859676-6c17-583a-ae3f-0d9bef280535,https://tb-static.uber.com/prod/image-proc/processed_images/be323a1d95f1d6221ea3babd6d580e57/a70f5c9df440d10213e93244e9eb7cad.jpeg,https://www.ubereats.com/es-en/city/san-juan-de-aznalfarache-es-an,CC-MAIN-2023-23
2023-06-,San Juan De Aznalfarache,Royal King Kebab - Tomares,Uber Eats,"Calle Navarro Caro 83, Tomares, EMEA 41940, Tomares, 41940",Tomares,Turca,Turca|Kebab|Ensaladas|Pollo|Platos con arroz|Bebidas,,,€,,,,False,False,,,https://www.ubereats.com/es-en/store/royal-king-kebab-tomares/3999b929-5c37-5314-b536-b48308d32c14,https://tb-static.uber.com/prod/image-proc/processed_images/b0cbb10c7fe409d5a03aa05b9d93b5db/a70f5c9df440d10213e93244e9eb7cad.jpeg,https://www.ubereats.com/es-en/city/san-juan-de-aznalfarache-es-an,CC-MAIN-2023-23
2023-06-,San Juan De Aznalfarache,Papa John's - Tomares,Uber Eats,"Calle Rafael Alberti 1, Tomares, AN 41940, Tomares, 41940",Tomares,Americana,Americana|Pizza|Comida rápida,,,€,,,,False,False,,,https://www.ubereats.com/es-en/store/papa-johns-tomares/482f59e1-dc4c-44b2-888a-f968f7137af7,https://tb-static.uber.com/prod/image-proc/processed_images/16348ae9a5cb7fa2ac31ffd443e2ef63/a70f5c9df440d10213e93244e9eb7cad.jpeg,https://www.ubereats.com/es-en/city/san-juan-de-aznalfarache-es-an,CC-MAIN-2023-23
2023-06-,San Juan De Aznalfarache,Ginos - Ciudad Expo,Uber Eats,"Avenid De Cuba Local 1, Mairenas Del Aljarafe, Sevilla, Spain, Spain 41927, Sevilla, Spain, 41927","Sevilla, Spain",Italiana,Italiana|Pizza,,,€,,,,False,False,,,https://www.ubereats.com/es-en/store/ginos-ciudad-expo/781143f7-d09e-4aa4-9224-1cc99c3f0c09,https://tb-static.uber.com/prod/image-proc/processed_images/7c0a3b7eb95427cf7b978972e47f4fe1/a70f5c9df440d10213e93244e9eb7cad.jpeg,https://www.ubereats.com/es-en/city/san-juan-de-aznalfarache-es-an,CC-MAIN-2023-23
2023-06-,San Juan De Aznalfarache,Makana - Tomares,Uber Eats,"Av. Arboleda 28, Tomares, EMEA 41940, Tomares, 41940",Tomares,Hawaiana,Hawaiana|Poke|Sushi,,,€,,,,False,False,,,https://www.ubereats.com/es-en/store/makana-tomares/325e0116-a870-5631-9856-0c583b740fbd,https://d1ralsognjng37.cloudfront.net/11db3c98-8532-480a-95c0-f8486e595a47.jpeg,https://www.ubereats.com/es-en/city/san-juan-de-aznalfarache-es-an,CC-MAIN-2023-23
2023-06-,San Juan De Aznalfarache,Chivuos - Tomares,Uber Eats,"Glorieta El Garrotal 6, Tomares, EMEA 41940, Tomares, 41940",Tomares,Italiana,Italiana|Comida reconfortante,,,€,,,,False,False,,,https://www.ubereats.com/es-en/store/chivuos-tomares/584199b5-14c3-53ea-90dc-b714f7bf833d,https://tb-static.uber.com/prod/image-proc/processed_images/7a11565d072a9d9f6559500e91021360/a70f5c9df440d10213e93244e9eb7cad.jpeg,https://www.ubereats.com/es-en/city/san-juan-de-aznalfarache-es-an,CC-MAIN-2023-23
2023-06-,San Juan De Aznalfarache,Pico Rico,Uber Eats,"Avenida De Mairena 50, Mairena Del Aljarafe, EMEA 41927, Mairena del Aljarafe, 41927",Mairena del Aljarafe,Mexicana,Mexicana|Tacos|Opciones para alergias,,,€,,,,False,False,,,https://www.ubereats.com/es-en/store/pico-rico/5fbbe86e-bede-51a1-b99d-ee5cb808899d,https://tb-static.uber.com/prod/image-proc/processed_images/4b62231662e44765e7baccf463901c14/a70f5c9df440d10213e93244e9eb7cad.jpeg,https://www.ubereats.com/es-en/city/san-juan-de-aznalfarache-es-an,CC-MAIN-2023-23
2023-06-,San Juan De Aznalfarache,Serranitos XL,Uber Eats,"Calle Margarita, 6, Tomares, Sevilla, EMEA 41940, Sevilla, 41940",Sevilla,Mediterránea,Mediterránea|Tapas,,,€,,,,False,False,,,https://www.ubereats.com/es-en/store/serranitos-xl/7939a7c1-2db0-4a62-a782-853aed9cda9a,https://d1ralsognjng37.cloudfront.net/63c5a5a3-2ac7-4bd1-8e71-a3742539fd01.jpeg,https://www.ubereats.com/es-en/city/san-juan-de-aznalfarache-es-an,CC-MAIN-2023-23
2023-06-,San Juan De Aznalfarache,Mupanky Bowls (Tomares),Uber Eats,"Edificio Centris, Local 3, Glorieta Fernando Quiñones, S/N, Tomares, Sevilla, EMEA 41940, Sevilla, 41940",Sevilla,Hawaiana,Hawaiana|Poke|Ensaladas,,,€,,,,False,False,,,https://www.ubereats.com/es-en/store/mupanky-bowls-tomares/d23d6b94-3ec2-47e2-a680-50645944406b,https://tb-static.uber.com/prod/image-proc/processed_images/a3fcb8dd0bbb2f024aa07df36206165e/f7e27f77a1abfdaa9fab9b4ae7dab7cb.jpeg,https://www.ubereats.com/es-en/city/san-juan-de-aznalfarache-es-an,CC-MAIN-2023-23
2023-06-,San Juan De Aznalfarache,Tuk Tuk Noodles by Toc Toc (Tomares),Uber Eats,"Glorieta Fernando Quiñones, Tomares, Andalucía 41940, Tomares, 41940",Tomares,Asiática,Asiática|Fideos,,,€,,,,False,False,,,https://www.ubereats.com/es-en/store/tuk-tuk-noodles-by-toc-toc-tomares/ef65a9d3-9fad-4e52-8a70-e62aa1fde372,https://tb-static.uber.com/prod/image-proc/processed_images/526235693ffbcf20dccc9f45f28ca99b/a70f5c9df440d10213e93244e9eb7cad.jpeg,https://www.ubereats.com/es-en/city/san-juan-de-aznalfarache-es-an,CC-MAIN-2023-23
2023-06-,San Juan De Aznalfarache,Mano de Santo (Mairena),Uber Eats,"Calle De Atenea 14, Mairena Del Aljarafe, AN 41927, Mairena del Aljarafe, 41927",Mairena del Aljarafe,Mexicana,Mexicana|Tacos,,,€,,,,False,False,,,https://www.ubereats.com/es-en/store/mano-de-santo-mairena/83079133-e229-5de7-9925-a64897add26e,https://tb-static.uber.com/prod/image-proc/processed_images/7ce01aeb20f6e48a132f78701210a149/a70f5c9df440d10213e93244e9eb7cad.jpeg,https://www.ubereats.com/es-en/city/san-juan-de-aznalfarache-es-an,CC-MAIN-2023-23
2023-06-,San Juan De Aznalfarache,La Granja - Pollos a la Leña,Uber Eats,"Calle Campo Alegre 72, Mairena Del Aljarafe, EMEA 41927, Mairena del Aljarafe, 41927",Mairena del Aljarafe,Americana,Americana|Pollo,,,€,,,,False,False,,,https://www.ubereats.com/es-en/store/la-granja-pollos-a-la-lena/382fb2e7-15f6-5181-8ea6-df1574a36ff3,https://tb-static.uber.com/prod/image-proc/processed_images/c84d8c971e44594ce994728859ed56cd/a70f5c9df440d10213e93244e9eb7cad.jpeg,https://www.ubereats.com/es-en/city/san-juan-de-aznalfarache-es-an,CC-MAIN-2023-23
2023-06-,San Juan De Aznalfarache,Milanesa Haus - Tomares,Uber Eats,"Glorieta El Garrotal 6, Tomares, EMEA 41940, Tomares, 41940",Tomares,Italiana,Italiana|Comida reconfortante,,,,,,,False,False,,,https://www.ubereats.com/es-en/store/milanesa-haus-tomares/a1c5a97e-8f37-5f9f-8e7d-8847ba0dcd10,https://tb-static.uber.com/prod/image-proc/processed_images/8271c86449a3c638e98f97dba9374bfa/a70f5c9df440d10213e93244e9eb7cad.jpeg,https://www.ubereats.com/es-en/city/san-juan-de-aznalfarache-es-an,CC-MAIN-2023-23
2023-06-,San Juan De Aznalfarache,MALAGGIGI,Uber Eats,"Calle Hacienda 21, Mairena Del Aljarafe, AN 41927, Mairena del Aljarafe, 41927",Mairena del Aljarafe,Pizza,Pizza|Italiana|Pasta,,,,,,,False,False,,,https://www.ubereats.com/es-en/store/malaggigi/e6f02e34-7db3-4316-afe0-f4ad27844de0,https://tb-static.uber.com/prod/image-proc/processed_images/0b8a1dac621be2f3d55b9c5ec8de64c5/f7e27f77a1abfdaa9fab9b4ae7dab7cb.webp,https://www.ubereats.com/es-en/city/san-juan-de-aznalfarache-es-an,CC-MAIN-2023-23
2023-06-,San Juan De Aznalfarache,Inn Coffee Metromar,Uber Eats,"Avenida De Los Descubrimientos, Mairena Del Aljarafe, EMEA 41927, Mairena del Aljarafe, 41927",Mairena del Aljarafe,Americana,Americana|Ensaladas|Sándwich,,,€,,,,False,False,,,https://www.ubereats.com/es-en/store/inn-coffee-metromar/78e3e5b7-306a-4faa-a86d-1b7faf984a18,https://d1ralsognjng37.cloudfront.net/c988f281-8cef-43c2-bd92-f9d17aa69e4a.jpeg,https://www.ubereats.com/es-en/city/san-juan-de-aznalfarache-es-an,CC-MAIN-2023-23
2023-06-,San Juan De Aznalfarache,La Gitana Loca - Mairena Sevilla,Uber Eats,"Plaza De Las Naciones, Mairena Del Aljarafe, AN 41927, Mairena del Aljarafe, 41927",Mairena del Aljarafe,Mediterránea,Mediterránea|Sándwich|Vegetariana,,,€,,,,False,False,,,https://www.ubereats.com/es-en/store/la-gitana-loca-mairena-sevilla/41b4d507-fa13-556f-bbf3-a803310efdcd,https://tb-static.uber.com/prod/image-proc/processed_images/da52494875e9470e5277a044c1580b43/a70f5c9df440d10213e93244e9eb7cad.jpeg,https://www.ubereats.com/es-en/city/san-juan-de-aznalfarache-es-an,CC-MAIN-2023-23
2023-06-,San Juan De Aznalfarache,La Taberna Alemana,Uber Eats,"Calle De Las Navas De Tolosa 5, San Juan De Aznalfarache, AN 41920, San Juan de Aznalfarache, 41920",San Juan de Aznalfarache,Europea,Europea|Sándwich,,,€,,,,False,False,,,https://www.ubereats.com/es-en/store/la-taberna-alemana/9484ccd0-cd59-540b-b11a-db974daeed57,https://tb-static.uber.com/prod/image-proc/processed_images/1a69425f1f4f379b33cdd172af77b8c8/f7e27f77a1abfdaa9fab9b4ae7dab7cb.webp,https://www.ubereats.com/es-en/city/san-juan-de-aznalfarache-es-an,CC-MAIN-2023-23
2023-06-,San Juan De Aznalfarache,Fundación Infantil Ronald McDonald - Seville,Uber Eats,"Calle Tarifa, 50 Ctra. Se 617, Tomares, Sevilla, Seville, Spain, Spain 41490, Seville, Spain, 41490","Seville, Spain",Americana,Americana|Hamburguesas,,,€,,,,False,False,,,https://www.ubereats.com/es-en/store/fundacion-infantil-ronald-mcdonald-seville/c7a731df-5778-4228-b5a2-a1ea879884ae,https://d1ralsognjng37.cloudfront.net/88a84f1d-41cc-4943-92a6-757a778eabed.jpeg,https://www.ubereats.com/es-en/city/san-juan-de-aznalfarache-es-an,CC-MAIN-2023-23
2023-06-,San Juan De Aznalfarache,La Cocina De Alambique,Uber Eats,"Av. De Las Civilizaciones, 24, 41927 Mairena Del Aljarafe, Sevilla, Spain,",,Española,Española|Marisco|Mediterránea,,,€,,,,False,False,,,https://www.ubereats.com/es-en/store/la-cocina-de-alambique/a795b99d-c5bf-543d-9601-f24073bdc2be,https://tb-static.uber.com/prod/image-proc/processed_images/32671c5efc74ee7a21f0024977f0c962/a70f5c9df440d10213e93244e9eb7cad.jpeg,https://www.ubereats.com/es-en/city/san-juan-de-aznalfarache-es-an,CC-MAIN-2023-23
2023-06-,San Juan De Aznalfarache,Las Delicias,Uber Eats,"Av De Juan Carlos I Rey De España, 1, Castilleja De La Cuesta, Andalucía 41950, Castilleja de la Cuesta, 41950",Castilleja de la Cuesta,Americana,Americana|Pizza|Comida rápida,,,€,,,,False,False,,,https://www.ubereats.com/es-en/store/las-delicias/80e6b4a6-968e-4825-91b5-3da2207a80be,https://tb-static.uber.com/prod/image-proc/processed_images/207932b5bbd179e783dc4514464de5ab/820883a48567670acbd720bc76391291.jpeg,https://www.ubereats.com/es-en/city/san-juan-de-aznalfarache-es-an,CC-MAIN-2023-23
2023-06-,San Juan De Aznalfarache,BocaBoca,Uber Eats,"Avenida Bormujos 6, EMEA 41930, Bormujos, 41930",Bormujos,Española,Española|Marisco|Mediterránea,,,€,,,,False,False,,,https://www.ubereats.com/es-en/store/bocaboca/d4a28b2b-df07-5fb8-a65d-6bd4fe1ab68f,https://tb-static.uber.com/prod/image-proc/processed_images/19068df48809f02bbda262a9b744a26a/a70f5c9df440d10213e93244e9eb7cad.jpeg,https://www.ubereats.com/es-en/city/san-juan-de-aznalfarache-es-an,CC-MAIN-2023-23
2023-06-,San Juan De Aznalfarache,Kebab Castilleja,Uber Eats,"Calle Real 140, Castilleja De La Cuesta, AN 41950, Castilleja de la Cuesta, 41950",Castilleja de la Cuesta,Alcohol,Alcohol,,,€€,,,,False,False,,,https://www.ubereats.com/es-en/store/kebab-castilleja/b664a9fa-a442-5145-bd49-a6c07fc4e8f3,https://tb-static.uber.com/prod/image-proc/processed_images/71346ebc38d6e885d65493e595ecfe73/69ad85cd7b39888042b3bbf1c22d630d.webp,https://www.ubereats.com/es-en/city/san-juan-de-aznalfarache-es-an,CC-MAIN-2023-23
2023-06-,San Juan De Aznalfarache,Crazy Vegan - Mairena Sevilla,Uber Eats,"Plaza De Las Naciones , Mairena Del Aljarafe, AN 41927, Mairena del Aljarafe, 41927",Mairena del Aljarafe,Mediterránea,Mediterránea|Pizza|Sándwich|Vegana,,,€,,,,False,False,,,https://www.ubereats.com/es-en/store/crazy-vegan-mairena-sevilla/62361e0b-dcfc-5398-abd6-4304c939e1f7,https://tb-static.uber.com/prod/image-proc/processed_images/9651bd75325bf41a7befb5fe2cfd9036/820883a48567670acbd720bc76391291.jpeg,https://www.ubereats.com/es-en/city/san-juan-de-aznalfarache-es-an,CC-MAIN-2023-23
2023-06-,San Juan De Aznalfarache,Iguanas Ranas - Aljarafe,Uber Eats,"Calle Real 1, Sevilla, 41950, Sevilla, 41950",Sevilla,Americana,Americana|Hamburguesas|Burritos|Comida rápida|Saludable,,,,,,,False,False,,,https://www.ubereats.com/es-en/store/iguanas-ranas-aljarafe/a76eb8b4-0634-4a26-b2ec-507fbb5d0c0f,https://d1ralsognjng37.cloudfront.net/8ccb1a04-bcb6-400b-9598-e552b9992a2e.jpeg,https://www.ubereats.com/es-en/city/san-juan-de-aznalfarache-es-an,CC-MAIN-2023-23
2023-06-,San Juan De Aznalfarache,KFC - Gines,Uber Eats,"Parque Comercial Gines Plaza, Calle Desarrollo, Av. De La Industria, S/N,, Spain 41960, Gines, 41960",Gines,Americana,Americana|Hamburguesas|Fried Chicken,,,€,,,,False,False,,,https://www.ubereats.com/es-en/store/kfc-gines/58ab2737-3b6e-44c3-aab6-4f6341de2dd1,https://tb-static.uber.com/prod/image-proc/processed_images/b8e12e0a2b8d9d113b339d83da94c51e/a70f5c9df440d10213e93244e9eb7cad.jpeg,https://www.ubereats.com/es-en/city/san-juan-de-aznalfarache-es-an,CC-MAIN-2023-23
2023-06-,San Juan De Aznalfarache,Sushi Sakura,Uber Eats,"Avenida Colón 29, Gines, EMEA 41960, Gines, 41960",Gines,Japonesa,Japonesa|Sushi,,,€,,,,False,False,,,https://www.ubereats.com/es-en/store/sushi-sakura/53d5f8b3-c1d8-50f3-b4ca-f4cf0800a23d,https://tb-static.uber.com/prod/image-proc/processed_images/ff10ab12a4b08c759ffe462f89db2aaf/a70f5c9df440d10213e93244e9eb7cad.jpeg,https://www.ubereats.com/es-en/city/san-juan-de-aznalfarache-es-an,CC-MAIN-2023-23
2023-06-,San Juan De Aznalfarache,Makana - Bormujos,Uber Eats,"Avenida Universidad De Salamanca 8, Local 3, Bormujos, AN 41930, Bormujos, 41930",Bormujos,Hawaiana,Hawaiana|Poke,,,€,,,,False,False,,,https://www.ubereats.com/es-en/store/makana-bormujos/9b2cf865-1419-5177-9a65-8c2b3559b467,https://tb-static.uber.com/prod/image-proc/processed_images/a3b95c0d7ef4c8abc271afdf1843dcfb/820883a48567670acbd720bc76391291.jpeg,https://www.ubereats.com/es-en/city/san-juan-de-aznalfarache-es-an,CC-MAIN-2023-23
2023-06-,San Juan De Aznalfarache,Gourmet Kebab,Uber Eats,"Calle Del Turia 12, Camas, AN 41900, Camas, 41900",Camas,Pollo,Pollo|Kebab|Turca,,,€,,,,False,False,,,https://www.ubereats.com/es-en/store/gourmet-kebab/2009aea7-dc35-54db-b1c9-2a7778d61934,https://tb-static.uber.com/prod/image-proc/processed_images/9cdcdf4cc31865d54b4dcfa90d7361a3/69ad85cd7b39888042b3bbf1c22d630d.webp,https://www.ubereats.com/es-en/city/san-juan-de-aznalfarache-es-an,CC-MAIN-2023-23
2023-06-,San Juan De Aznalfarache,La Tagliatella - Gines Plaza,Uber Eats,"Avenida Del Trabajo, 2, Seville, Spain, Spain 41960, Seville, Spain, 41960","Seville, Spain",Italiana,Italiana|Pizza|Pasta,,,€,,,,False,False,,,https://www.ubereats.com/es-en/store/la-tagliatella-gines-plaza/4ee2b877-5f0d-429d-87fe-928f9ec43b01,https://tb-static.uber.com/prod/image-proc/processed_images/e149ec0173f96891fb5b7c0bf4843515/a70f5c9df440d10213e93244e9eb7cad.jpeg,https://www.ubereats.com/es-en/city/san-juan-de-aznalfarache-es-an,CC-MAIN-2023-23
2023-06-,San Juan De Aznalfarache,Stilo Kebab - Camas,Uber Eats,"Calle Poeta Muñoz San Román &amp; Calle Del Poeta Muñoz San Román, 21 Local, Camas, AN 41900, Camas, 41900",Camas,Española,Española|Kebab,,,€,,,,False,False,,,https://www.ubereats.com/es-en/store/stilo-kebab-camas/a1c69020-bdd1-4625-bbcc-4b8331ca6c1e,https://tb-static.uber.com/prod/image-proc/processed_images/4b65a8efea1ae1c4240bf7422819b8b8/a70f5c9df440d10213e93244e9eb7cad.jpeg,https://www.ubereats.com/es-en/city/san-juan-de-aznalfarache-es-an,CC-MAIN-2023-23
2023-06-,San Juan De Aznalfarache,Hummo - Bormujos. Clandestine Grill Company,Uber Eats,"Avenida Juan Diego, Local 11 Edificio Corona Center, Bormujos, AN 41930, Bormujos, 41930",Bormujos,Mediterránea,Mediterránea|Italiana|Española,,,,,,,False,False,,,https://www.ubereats.com/es-en/store/hummo-bormujos-clandestine-grill-company/477f265a-23d5-5dc8-90e6-dc4e9b7e47ab,https://tb-static.uber.com/prod/image-proc/processed_images/6daeb8cc7fab841932d3532f055cb358/a70f5c9df440d10213e93244e9eb7cad.jpeg,https://www.ubereats.com/es-en/city/san-juan-de-aznalfarache-es-an,CC-MAIN-2023-23
2023-06-,San Juan De Aznalfarache,El Repulgue - Empanadas,Uber Eats,"Calle Averroes, 5, Bormujos, AL 41930, Bormujos, 41930",Bormujos,Empanada,Empanada|De Latinoamérica,,,€,,,,False,False,,,https://www.ubereats.com/es-en/store/el-repulgue-empanadas/f3198438-9c9d-48bf-94d2-d3ac76968e9e,https://tb-static.uber.com/prod/image-proc/processed_images/221c59407a45df14832e81b942047079/a70f5c9df440d10213e93244e9eb7cad.jpeg,https://www.ubereats.com/es-en/city/san-juan-de-aznalfarache-es-an,CC-MAIN-2023-23
2023-06-,San Juan De Aznalfarache,Atropellados A La Brasa,Uber Eats,"Calle El Ferrocarril, Sevilla, AN 41900, Sevilla, 41900",Sevilla,Americana,Americana|Pollo,,,€,,,,False,False,,,https://www.ubereats.com/es-en/store/atropellados-a-la-brasa/faf5a2b1-a31d-4531-95fd-1d376163b9a2,https://tb-static.uber.com/prod/image-proc/processed_images/ec8ab79f8cb2d085fbcbbc425549c13a/a70f5c9df440d10213e93244e9eb7cad.jpeg,https://www.ubereats.com/es-en/city/san-juan-de-aznalfarache-es-an,CC-MAIN-2023-23
2023-06-,San Juan De Aznalfarache,Sgt Pepper,Uber Eats,"Calle Fernando Iv, 34, Sevilla, AL 41011, Sevilla, 41011",Sevilla,Italiana,Italiana|Pizza|Ensaladas,,,€,,,,False,False,,,https://www.ubereats.com/es-en/store/sgt-pepper/355f5460-2906-4415-86cf-0437c450a62a,https://d1ralsognjng37.cloudfront.net/b215b5ff-f152-4549-ab95-33c37113b7c3.jpeg,https://www.ubereats.com/es-en/city/san-juan-de-aznalfarache-es-an,CC-MAIN-2023-23
2023-06-,San Juan De Aznalfarache,Miss Poke - San Pablo,Uber Eats,"Calle San Pablo, 20, Sevilla, AL 41001, Sevilla, 41001",Sevilla,Hawaiana,Hawaiana|Poke,,,€,,,,False,False,,,https://www.ubereats.com/es-en/store/miss-poke-san-pablo/559bdc4c-cf7d-4e5e-b0b6-6dd8815ae1df,https://tb-static.uber.com/prod/image-proc/processed_images/7a836fe428840a43ae75a4c47ddd4492/a70f5c9df440d10213e93244e9eb7cad.jpeg,https://www.ubereats.com/es-en/city/san-juan-de-aznalfarache-es-an,CC-MAIN-2023-23
2023-06-,San Juan De Aznalfarache,Japones Sushi Chaki,Uber Eats,"Calle Virgen De Aguas Santas, 8, 41011, Seville, 41011",Seville,Asiática,Asiática|Sushi,,,€,,,,False,False,,,https://www.ubereats.com/es-en/store/japones-sushi-chaki/5171146d-0b70-4836-a39b-8b42a6786720,https://d1ralsognjng37.cloudfront.net/2608e57d-4e09-4b3f-a876-26a2cee2a910.jpeg,https://www.ubereats.com/es-en/city/san-juan-de-aznalfarache-es-an,CC-MAIN-2023-23
2023-06-,San Juan De Aznalfarache,Saucy Buns - Saucy Smashed Burgers by Taster - Triana,Uber Eats,"Plaza Compostela 1, Sevilla, EMEA 41010, Sevilla, 41010",Sevilla,Americana,Americana|Hamburguesas,,,,,,,False,False,,,https://www.ubereats.com/es-en/store/saucy-buns-saucy-smashed-burgers-by-taster-triana/1ec31bb5-55e3-55f7-bfc9-3334e44a0ab9,https://tb-static.uber.com/prod/image-proc/processed_images/c9f6b2da665a0f61847469faa542feb4/a70f5c9df440d10213e93244e9eb7cad.jpeg,https://www.ubereats.com/es-en/city/san-juan-de-aznalfarache-es-an,CC-MAIN-2023-23
2023-06-,San Juan De Aznalfarache,La Vieja Pizzería,Uber Eats,"C. Esperanza De Triana, 22, Sevilla, Andalucía 41010, Sevilla, 41010",Sevilla,Americana,Americana|Pizza,,,€,,,,False,False,,,https://www.ubereats.com/es-en/store/la-vieja-pizzeria/e1a0d547-25fb-5162-adf1-9370662e692d,https://tb-static.uber.com/prod/image-proc/processed_images/091c1c12c0d992be459492618c3dc382/a70f5c9df440d10213e93244e9eb7cad.jpeg,https://www.ubereats.com/es-en/city/san-juan-de-aznalfarache-es-an,CC-MAIN-2023-23
2023-06-,San Juan De Aznalfarache,Out Fry - Korean Fried Chicken by Taster - Triana,Uber Eats,"Plaza Compostela 1, Sevilla, EMEA 41010, Sevilla, 41010",Sevilla,Hamburguesas,Hamburguesas|Coreana,,,,,,,False,False,,,https://www.ubereats.com/es-en/store/out-fry-korean-fried-chicken-by-taster-triana/0b3f3561-3e07-5f6d-8d94-0353429ad247,https://tb-static.uber.com/prod/image-proc/processed_images/add1a91937b428b76f4c41bb6b94408f/a70f5c9df440d10213e93244e9eb7cad.jpeg,https://www.ubereats.com/es-en/city/san-juan-de-aznalfarache-es-an,CC-MAIN-2023-23
2023-06-,San Juan De Aznalfarache,Dirty Vegan Burgers by Taster - Triana,Uber Eats,"Plaza Compostela 1, Sevilla, EMEA 41010, Sevilla, 41010",Sevilla,Americana,Americana|Hamburguesas|Vegana,,,,,,,False,False,,,https://www.ubereats.com/es-en/store/dirty-vegan-burgers-by-taster-triana/eb2b4e13-ad64-50ad-af91-2f90914ccf19,https://tb-static.uber.com/prod/image-proc/processed_images/0bbc6f7be4887cb6674ac056e375e23e/a70f5c9df440d10213e93244e9eb7cad.jpeg,https://www.ubereats.com/es-en/city/san-juan-de-aznalfarache-es-an,CC-MAIN-2023-23
2023-06-,San Juan De Aznalfarache,Mr Pizza (Triana),Uber Eats,"Ronda De Triana, 18, 41010, Seville, 41010",Seville,Italiana,Italiana|Pizza|Vegetariana|Ensaladas,,,€,,,,False,False,,,https://www.ubereats.com/es-en/store/mr-pizza-triana/3ef23578-aec9-4802-8dc8-0c06b1b304d4,https://d1ralsognjng37.cloudfront.net/813730d5-d236-4ab9-8d6f-df277ee8ec0e.jpeg,https://www.ubereats.com/es-en/city/san-juan-de-aznalfarache-es-an,CC-MAIN-2023-23
2023-06-,San Juan De Aznalfarache,Puglia,Uber Eats,"Calle Virgen De Loreto, 16, 41011, Seville, 41011",Seville,Italiana,Italiana|Pasta|Pizza,,,€,,,,False,False,,,https://www.ubereats.com/es-en/store/puglia/28c5a0c0-e48b-4340-88a9-990ca08e9fc4,https://tb-static.uber.com/prod/image-proc/processed_images/6ffa0571b7e1ec476d17c5fbb37ecac4/a70f5c9df440d10213e93244e9eb7cad.jpeg,https://www.ubereats.com/es-en/city/san-juan-de-aznalfarache-es-an,CC-MAIN-2023-23
2023-06-,San Juan De Aznalfarache,Pizzeria Al natural; pizza natural y ecológica,Uber Eats,"Calle San Jacinto 48, Seville, AN 41010, Seville, 41010",Seville,Italiana,Italiana|Pasta|Pizza,,,€,,,,False,False,,,https://www.ubereats.com/es-en/store/pizzeria-al-natural;-pizza-natural-y-ecologica/4408fb75-e810-4db9-9073-30bc1eb6321e,https://d1ralsognjng37.cloudfront.net/da777934-87ce-431c-9b19-3e1c6eb3afc8.jpeg,https://www.ubereats.com/es-en/city/san-juan-de-aznalfarache-es-an,CC-MAIN-2023-23
2023-06-,San Juan De Aznalfarache,Tijuana Tex Mex,Uber Eats,"Calle Asuncion 67, Sevilla, EMEA 41011, Sevilla, 41011",Sevilla,Americana,Americana|Burritos|Pasta,,,€,,,,False,False,,,https://www.ubereats.com/es-en/store/tijuana-tex-mex/eedcfb33-26ee-461e-8141-c586a7418ce8,https://d1ralsognjng37.cloudfront.net/691e666f-f62e-4f46-87ed-c9bce61d83cb.jpeg,https://www.ubereats.com/es-en/city/san-juan-de-aznalfarache-es-an,CC-MAIN-2023-23
2023-06-,San Juan De Aznalfarache,Mr Pizza (Los Remedios),Uber Eats,"Av. De La República Argentina, 12, 41011, Seville, 41011",Seville,Pizza,Pizza|Pasta|Italiana,,,€,,,,False,False,,,https://www.ubereats.com/es-en/store/mr-pizza-los-remedios/f3507090-24a0-4707-8b04-164e0a95a9e3,https://tb-static.uber.com/prod/image-proc/processed_images/4df2ab2694f97033a65177fb6f7292c4/a70f5c9df440d10213e93244e9eb7cad.jpeg,https://www.ubereats.com/es-en/city/san-juan-de-aznalfarache-es-an,CC-MAIN-2023-23
2023-06-,San Juan De Aznalfarache,The Burger Shop,Uber Eats,"Ronda De Triana, 11a, 41010, Seville, 41010",Seville,Americana,Americana|Hamburguesas,,,€,,,,False,False,,,https://www.ubereats.com/es-en/store/the-burger-shop/11ab95f3-7241-44b7-a2f5-4349188e5f28,https://tb-static.uber.com/prod/image-proc/processed_images/fbfcfcab0ba9460bcb8f8dddbd953674/a70f5c9df440d10213e93244e9eb7cad.jpeg,https://www.ubereats.com/es-en/city/san-juan-de-aznalfarache-es-an,CC-MAIN-2023-23
2023-06-,San Juan De Aznalfarache,SAMURAI,Uber Eats,"Calle Salado 6, Sevilla, Sevilla 41010, Sevilla, 41010",Sevilla,Asiática,Asiática|Sushi,,,€,,,,False,False,,,https://www.ubereats.com/es-en/store/samurai/214ad81b-6f7a-5660-801e-825545b202cf,https://tb-static.uber.com/prod/image-proc/processed_images/d32bf101f1920f5ae7e13b3190c14367/a70f5c9df440d10213e93244e9eb7cad.jpeg,https://www.ubereats.com/es-en/city/san-juan-de-aznalfarache-es-an,CC-MAIN-2023-23
2023-06-,San Juan De Aznalfarache,Restaurante Chino y Thailandés Asia,Uber Eats,"Calle San Jorge, 41010 Sevilla, España, 7, AL 41010, Sevilla, 41010",Sevilla,Pollo,Pollo|China|Fideos,,,€,,,,False,False,,,https://www.ubereats.com/es-en/store/restaurante-chino-y-thailandes-asia/5f23904e-e60e-4351-9c2f-af1102cc4b68,https://d1ralsognjng37.cloudfront.net/71c641f9-e475-473a-bc63-c0bf8c7ac26f.jpeg,https://www.ubereats.com/es-en/city/san-juan-de-aznalfarache-es-an,CC-MAIN-2023-23
2023-06-,San Juan De Aznalfarache,Starbucks Torre Sevilla,Uber Eats,"Cc Torre Sevilla, C/ Golzalo Jimenez De Quesada, 2, Sevilla, Spain, Spain 41092, Sevilla, Spain, 41092","Sevilla, Spain",Americana,Americana|Café y té,,,€,,,,False,False,,,https://www.ubereats.com/es-en/store/starbucks-torre-sevilla/05f5610f-a67f-4676-bf80-6e6a9f794a8c,https://d1ralsognjng37.cloudfront.net/e4809db0-fe33-42e9-bc84-be4f30c57080.jpeg,https://www.ubereats.com/es-en/city/san-juan-de-aznalfarache-es-an,CC-MAIN-2023-23
2023-06-,San Juan De Aznalfarache,Zoom Pizza,Uber Eats,"Calle Julio César, 12, Local 2, Sevilla, Andalucía 41001, Sevilla, 41001",Sevilla,Italiana,Italiana|Pizza,,,€,,,,False,False,,,https://www.ubereats.com/es-en/store/zoom-pizza/2b3ffc36-823f-4b3c-9533-3739cefb7b7d,https://duyt4h9nfnj50.cloudfront.net/resized/1528981630059-w550-39.jpg,https://www.ubereats.com/es-en/city/san-juan-de-aznalfarache-es-an,CC-MAIN-2023-23
2023-06-,San Juan De Aznalfarache,Don Cammillo e Peppone,Uber Eats,"Calle Betis, 33, Sevilla, 41010, Sevilla, 41010",Sevilla,Italiana,Italiana|Pasta|Pizza,,,€,,,,False,False,,,https://www.ubereats.com/es-en/store/don-cammillo-e-peppone/00c07a3f-dc66-4e4d-9529-ccea336f17c3,https://tb-static.uber.com/prod/image-proc/processed_images/db37c82184668fc43ee48f3ad4e41b3c/a70f5c9df440d10213e93244e9eb7cad.jpeg,https://www.ubereats.com/es-en/city/san-juan-de-aznalfarache-es-an,CC-MAIN-2023-23
2023-06-,San Juan De Aznalfarache,Asados Ruta 2,Uber Eats,"C. Monte Carmelo, 49,, Sevilla, EMEA 41011, Sevilla, 41011",Sevilla,Pollo,Pollo|Fideos|Española,,,€,,,,False,False,,,https://www.ubereats.com/es-en/store/asados-ruta-2/27c75864-2689-5fd0-9bfb-649834b252dc,https://tb-static.uber.com/prod/image-proc/processed_images/5c1c34ac8900342ec611e2d17d258ecd/a70f5c9df440d10213e93244e9eb7cad.jpeg,https://www.ubereats.com/es-en/city/san-juan-de-aznalfarache-es-an,CC-MAIN-2023-23
2023-06-,San Juan De Aznalfarache,Ay mi Carmela,Uber Eats,"Santa Fe 17, Sevilla, EMEA 41011, Sevilla, 41011",Sevilla,Mediterránea,Mediterránea|Tapas,,,€,,,,False,False,,,https://www.ubereats.com/es-en/store/ay-mi-carmela/fdfa645c-3246-5954-a69d-5d55da2737af,https://tb-static.uber.com/prod/image-proc/processed_images/5a8184770b2e217171da10dcb84d4068/a70f5c9df440d10213e93244e9eb7cad.jpeg,https://www.ubereats.com/es-en/city/san-juan-de-aznalfarache-es-an,CC-MAIN-2023-23
2023-06-,San Juan De Aznalfarache,Gottan Grill Sevilla,Uber Eats,"Calle Marqués De Paradas 32a, Sevilla, EMEA 41001, Sevilla, 41001",Sevilla,Americana,Americana|Hamburguesas,,,,,,,False,False,,,https://www.ubereats.com/es-en/store/gottan-grill-sevilla/36e27e80-b262-57df-b1e2-d239fec73e19,https://tb-static.uber.com/prod/image-proc/processed_images/89e34207193f257363c31cd1c9ffffa0/a70f5c9df440d10213e93244e9eb7cad.jpeg,https://www.ubereats.com/es-en/city/san-juan-de-aznalfarache-es-an,CC-MAIN-2023-23
2023-06-,San Juan De Aznalfarache,Doner Kebab Los Sabores,Uber Eats,"C. Virgen De Luján, 48,, Sevilla, EMEA 41011, Sevilla, 41011",Sevilla,Árabe,Árabe|Kebab|Halal,,,,,,,False,False,,,https://www.ubereats.com/es-en/store/doner-kebab-los-sabores/15fc69f1-260c-5abb-b124-22d0c9aa0c22,https://tb-static.uber.com/prod/image-proc/processed_images/e35c9d5304f3c5aa05d2b492e52c6b9b/69ad85cd7b39888042b3bbf1c22d630d.webp,https://www.ubereats.com/es-en/city/san-juan-de-aznalfarache-es-an,CC-MAIN-2023-23
2023-06-,San Juan De Aznalfarache,TGB - Delicias,Uber Eats,"Paseo De Las Delicias 3, Seville, AN 41001, Seville, 41001",Seville,Americana,Americana|Hamburguesas|Comida rápida|Alitas de pollo,,,€,,,,False,False,,,https://www.ubereats.com/es-en/store/tgb-delicias/97860f78-a7d9-4efe-8e1f-fcf0597b698f,https://tb-static.uber.com/prod/image-proc/processed_images/108cfe6caa7aff7ed51ab0c86ad9bf8f/a70f5c9df440d10213e93244e9eb7cad.jpeg,https://www.ubereats.com/es-en/city/san-juan-de-aznalfarache-es-an,CC-MAIN-2023-23
2023-06-,San Juan De Aznalfarache,Tony Roma's - Torre Sevilla,Uber Eats,"Calle Gonzalo Jimenez De Quesada, 2, Local 72, Sevilla, Andalucía 41092, Sevilla, 41092",Sevilla,Americana,Americana|Barbacoa|Hamburguesas|Comida rápida,,,€,,,,False,False,,,https://www.ubereats.com/es-en/store/tony-romas-torre-sevilla/437addec-3e76-4aae-ac1c-d632da122d5d,https://d1ralsognjng37.cloudfront.net/a5677da4-fd11-4e27-aacc-44bbff0d1af5,https://www.ubereats.com/es-en/city/san-juan-de-aznalfarache-es-an,CC-MAIN-2023-23
2023-06-,San Juan De Aznalfarache,Pizzeria Al Gusto Tapas,Uber Eats,"Cardenal Bueno Monreal, 28, 41013, Seville, 41013",Seville,Mediterránea,Mediterránea|Pizza,,,€,,,,False,False,,,https://www.ubereats.com/es-en/store/pizzeria-al-gusto-tapas/35b93b1e-c702-4e4d-a13e-aa83f44a7cdf,https://d1ralsognjng37.cloudfront.net/f35da613-eaa9-453f-be8b-0b1dee3cb8df.jpeg,https://www.ubereats.com/es-en/city/san-juan-de-aznalfarache-es-an,CC-MAIN-2023-23
2023-06-,San Juan De Aznalfarache,"Crudo Pokes, Ramen &amp; Salads - Sevilla",Uber Eats,"Calle Zaragoza 4, Sevilla, EMEA 41001, Sevilla, 41001",Sevilla,Hawaiana,Hawaiana|Poke,,,€€,,,,False,False,,,https://www.ubereats.com/es-en/store/crudo-pokes-ramen-&amp;-salads-sevilla/0c04e03e-203a-5b50-97b4-52b3c0f235a2,https://tb-static.uber.com/prod/image-proc/processed_images/d98aca3e9fcdf9bb9bec5a599bf1671e/69ad85cd7b39888042b3bbf1c22d630d.jpeg,https://www.ubereats.com/es-en/city/san-juan-de-aznalfarache-es-an,CC-MAIN-2023-23
2023-06-,San Juan De Aznalfarache,El Rincón de Beirut,Uber Eats,"Calle San Fernando, 21, Sevilla, EMEA 41004, Sevilla, 41004",Sevilla,Libanesa,Libanesa|Rice &amp; Curry,,,€,,,,False,False,,,https://www.ubereats.com/es-en/store/el-rincon-de-beirut/ac6d62c3-57a4-4bad-a06d-d835c06697ed,https://d1ralsognjng37.cloudfront.net/26104cf2-412c-4aec-8815-38e829d21369.jpeg,https://www.ubereats.com/es-en/city/san-juan-de-aznalfarache-es-an,CC-MAIN-2023-23
2023-06-,San Juan De Aznalfarache,Croccante Pizzas,Uber Eats,"Calle Valparaíso 8, Sevilla, EMEA 41013, Sevilla, 41013",Sevilla,Pizza,Pizza|Italiana|Gourmet,,,€,,,,False,False,,,https://www.ubereats.com/es-en/store/croccante-pizzas/92d47be9-09e5-5f8b-afa0-e3a476712b49,https://tb-static.uber.com/prod/image-proc/processed_images/539bf39240b32799b9ad223ea9d2e229/a70f5c9df440d10213e93244e9eb7cad.jpeg,https://www.ubereats.com/es-en/city/san-juan-de-aznalfarache-es-an,CC-MAIN-2023-23
2023-06-,San Juan De Aznalfarache,Premium Doner Kebab,Uber Eats,"Calle De Uruguay 1, Sevilla, AN 41012, Sevilla, 41012",Sevilla,De Oriente Medio,De Oriente Medio|Kebab|Pollo,,,€,,,,False,False,,,https://www.ubereats.com/es-en/store/premium-doner-kebab/9b439f50-4eee-4177-9eba-9dcf4b4b076b,https://tb-static.uber.com/prod/image-proc/processed_images/b4e5ea11864f80ff35437689e49ec466/69ad85cd7b39888042b3bbf1c22d630d.webp,https://www.ubereats.com/es-en/city/san-juan-de-aznalfarache-es-an,CC-MAIN-2023-23
2023-06-,Nerja,Almoraima Kebab,Uber Eats,"Calle Almería 1, Nerja, EMEA 29780, Nerja, 29780",Nerja,Kebab,Kebab|Pollo|De Oriente Medio|Turca|Pizza,,,€,,,,False,False,,,https://www.ubereats.com/es-en/store/almoraima-kebab/f9d6f6a3-d2fe-5d2e-a6dc-d2847ad0f627,https://tb-static.uber.com/prod/image-proc/processed_images/e7765e1a4d4da07c3a1b60d480aeb7f5/a70f5c9df440d10213e93244e9eb7cad.jpeg,https://www.ubereats.com/es-en/city/nerja-es-an,CC-MAIN-2023-23
2023-06-,Nerja,Telepizza - Nerja,Uber Eats,"Av. Mediterraneo, Esquina Antonio Ferrandis ""Chanquete"", Nerja, Spain 29780, Nerja, 29780",Nerja,Americana,Americana|Comida rápida|Pizza|Alitas de pollo,,,€,,,,False,False,,,https://www.ubereats.com/es-en/store/telepizza-nerja/37b70510-0df7-584a-a683-036f3a48162a,https://tb-static.uber.com/prod/image-proc/processed_images/56788f20be4fdf9e341e6be1e5ced74d/a70f5c9df440d10213e93244e9eb7cad.jpeg,https://www.ubereats.com/es-en/city/nerja-es-an,CC-MAIN-2023-23
2023-06-,Nerja,Andele Andele,Uber Eats,"Av. Mediterraneo, S/N, Nerja, EMEA 29780, Nerja, 29780",Nerja,Mexicana,Mexicana|De Latinoamérica|Nueva cocina mexicana,,,€,,,,False,False,,,https://www.ubereats.com/es-en/store/andele-andele/1da82e24-f5f2-5ba2-9856-cfc24e1d8986,https://tb-static.uber.com/prod/image-proc/processed_images/39e1c4a332f04c1f73f28ca1cc335145/a70f5c9df440d10213e93244e9eb7cad.jpeg,https://www.ubereats.com/es-en/city/nerja-es-an,CC-MAIN-2023-23
2023-06-,Nerja,Kebab House 1,Uber Eats,"Avenida De Andalucia 147,, Torre Del Mar, Andalucía 29740, Torre del Mar, 29740",Torre del Mar,Kebab,Kebab|Turca|Pizza,,,€,,,,False,False,,,https://www.ubereats.com/es-en/store/kebab-house-1/ee08dca4-ebd4-5de6-88df-d882fc1c5452,https://duyt4h9nfnj50.cloudfront.net/resized/4d0f76db6b48b37d288921f2369b2bed-w2880-fb.jpg,https://www.ubereats.com/es-en/city/nerja-es-an,CC-MAIN-2023-23
2023-06-,Nerja,DIA - Doctor Fleming Málaga,Uber Eats,"Doctor Fleming, 77, Malaga, Spain, Spain 29740, Malaga, Spain, 29740","Malaga, Spain",Tienda de comestibles,Tienda de comestibles|Supermarket,,,€,,,,False,False,,,https://www.ubereats.com/es-en/store/dia-doctor-fleming-malaga/201a2dd4-dafa-521e-89e0-b8db6032c054,https://d1ralsognjng37.cloudfront.net/321d4bb7-95ed-456e-a8fd-c6bc6d36e18b.jpeg,https://www.ubereats.com/es-en/city/nerja-es-an,CC-MAIN-2023-23
2023-06-,Nerja,Caramba Mexican Style,Uber Eats,"Calle Manuel Azuaga ""Abuelo De Torre Del Mar"", EMEA 29740, Torre del Mar, 29740",Torre del Mar,Mexicana,Mexicana|Tacos,,,€,,,,False,False,,,https://www.ubereats.com/es-en/store/caramba-mexican-style/c4c51ec8-ac62-5f97-862e-eebc7e94415d,https://tb-static.uber.com/prod/image-proc/processed_images/0d29ddd3570bc2e3886a9cf02a19fe5e/69ad85cd7b39888042b3bbf1c22d630d.webp,https://www.ubereats.com/es-en/city/nerja-es-an,CC-MAIN-2023-23
2023-06-,Nerja,Barbas Garage Coffee &amp; Beers,Uber Eats,"Avenida Andalucia , 32, Local 3, Vélez-Málaga, AN 29740, Vélez-Málaga, 29740",Vélez-Málaga,Americana,Americana|Hamburguesas,,,€,,,,False,False,,,https://www.ubereats.com/es-en/store/barbas-garage-coffee-&amp;-beers/6adb6a04-5d8b-48dc-ae36-ea3b4ef66263,https://tb-static.uber.com/prod/image-proc/processed_images/5b59248d2d9e2399aea556f1f87b2be9/4f48e715b6c05b9b00c3fc436b4eb65f.jpeg,https://www.ubereats.com/es-en/city/nerja-es-an,CC-MAIN-2023-23
2023-06-,Nerja,Kebab House 2,Uber Eats,"Paseo Maritimo Levante 17, Torre Del Mar, Andalucía 29740, Torre del Mar, 29740",Torre del Mar,Kebab,Kebab|Pizza|Rice &amp; Curry|Pollo,,,€,,,,False,False,,,https://www.ubereats.com/es-en/store/kebab-house-2/53730a06-c907-5a03-9ad7-4761b4ba2435,https://duyt4h9nfnj50.cloudfront.net/resized/4d0f76db6b48b37d288921f2369b2bed-w2880-fb.jpg,https://www.ubereats.com/es-en/city/nerja-es-an,CC-MAIN-2023-23
2023-06-,Nerja,CrazyBurger,Uber Eats,"Calle Del Mar 64, Vélez-Málaga, Es, AN 29740, Vélez-Málaga, 29740",Vélez-Málaga,Americana,Americana|Fried Foods,,,€,,,,False,False,,,https://www.ubereats.com/es-en/store/crazyburger/7e70ad1a-4005-43c2-8041-b254d792c25d,https://tb-static.uber.com/prod/image-proc/processed_images/58e9aed1c9d5dd2c6368c490e912c2f0/a70f5c9df440d10213e93244e9eb7cad.jpeg,https://www.ubereats.com/es-en/city/nerja-es-an,CC-MAIN-2023-23
2023-06-,Nerja,Txikitu,Uber Eats,"Calle Del Mar 64, Vélez-Málaga, Es, AN 29740, Vélez-Málaga, 29740",Vélez-Málaga,Mexicana,Mexicana|Pizza|Tacos,,,€,,,,False,False,,,https://www.ubereats.com/es-en/store/txikitu/47f2bd7a-3397-4747-afc1-8161e946f080,https://d1ralsognjng37.cloudfront.net/6a858d54-842a-4af6-9295-dea3f7eea611.jpeg,https://www.ubereats.com/es-en/city/nerja-es-an,CC-MAIN-2023-23
2023-06-,Nerja,KFC - Vélez Ingenio,Uber Eats,"Av. Juan Carlos I, Torre Del Mar, Málaga, Spain, Local A-1/3, AL 29740, Torre del Mar, 29740",Torre del Mar,Americana,Americana|Hamburguesas|Fried Chicken,,,€,,,,False,False,,,https://www.ubereats.com/es-en/store/kfc-velez-ingenio/9db354c8-7895-4fd0-8ce5-b105b1fbf5fe,https://tb-static.uber.com/prod/image-proc/processed_images/b8e12e0a2b8d9d113b339d83da94c51e/a70f5c9df440d10213e93244e9eb7cad.jpeg,https://www.ubereats.com/es-en/city/nerja-es-an,CC-MAIN-2023-23
2023-06-,Nerja,Tizos,Uber Eats,"Avenida Del Rey Juan Carlos I Cc El Ingenio, Vélez-Málaga, EMEA 29700, Vélez-Málaga, 29700",Vélez-Málaga,Italiana,Italiana|Pizza|Vino,,,€,,,,False,False,,,https://www.ubereats.com/es-en/store/tizos/00e82e70-2885-5930-8762-17b6a1a4de4d,https://tb-static.uber.com/prod/image-proc/processed_images/5fa1608baf05fe2433361118f1cd54d8/69ad85cd7b39888042b3bbf1c22d630d.webp,https://www.ubereats.com/es-en/city/nerja-es-an,CC-MAIN-2023-23
2023-06-,Nerja,Las Palmeras Restaurante Latino,Uber Eats,"C. Timón, 13, Torre Del Mar, EMEA 29740, Torre del Mar, 29740",Torre del Mar,Americana,Americana|Hamburguesas,,,€,,,,False,False,,,https://www.ubereats.com/es-en/store/las-palmeras-restaurante-latino/d46a9547-03bf-5fc0-94c8-e0212ea006e8,https://tb-static.uber.com/prod/image-proc/processed_images/ae008dce9eba384219ce7a62d3e9688a/a70f5c9df440d10213e93244e9eb7cad.jpeg,https://www.ubereats.com/es-en/city/nerja-es-an,CC-MAIN-2023-23
2023-06-,Nerja,La Cocina De Carol,Uber Eats,"Calle Faro Nuevo, 1, Torre Del Mar, EMEA 29740, Torre del Mar, 29740",Torre del Mar,Pollo,Pollo|Española|Carne,,,€,,,,False,False,,,https://www.ubereats.com/es-en/store/la-cocina-de-carol/b22c7ab2-20c3-52c7-82bb-6c5461d819df,https://tb-static.uber.com/prod/image-proc/processed_images/dd9d1c3154527142d0ab7cfe21b25b57/a70f5c9df440d10213e93244e9eb7cad.jpeg,https://www.ubereats.com/es-en/city/nerja-es-an,CC-MAIN-2023-23
2023-06-,Nerja,Buon Gusto,Uber Eats,"Avenida Del Rey Juan Carlos I 18, Vélez-Málaga, Emea, Es, 29740,",,Italiana,Italiana|Pizza,,,€,,,,False,False,,,https://www.ubereats.com/es-en/store/buon-gusto/2a3117bc-bb5f-57f3-af1a-879f6fe3037f,https://tb-static.uber.com/prod/image-proc/processed_images/1ff71febbbfc5af57da6a91a07038ed1/69ad85cd7b39888042b3bbf1c22d630d.webp,https://www.ubereats.com/es-en/city/nerja-es-an,CC-MAIN-2023-23
2023-06-,Nerja,Burger King - Velez-Málaga - SVE,Uber Eats,"Av. Juan Carlos I, 1, Vélez-Málaga, AL 29740, Vélez-Málaga, 29740",Vélez-Málaga,Americana,Americana|Hamburguesas|Comida rápida,,,€,,,,False,False,,,https://www.ubereats.com/es-en/store/burger-king-velez-malaga-sve/2e33c193-2f3b-46f8-8380-4f756bb82e9c,https://tb-static.uber.com/prod/image-proc/processed_images/c4cdd979b73116a4c5cb78c5554b2fa6/a70f5c9df440d10213e93244e9eb7cad.jpeg,https://www.ubereats.com/es-en/city/nerja-es-an,CC-MAIN-2023-23
2023-06-,Nerja,Asador de Pollos Josione,Uber Eats,"Calle Casa De La Viña 8, Torre Del Mar, EMEA 29740, Torre del Mar, 29740",Torre del Mar,Pollo,Pollo|Asado|Carne|Marisco,,,€,,,,False,False,,,https://www.ubereats.com/es-en/store/asador-de-pollos-josione/64700a63-07ba-5cf1-85ac-b2fca17f1cb4,https://tb-static.uber.com/prod/image-proc/processed_images/18d2cb989ee3bd9b80057a1d97c903ca/a70f5c9df440d10213e93244e9eb7cad.jpeg,https://www.ubereats.com/es-en/city/nerja-es-an,CC-MAIN-2023-23
2023-06-,Nerja,Domino's - Velez Malaga,Uber Eats,"Av Vivar Tellez, Málaga, Spain, Spain 29700, Málaga, Spain, 29700","Málaga, Spain",Americana,Americana|Comida rápida|Pizza,,,€,,,,False,False,,,https://www.ubereats.com/es-en/store/dominos-velez-malaga/89be3e14-c860-4762-a2ad-b7e0d24ec390,https://d1ralsognjng37.cloudfront.net/96abd466-4069-4567-a3e7-f95fc6e67084.jpeg,https://www.ubereats.com/es-en/city/nerja-es-an,CC-MAIN-2023-23
2023-06-,Nerja,Cafetería y Pizzería Family,Uber Eats,"Calle Alcalde Manuel Reyna, 6 Local A, Vélez Málaga, Andalucía 29700, Vélez Málaga, 29700",Vélez Málaga,Italiana,Italiana|Pasta|Pizza,,,€,,,,False,False,,,https://www.ubereats.com/es-en/store/cafeteria-y-pizzeria-family/8d6e84a8-b6d4-52b3-a370-e0d9b59c200a,https://tb-static.uber.com/prod/image-proc/processed_images/cb35be5ae22d924f160a947f1022777a/f7e27f77a1abfdaa9fab9b4ae7dab7cb.webp,https://www.ubereats.com/es-en/city/nerja-es-an,CC-MAIN-2023-23
2023-06-,Nerja,Papas El Carmen,Uber Eats,"Conjunto Del Carmen Bloque C, San José, Bajo, 29700 Vélez-Málaga, Málaga, Spain,",,Kebab,Kebab|Hamburguesas|Bebidas,,,€,,,,False,False,,,https://www.ubereats.com/es-en/store/papas-el-carmen/473a7467-f0c4-4851-b1e3-de256d50538a,https://tb-static.uber.com/prod/image-proc/processed_images/ad1652f43f0804e6ac39bcdb3be5c88d/a70f5c9df440d10213e93244e9eb7cad.jpeg,https://www.ubereats.com/es-en/city/nerja-es-an,CC-MAIN-2023-23
2023-06-,Nerja,Kebab Los Rosales Vélez-Málaga,Uber Eats,"Calle Axarquia 2, Vélez-Málaga, EMEA 29700, Vélez-Málaga, 29700",Vélez-Málaga,Kebab,Kebab|Pollo|De Oriente Medio,,,€,,,,False,False,,,https://www.ubereats.com/es-en/store/kebab-los-rosales-velez-malaga/66559ab7-c60f-5999-bb54-1b801c423ac4,https://tb-static.uber.com/prod/image-proc/processed_images/c9c77669c52edb919fc5d9aa0897a2fe/69ad85cd7b39888042b3bbf1c22d630d.webp,https://www.ubereats.com/es-en/city/nerja-es-an,CC-MAIN-2023-23
2023-06-,Nerja,Parada en La Granja,Uber Eats,"Av. De La Torre, 39, Torre De Benagalbón, Málaga, EMEA 29738, Málaga, 29738",Málaga,Americana,Americana|Hamburguesas|Sándwich,,,€,,,,False,False,,,https://www.ubereats.com/es-en/store/parada-en-la-granja/85e37779-75c8-49d8-a024-f82ab4e5ba3e,https://d1ralsognjng37.cloudfront.net/9ead109e-7c9b-4141-b086-e5210bbe528a.jpeg,https://www.ubereats.com/es-en/city/nerja-es-an,CC-MAIN-2023-23
2023-06-,Nerja,Bibra Real Food (Rincón de la Victoria),Uber Eats,"Avenida Del Mediterráneo 208, Local 2, Rincón De La Victoria, AN 29730, Rincón de la Victoria, 29730",Rincón de la Victoria,Saludable,Saludable|Ensaladas,,,,,,,False,False,,,https://www.ubereats.com/es-en/store/bibra-real-food-rincon-de-la-victoria/34fbc55e-6504-5511-b080-d4ea5dc38ad0,https://tb-static.uber.com/prod/image-proc/processed_images/7f07e673f51cb64112376e006470313f/a70f5c9df440d10213e93244e9eb7cad.jpeg,https://www.ubereats.com/es-en/city/nerja-es-an,CC-MAIN-2023-23
2023-06-,Nerja,Isturk Kebab Rincón Centro,Uber Eats,"Avenida Del Mediterraneo 137, Rincon De La Victoria, 29730, Rincon de la Victoria, 29730",Rincon de la Victoria,Turca,Turca|Pizza,,,€,,,,False,False,,,https://www.ubereats.com/es-en/store/isturk-kebab-rincon-centro/aa812d66-3e0e-4fd6-9596-bf42881a534c,https://d1ralsognjng37.cloudfront.net/f72b8d04-fa82-491f-bc7c-b8774f116c79.jpeg,https://www.ubereats.com/es-en/city/nerja-es-an,CC-MAIN-2023-23
2023-06-,Nerja,Pizza Mía Dolce&amp;Salato,Uber Eats,"Calle Córdoba 2, Rincón De La Victoria, EMEA 29730, Rincón de la Victoria, 29730",Rincón de la Victoria,Italiana,Italiana|Pizza,,,,,,,False,False,,,https://www.ubereats.com/es-en/store/pizza-mia-dolce&amp;salato/a95abf0a-b2b2-5da0-a3b6-36ecad3b079e,https://tb-static.uber.com/prod/image-proc/processed_images/2e84a5917c8839e8d9ed57f0a32078de/69ad85cd7b39888042b3bbf1c22d630d.webp,https://www.ubereats.com/es-en/city/nerja-es-an,CC-MAIN-2023-23
2023-06-,Nerja,PIZZA IN PIAZZA,Uber Eats,"Plaza De La Iglesia 7, RINCON DE LA VICTORIA, EMEA 29730, RINCON DE LA VICTORIA, 29730",RINCON DE LA VICTORIA,Pizza,Pizza|Italiana|GourmetProducts,,,€,,,,False,False,,,https://www.ubereats.com/es-en/store/pizza-in-piazza/112a0b7f-e9b6-5a74-89e3-426f6d3ed4b6,https://tb-static.uber.com/prod/image-proc/processed_images/c6188d4b5319ab6d1aae84ca2e75cced/4f48e715b6c05b9b00c3fc436b4eb65f.jpeg,https://www.ubereats.com/es-en/city/nerja-es-an,CC-MAIN-2023-23
2023-06-,Nerja,La Góndola de Ydai,Uber Eats,"Avenida Del Mediterráneo 53, Rincón De La Victoria, EMEA 29730, Rincón de la Victoria, 29730",Rincón de la Victoria,Pollo,Pollo|Pizza|Española,,,€,,,,False,False,,,https://www.ubereats.com/es-en/store/la-gondola-de-ydai/e1d6eb5a-cc57-50fe-8c46-698fd943c998,https://tb-static.uber.com/prod/image-proc/processed_images/c281ee0d2b9ffbe5259fcca9d0afdad2/a70f5c9df440d10213e93244e9eb7cad.jpeg,https://www.ubereats.com/es-en/city/nerja-es-an,CC-MAIN-2023-23
2023-06-,Nerja,Pollo Asado al Carbon INDI,Uber Eats,"Calle África 14, Malaga, EMEA 29730, Malaga, 29730",Malaga,Pollo,Pollo|Española|Alitas de pollo,,,€,,,,False,False,,,https://www.ubereats.com/es-en/store/pollo-asado-al-carbon-indi/e0cd38e7-dcde-5492-9374-0aeea38ea313,https://tb-static.uber.com/prod/image-proc/processed_images/57b838bdfa0872460bdf52c64f0b56a3/a70f5c9df440d10213e93244e9eb7cad.jpeg,https://www.ubereats.com/es-en/city/nerja-es-an,CC-MAIN-2023-23
2023-06-,Nerja,Andares Take Away,Uber Eats,"Avenida De La Axarquía 3, Local, Rincón De La Victoria, AN 29738, Rincón de la Victoria, 29738",Rincón de la Victoria,Hamburguesas,Hamburguesas,,,,,,,False,False,,,https://www.ubereats.com/es-en/store/andares-take-away/acb88f1b-4000-430d-bb28-aeca7a232595,https://tb-static.uber.com/prod/image-proc/processed_images/5a3de0e869121ccb85128ad608dd8424/69ad85cd7b39888042b3bbf1c22d630d.jpeg,https://www.ubereats.com/es-en/city/nerja-es-an,CC-MAIN-2023-23
2023-06-,Nerja,Mupanky Bowls (Rincón de la Victoria),Uber Eats,"Calle De La Victoria &amp; Paseo Marina, Rincón De La Victoria, AN 29730, Rincón de la Victoria, 29730",Rincón de la Victoria,Hawaiana,Hawaiana|Poke|Ensaladas,,,,,,,False,False,,,https://www.ubereats.com/es-en/store/mupanky-bowls-rincon-de-la-victoria/65ca417f-00ed-421f-bcaf-12eafb6d1edd,https://tb-static.uber.com/prod/image-proc/processed_images/a3fcb8dd0bbb2f024aa07df36206165e/f7e27f77a1abfdaa9fab9b4ae7dab7cb.jpeg,https://www.ubereats.com/es-en/city/nerja-es-an,CC-MAIN-2023-23
2023-06-,Nerja,Isturk Kebab Torre Benagalbon,Uber Eats,"Avenida De La Torre 106, Torre De Benagalbón, EMEA 29738, Torre de Benagalbón, 29738",Torre de Benagalbón,Pizza,Pizza|Turca|Halal,,,€,,,,False,False,,,https://www.ubereats.com/es-en/store/isturk-kebab-torre-benagalbon/4b1c55d8-6185-478d-ae7c-cfd31d757f80,https://d1ralsognjng37.cloudfront.net/c0322435-2f8b-4c4a-ab7f-c0c4f85f54f5.jpeg,https://www.ubereats.com/es-en/city/nerja-es-an,CC-MAIN-2023-23
2023-06-,Nerja,Tuk Tuk Noodles by Toc Toc (Rincon de la Victoria),Uber Eats,"Paseo De La Marina, 123, Rincón De La Victoria, Malaga, EMEA 29730, Malaga, 29730",Malaga,Asiática,Asiática|Fideos,,,,,,,False,False,,,https://www.ubereats.com/es-en/store/tuk-tuk-noodles-by-toc-toc-rincon-de-la-victoria/b14a5185-c730-4d67-8d41-6e9b501c2499,https://tb-static.uber.com/prod/image-proc/processed_images/a329bf6f556574d13e19e4e3f593fe13/f7e27f77a1abfdaa9fab9b4ae7dab7cb.jpeg,https://www.ubereats.com/es-en/city/nerja-es-an,CC-MAIN-2023-23
2023-06-,Nerja,Carrefour Express Calle Ronda Rincon de la Victoria,Uber Eats,"C/ Ronda S/N, Rinconde La Victoria, Spain 29730, Rinconde La Victoria, 29730",Rinconde La Victoria,Tienda de comestibles,Tienda de comestibles|Supermarket,,,€,,,,False,False,,,https://www.ubereats.com/es-en/store/carrefour-express-calle-ronda-rincon-de-la-victoria/9f0997fc-7b0f-57be-8b45-d3a263ff5481,https://tb-static.uber.com/prod/image-proc/processed_images/ffd3b4fd549dbcfcedd1af9c4082a45e/820883a48567670acbd720bc76391291.jpeg,https://www.ubereats.com/es-en/city/nerja-es-an,CC-MAIN-2023-23
2023-06-,Nerja,Namasté,Uber Eats,"Calle Frigiliana 13, Rincón De La Victoria, EMEA 29730, Rincón de la Victoria, 29730",Rincón de la Victoria,Kebab,Kebab|De Oriente Medio|Turca|Pizza,,,€,,,,False,False,,,https://www.ubereats.com/es-en/store/namaste/8c58eb33-ee45-5b18-ad76-7710c33c45d3,https://tb-static.uber.com/prod/image-proc/processed_images/f8b1330fd27244ce2c33d6e54b4f8778/69ad85cd7b39888042b3bbf1c22d630d.webp,https://www.ubereats.com/es-en/city/nerja-es-an,CC-MAIN-2023-23
2023-06-,Nerja,La Terracita Burgers &amp; Coffee,Uber Eats,"Avenida Del Mediterráneo 139, Rincón De La Victoria, AN 29730, Rincón de la Victoria, 29730",Rincón de la Victoria,Tapas y raciones,Tapas y raciones|Comida reconfortante,,,,,,,False,False,,,https://www.ubereats.com/es-en/store/la-terracita-burgers-&amp;-coffee/740400ba-b569-5e37-8c0c-5ba383b72d5c,https://tb-static.uber.com/prod/image-proc/processed_images/6eaae7222c4f22eb12b61862f47942be/a70f5c9df440d10213e93244e9eb7cad.jpeg,https://www.ubereats.com/es-en/city/nerja-es-an,CC-MAIN-2023-23
2023-06-,Nerja,Isturk Kebab Playa,Uber Eats,"Calle Victoria, 35, 29730, Rincón de la Victoria, 29730",Rincón de la Victoria,Árabe,Árabe|Pizza,,,€,,,,False,False,,,https://www.ubereats.com/es-en/store/isturk-kebab-playa/2b501eb3-704f-4046-bb34-6e58fe4719a9,https://d1ralsognjng37.cloudfront.net/536ad861-1d5d-4d80-98e3-5b433982188b.jpeg,https://www.ubereats.com/es-en/city/nerja-es-an,CC-MAIN-2023-23
2023-06-,Nerja,Cafetería Restaurante Dulcinea,Uber Eats,"Calle Los Cármenes 5, Rincón De La Victoria, EMEA 29730, Rincón de la Victoria, 29730",Rincón de la Victoria,Española,Española|Marisco|Mediterránea|Sopas|Ensaladas|Sándwiches|Especialidades|Con opciones vegetarianas,,,€,,,,False,False,,,https://www.ubereats.com/es-en/store/cafeteria-restaurante-dulcinea/cef2ed50-4aba-5c5f-bb2d-805cd884dc17,https://tb-static.uber.com/prod/image-proc/processed_images/1843dafd27c7769d4219a7326e318a3a/69ad85cd7b39888042b3bbf1c22d630d.webp,https://www.ubereats.com/es-en/city/nerja-es-an,CC-MAIN-2023-23
2023-06-,Nerja,Khushi Restaurant,Uber Eats,"Av. Del Mediterráneo, 96, Rincón De La Victoria, Andalucía 29730, Rincón de la Victoria, 29730",Rincón de la Victoria,India,India|Rice &amp; Curry,,,€,,,,False,False,,,https://www.ubereats.com/es-en/store/khushi-restaurant/35ad4c77-963c-497a-81e4-1ba85b70c951,https://d1ralsognjng37.cloudfront.net/76ec146d-6b5b-4488-b3f5-126b79c7c8b9.jpeg,https://www.ubereats.com/es-en/city/nerja-es-an,CC-MAIN-2023-23
2023-06-,Nerja,Zaiqa Kebab&amp;Pizza,Uber Eats,"Avenida Del Mediteranio 47, Rincon De La Victoria, EMEA 29730, Rincon de la victoria, 29730",Rincon de la victoria,Española,Española|Tapas,,,€,,,,False,False,,,https://www.ubereats.com/es-en/store/zaiqa-kebab&amp;pizza/febb56e0-db9c-5555-9517-185a497a97e6,https://tb-static.uber.com/prod/image-proc/processed_images/12338bd38d46c9d35265c2157f7df5bd/69ad85cd7b39888042b3bbf1c22d630d.webp,https://www.ubereats.com/es-en/city/nerja-es-an,CC-MAIN-2023-23
2023-06-,Nerja,Tequila Rock Taco,Uber Eats,"Plaza De Nuestra Señora De La Victoria 9, Local 4. Rincón De La Victoria, Málaga, Es, 29730,",,Mexicana,Mexicana|Tacos,,,€,,,,False,False,,,https://www.ubereats.com/es-en/store/tequila-rock-taco/4aac5222-0bca-4482-94f3-c5fee5347088,https://tb-static.uber.com/prod/image-proc/processed_images/460a1aa89e75672eef11aa891d19403a/69ad85cd7b39888042b3bbf1c22d630d.webp,https://www.ubereats.com/es-en/city/nerja-es-an,CC-MAIN-2023-23
2023-06-,Nerja,Hoyofuera,Uber Eats,"Avenida Del Mediterráneo 43, Malaga, EMEA 29730, Malaga, 29730",Malaga,Hamburguesas,Hamburguesas|Mediterránea|Española,,,€,,,,False,False,,,https://www.ubereats.com/es-en/store/hoyofuera/de43dad7-a915-5151-acd4-981223cbbdc8,https://tb-static.uber.com/prod/image-proc/processed_images/c0851cf35e902e5288b713c47f0e8aa9/a70f5c9df440d10213e93244e9eb7cad.jpeg,https://www.ubereats.com/es-en/city/nerja-es-an,CC-MAIN-2023-23
2023-06-,Chipiona,Galp (Jerez - Area Sur),Uber Eats,"Antigua Nacional Iv Km 639,5, Jerez De La Frontera, AN 11408, Jerez de la Frontera, 11408",Jerez de la Frontera,Supermarket,Supermarket,,,€,,,,False,False,,,https://www.ubereats.com/es-en/store/galp-jerez-area-sur/f816bd27-b93e-4f4e-8c59-d0e7357ddf6c,https://d1ralsognjng37.cloudfront.net/f1f2bbb0-4b08-45d1-9207-5fb080f3c957.jpeg,https://www.ubereats.com/es-en/city/chipiona-es-an,CC-MAIN-2023-23
2023-06-,Chipiona,Restaurante Hindú Noor Mahal,Uber Eats,"Avenida Del Ejército 11, Jerez De La Frontera, EMEA 11405, Jerez de la Frontera, 11405",Jerez de la Frontera,India,India|Vegetariana|Asiática,,,,,,,False,False,,,https://www.ubereats.com/es-en/store/restaurante-hindu-noor-mahal/2c61ba0a-01dc-5a35-a7bb-7bdc53611608,https://tb-static.uber.com/prod/image-proc/processed_images/875c3e006e46be285238cbee48df46fb/69ad85cd7b39888042b3bbf1c22d630d.webp,https://www.ubereats.com/es-en/city/chipiona-es-an,CC-MAIN-2023-23
2023-06-,Chipiona,Kebab House,Uber Eats,"Av. De La Constitución, 22, Chipiona, EMEA 11550, Chipiona, 11550",Chipiona,Kebab,Kebab|Hamburguesas,,,€,,,,False,False,,,https://www.ubereats.com/es-en/store/kebab-house/88d3185e-3637-56f8-a02a-cfd4e6810b22,https://tb-static.uber.com/prod/image-proc/processed_images/1c70ed3aa1b8f0332b712cc5f543a6aa/69ad85cd7b39888042b3bbf1c22d630d.webp,https://www.ubereats.com/es-en/city/chipiona-es-an,CC-MAIN-2023-23
2023-06-,Chipiona,SAN PA POLLOS,Uber Eats,"Calle Palmilla 68, N 68, Sanlúcar De Barrameda, AN 11540, Sanlúcar de Barrameda, 11540",Sanlúcar de Barrameda,Pollo,Pollo|Española|Tapas,,,€,,,,False,False,,,https://www.ubereats.com/es-en/store/san-pa-pollos/1d380067-abbf-43f2-896a-3d48466cc156,https://tb-static.uber.com/prod/image-proc/processed_images/d71391d272c2dd6cd8f79f0842899861/a70f5c9df440d10213e93244e9eb7cad.jpeg,https://www.ubereats.com/es-en/city/chipiona-es-an,CC-MAIN-2023-23
2023-06-,Chipiona,La gula a&amp;c-catering restaurante,Uber Eats,"Calle Nao San Antonio &amp; Calle Arias, Local, Sanlúcar De Barrameda, AN 11540, Sanlúcar de Barrameda, 11540",Sanlúcar de Barrameda,Española,Española|Marisco|Mediterránea|Alcohol,,,€,,,,False,False,,,https://www.ubereats.com/es-en/store/la-gula-a&amp;c-catering-restaurante/3602d76a-cf81-4970-8d72-907bbf262e51,https://d1ralsognjng37.cloudfront.net/ee7c1f3a-ea90-4116-ad8f-84ecf31a534d.webp,https://www.ubereats.com/es-en/city/chipiona-es-an,CC-MAIN-2023-23
2023-06-,Chipiona,McDonald's (Rota),Uber Eats,"Av. De La Libertad, 1, Rota, AL 11520, Rota, 11520",Rota,Americana,Americana|Hamburguesas|Comida rápida,,,€,,,,False,False,,,https://www.ubereats.com/es-en/store/mcdonalds-rota/93702f5e-228a-4da5-8f39-c9dd2ddb094c,https://tb-static.uber.com/prod/image-proc/processed_images/ecec6ad0ccf691a5f33a895d089d9f1c/a70f5c9df440d10213e93244e9eb7cad.jpeg,https://www.ubereats.com/es-en/city/chipiona-es-an,CC-MAIN-2023-23
2023-06-,Chipiona,Pizzería Burger Me Gusta,Uber Eats,"Av. De Sevilla, 15, Rota, EMEA 11520, Rota, 11520",Rota,Americana,Americana|Pizza|Hamburguesas,,,€,,,,False,False,,,https://www.ubereats.com/es-en/store/pizzeria-burger-me-gusta/dd069100-e47f-5aee-9ef9-a0d294d68347,https://tb-static.uber.com/prod/image-proc/processed_images/e2152770d28aa7fd859454d548794119/a70f5c9df440d10213e93244e9eb7cad.jpeg,https://www.ubereats.com/es-en/city/chipiona-es-an,CC-MAIN-2023-23
2023-06-,Chipiona,Pizzería Villa de Rota,Uber Eats,"Calle Sargento Céspedes 1, Rota, Andalucía 11520, Rota, 11520",Rota,Italiana,Italiana|Pasta,,,,,,,False,False,,,https://www.ubereats.com/es-en/store/pizzeria-villa-de-rota/eb44d6f0-9a95-53ab-b716-cf65bb594da6,https://tb-static.uber.com/prod/image-proc/processed_images/0b4ad1e07c07c3cbf05c318b81492829/a70f5c9df440d10213e93244e9eb7cad.jpeg,https://www.ubereats.com/es-en/city/chipiona-es-an,CC-MAIN-2023-23
2023-06-,Chipiona,Rota Doner Kebab Turkish Foods,Uber Eats,"Calle Higuereta 62, Rota, EMEA 11520, Rota, 11520",Rota,Turca,Turca|Kebab|Comida rápida,,,€,,,,False,False,,,https://www.ubereats.com/es-en/store/rota-doner-kebab-turkish-foods/23796e59-f5a9-4acd-80bc-3b74c5aa8971,https://d1ralsognjng37.cloudfront.net/9fabc6b4-7f31-4a4f-9b89-90fe71f9f842.jpeg,https://www.ubereats.com/es-en/city/chipiona-es-an,CC-MAIN-2023-23
2023-06-,Chipiona,THE URBAN GRILL EL PEREJIL,Uber Eats,"Higuereta 66, Rota, Andalucia 11520, Rota, 11520",Rota,Americana,Americana|Carne,,,€,,,,False,False,,,https://www.ubereats.com/es-en/store/the-urban-grill-el-perejil/432d3576-8539-5858-beb3-936fca59a866,https://tb-static.uber.com/prod/image-proc/processed_images/a60e47d71e04c2b68961ac660bb346fb/a70f5c9df440d10213e93244e9eb7cad.jpeg,https://www.ubereats.com/es-en/city/chipiona-es-an,CC-MAIN-2023-23
2023-06-,Chipiona,LA COCINA DE DOÑA CONCHA,Uber Eats,"Calle Velázquez, 2, Rota, EMEA 11520, Rota, 11520",Rota,Empanada,Empanada|De Latinoamérica,,,€,,,,False,False,,,https://www.ubereats.com/es-en/store/la-cocina-de-dona-concha/92f9ee93-8620-5293-b52b-e41949b432c7,https://tb-static.uber.com/prod/image-proc/processed_images/be356a0a6f50e05f15a3024932ecfb9f/a70f5c9df440d10213e93244e9eb7cad.jpeg,https://www.ubereats.com/es-en/city/chipiona-es-an,CC-MAIN-2023-23
2023-06-,Chipiona,OM PALACE,Uber Eats,"Plaza Del Triunfo Local 1, Rota, EMEA 11520, Rota, 11520",Rota,India,India|Ensaladas|Carne|Vegetariana,,,€,,,,False,False,,,https://www.ubereats.com/es-en/store/om-palace/fdafe75b-78f4-5b0c-8a11-a2b6cde26962,https://tb-static.uber.com/prod/image-proc/processed_images/c6cad4650d3e5ffb11a8578312cd397b/a70f5c9df440d10213e93244e9eb7cad.jpeg,https://www.ubereats.com/es-en/city/chipiona-es-an,CC-MAIN-2023-23
2023-06-,Chipiona,Loops &amp; Coffee,Uber Eats,"Avenida De Europa &amp; Avenida De Valdecarretas, Rota, Andalucia 11520, Rota, 11520",Rota,Americana,Americana|Café y té|Pasteles,,,€,,,,False,False,,,https://www.ubereats.com/es-en/store/loops-&amp;-coffee/b78cba0f-9844-4750-89ed-d3ff2229726f,https://d1ralsognjng37.cloudfront.net/a7c55e9d-eb0f-4859-9f0a-b0806a3a0610.jpeg,https://www.ubereats.com/es-en/city/chipiona-es-an,CC-MAIN-2023-23
2023-06-,Chipiona,ShanzaIII Indian Restaurant,Uber Eats,"Av. San Fernando 56, Rota, EMEA 11520, Rota, 11520",Rota,India,India|Pollo,,,€,,,,False,False,,,https://www.ubereats.com/es-en/store/shanzaiii-indian-restaurant/43dfa122-c647-43af-921e-9941e717ad1f,https://d1ralsognjng37.cloudfront.net/8e0809cc-50f0-4185-8d86-82f828acfa5b.jpeg,https://www.ubereats.com/es-en/city/chipiona-es-an,CC-MAIN-2023-23
2023-06-,Chipiona,Oklahoma,Uber Eats,"Avenida De La Marina 81, Rota, EMEA 11520, Rota, 11520",Rota,Desayuno y brunch,Desayuno y brunch|Americana|Sándwiches,,,,,,,False,False,,,https://www.ubereats.com/es-en/store/oklahoma/ae8cc340-db75-566f-ac79-6f5b2d3b7a21,https://tb-static.uber.com/prod/image-proc/processed_images/691d1b2a1b749bf221e1c7ebf59c0797/69ad85cd7b39888042b3bbf1c22d630d.webp,https://www.ubereats.com/es-en/city/chipiona-es-an,CC-MAIN-2023-23
2023-06-,Chipiona,Asador Virginia Rota,Uber Eats,"Av. De La Marina, 4, Rota, EMEA 11520, Rota, 11520",Rota,Pollo,Pollo|Española,,,,,,,False,False,,,https://www.ubereats.com/es-en/store/asador-virginia-rota/26790c97-16a3-50e3-9417-5c9f838f86d9,https://tb-static.uber.com/prod/image-proc/processed_images/9890c10499102cd11f23ca7336901b87/a70f5c9df440d10213e93244e9eb7cad.jpeg,https://www.ubereats.com/es-en/city/chipiona-es-an,CC-MAIN-2023-23
2023-06-,Chipiona,Bunuolin,Uber Eats,"C. De La Sevilla 33, Rota, EMEA 11520, Rota, 11520",Rota,Asiática,Asiática|Poke|Ensaladas,,,€,,,,False,False,,,https://www.ubereats.com/es-en/store/bunuolin/584fbb83-0daf-5064-9c03-24148a0123c0,https://tb-static.uber.com/prod/image-proc/processed_images/2944600a6573bde39f9ec9a24437d674/a70f5c9df440d10213e93244e9eb7cad.jpeg,https://www.ubereats.com/es-en/city/chipiona-es-an,CC-MAIN-2023-23
2023-06-,Chipiona,Foodie's Diner,Uber Eats,"Avenida San Fernando 62, Rota, EMEA 11520, Rota, 11520",Rota,Hamburguesas,Hamburguesas|Americana|Sándwiches,,,€,,,,False,False,,,https://www.ubereats.com/es-en/store/foodies-diner/0d4db909-bcd3-5d1a-938c-1dd97aec1aa4,https://tb-static.uber.com/prod/image-proc/processed_images/3d4a8da58c8a183e518228bdf5d5fd05/a70f5c9df440d10213e93244e9eb7cad.jpeg,https://www.ubereats.com/es-en/city/chipiona-es-an,CC-MAIN-2023-23
2023-06-,Chipiona,Cream's Sports Bar,Uber Eats,"Calle Inmaculada Concepción, 23, Rota, EMEA 11520, Rota, 11520",Rota,Alitas de pollo,Alitas de pollo|Americana|Comida rápida|Alcohol|Opciones para alergias,,,€,,,,False,False,,,https://www.ubereats.com/es-en/store/creams-sports-bar/a5643e48-5186-4c3e-a1cb-72e23e39b543,https://d1ralsognjng37.cloudfront.net/87ec2946-4743-4d20-b779-7ddce0d6d33a.jpeg,https://www.ubereats.com/es-en/city/chipiona-es-an,CC-MAIN-2023-23
2023-06-,Chipiona,Taberna No Ni Ná,Uber Eats,"Avenida De María Auxiliadora 19, Rota, EMEA 11520, Rota, 11520",Rota,Española,Española|Carne|Tapas,,,€,,,,False,False,,,https://www.ubereats.com/es-en/store/taberna-no-ni-na/a93ed2f5-ad93-551d-884f-1730f32a6747,https://tb-static.uber.com/prod/image-proc/processed_images/de32ec80a5a0a23f393c079a4e6ac955/a70f5c9df440d10213e93244e9eb7cad.jpeg,https://www.ubereats.com/es-en/city/chipiona-es-an,CC-MAIN-2023-23
2023-06-,Chipiona,Little John Burgers &amp; Things,Uber Eats,"Plaza La Cantera 13, Rota, EMEA 11520, Rota, 11520",Rota,Americana,Americana|Hamburguesas|Sándwich,,,€,,,,False,False,,,https://www.ubereats.com/es-en/store/little-john-burgers-&amp;-things/fb3227b1-d779-41bb-bc4d-1ab694f12407,https://d1ralsognjng37.cloudfront.net/31076a1f-7af3-4846-ae17-b7b8fdb2af6f.jpeg,https://www.ubereats.com/es-en/city/chipiona-es-an,CC-MAIN-2023-23
2023-06-,Chipiona,100 Montaditos - Rota,Uber Eats,"Plaza De Jesús Nazareno, 11520, 11520",,Española,Española|Especialidades|Mediterránea,,,€,,,,False,False,,,https://www.ubereats.com/es-en/store/100-montaditos-rota/4117e914-f170-4b44-99ab-364a4452c317,https://d1ralsognjng37.cloudfront.net/b6ee0788-a985-478a-84ec-0f8471d2dfb6.jpeg,https://www.ubereats.com/es-en/city/chipiona-es-an,CC-MAIN-2023-23
2023-06-,Chipiona,El Alambique,Uber Eats,"Calle Higuereta, 60, Rota, EMEA 11520, Rota, 11520",Rota,Mediterránea,Mediterránea|Pizza,,,€,,,,False,False,,,https://www.ubereats.com/es-en/store/el-alambique/82ac3824-e3ca-4b0b-a4d8-2d271c7d755d,https://d1ralsognjng37.cloudfront.net/d5d1eeb9-3892-4146-bd32-c5d3968bd803.jpeg,https://www.ubereats.com/es-en/city/chipiona-es-an,CC-MAIN-2023-23
2023-06-,Chipiona,La Favorita American Burguer,Uber Eats,"Calle De Higuereta 57, Rota, AN 11520, Rota, 11520",Rota,Americana,Americana|Hamburguesas,,,€,,,,False,False,,,https://www.ubereats.com/es-en/store/la-favorita-american-burguer/ac42861b-d371-4b17-a05f-97777d2d97c5,https://tb-static.uber.com/prod/image-proc/processed_images/98d4e453fd1aa3bead3012d660a00e01/a70f5c9df440d10213e93244e9eb7cad.jpeg,https://www.ubereats.com/es-en/city/chipiona-es-an,CC-MAIN-2023-23
2023-06-,Chipiona,Brixton,Uber Eats,"C. Higuereta, 57,, Rota, EMEA 11520, Rota, 11520",Rota,Americana,Americana|Sándwiches|Alitas de pollo|Pollo|Hamburguesas|Comida rápida|Beer,,,€€,,,,False,False,,,https://www.ubereats.com/es-en/store/brixton/6225e431-c9db-5a7f-89b5-6bd2dfb69b41,https://tb-static.uber.com/prod/image-proc/processed_images/87aa362b8d39fd24085328d8237cc7e3/a70f5c9df440d10213e93244e9eb7cad.jpeg,https://www.ubereats.com/es-en/city/chipiona-es-an,CC-MAIN-2023-23
2023-06-,Chipiona,La Cuchara Comida Española,Uber Eats,"Amapola, 8,, Rota, EMEA 11520, Rota, 11520",Rota,Mediterránea,Mediterránea|Tapas|Española,,,,,,,False,False,,,https://www.ubereats.com/es-en/store/la-cuchara-comida-espanola/827af4a1-8cdc-512f-9cfc-c32381248bcd,https://tb-static.uber.com/prod/image-proc/processed_images/9e82b730671e7603e14c0a794c9fa301/a70f5c9df440d10213e93244e9eb7cad.jpeg,https://www.ubereats.com/es-en/city/chipiona-es-an,CC-MAIN-2023-23
2023-06-,Chipiona,Pizzería Churrasquería Gallego,Uber Eats,"C. Higuereta, 55,, Rota, EMEA 11520, Rota, 11520",Rota,Pizza,Pizza|Pollo|Hamburguesas,,,€,,,,False,False,,,https://www.ubereats.com/es-en/store/pizzeria-churrasqueria-gallego/79b67f59-42b4-5950-aa9d-3848fd97703d,https://tb-static.uber.com/prod/image-proc/processed_images/b1390b115fa57e0627e1165186736ad3/a70f5c9df440d10213e93244e9eb7cad.jpeg,https://www.ubereats.com/es-en/city/chipiona-es-an,CC-MAIN-2023-23
2023-06-,Chipiona,HELADERÍA MARGARITA LA FRESCA,Uber Eats,"Calle De Higuereta 52, Rota, EMEA 11520, Rota, 11520",Rota,Ice Cream &amp; Frozen Yogurt,Ice Cream &amp; Frozen Yogurt,,,€,,,,False,False,,,https://www.ubereats.com/es-en/store/heladeria-margarita-la-fresca/1eb4ba1c-9073-4c98-af57-57b2f334ca8b,https://tb-static.uber.com/prod/image-proc/processed_images/65df5bac6ad9153b46ecf786b4a49f21/a70f5c9df440d10213e93244e9eb7cad.jpeg,https://www.ubereats.com/es-en/city/chipiona-es-an,CC-MAIN-2023-23
2023-06-,Chipiona,Pizzería La Palma,Uber Eats,"Calle Ruiz De Velarde, 11, Club Náutico Urta, Esquina, C. Sagrado Corazón De Jesús, 1d, Rota, EMEA 11520, Rota, 11520",Rota,Italiana,Italiana|Napolitana|Pizza,,,€,,,,False,False,,,https://www.ubereats.com/es-en/store/pizzeria-la-palma/d3d7d9c1-a993-5283-b6c3-954ae7f1e498,https://tb-static.uber.com/prod/image-proc/processed_images/a85a07288aa5d1f1a9f95f4ff9083dae/a70f5c9df440d10213e93244e9eb7cad.jpeg,https://www.ubereats.com/es-en/city/chipiona-es-an,CC-MAIN-2023-23
2023-06-,Chipiona,Santa Catrina Rota,Uber Eats,"C. Mina, 38, Rota, EMEA 11520, Rota, 11520",Rota,Mexicana,Mexicana|Tacos,,,€,,,,False,False,,,https://www.ubereats.com/es-en/store/santa-catrina-rota/1bdac7a6-a65e-505e-b83c-7b7e3ac3bb82,https://tb-static.uber.com/prod/image-proc/processed_images/35bc9383efbb85d21a5cc17466d2a880/a70f5c9df440d10213e93244e9eb7cad.jpeg,https://www.ubereats.com/es-en/city/chipiona-es-an,CC-MAIN-2023-23
2023-06-,Chipiona,The Shamrock Bar &amp; Eatery,Uber Eats,"Lugar Cantarrana Rota Km. 5,5, Av. Del Puerto, 11500, El Puerto de Santa María, 11500",El Puerto de Santa María,Asiática,Asiática|Sándwich,,,€,,,,False,False,,,https://www.ubereats.com/es-en/store/the-shamrock-bar-&amp;-eatery/39718960-d394-40f1-a91a-fbbc864fa6e0,https://d1ralsognjng37.cloudfront.net/08441e5b-9e3f-4ff7-9496-4b98f8f75d64.jpeg,https://www.ubereats.com/es-en/city/chipiona-es-an,CC-MAIN-2023-23
2023-06-,Chipiona,Foster's Hollywood - El Puerto,Uber Eats,"Calle Del Vivero, 2, 11500 El Puerto De Sta María, Cádiz, España, AL 11500, El Puerto de Sta María, 11500",El Puerto de Sta María,Americana,Americana|Hamburguesas|Comida rápida,,,€,,,,False,False,,,https://www.ubereats.com/es-en/store/fosters-hollywood-el-puerto/69182e0d-92e3-487b-a7a5-78e50d6f40d4,https://d1ralsognjng37.cloudfront.net/89bc0e5b-5e5b-4ff1-a367-3d83b39df5d3.jpeg,https://www.ubereats.com/es-en/city/chipiona-es-an,CC-MAIN-2023-23
2023-06-,Chipiona,Marruzella (El Puerto),Uber Eats,"Calle De Las Magnolias 37, Local 11, El Puerto De Santa María, AN 11500, El Puerto de Santa María, 11500",El Puerto de Santa María,Italiana,Italiana|Pizza,,,,,,,False,False,,,https://www.ubereats.com/es-en/store/marruzella-el-puerto/c1a07175-7778-5f12-907e-305631b6e411,https://tb-static.uber.com/prod/image-proc/processed_images/0af917f26f75f7d5da4a977d3426b313/69ad85cd7b39888042b3bbf1c22d630d.webp,https://www.ubereats.com/es-en/city/chipiona-es-an,CC-MAIN-2023-23
2023-06-,Chipiona,Mozzarella &amp;basilico,Uber Eats,"Av. Del Cisne, 6a, 11500 El Puerto De Sta María, Cádiz, España, AL 11500, El Puerto de Sta María, 11500",El Puerto de Sta María,Italiana,Italiana|Pasta,,,€,,,,False,False,,,https://www.ubereats.com/es-en/store/mozzarella-&amp;basilico/a4487035-8692-45f1-8132-33318df26316,https://tb-static.uber.com/prod/image-proc/processed_images/5d981a908aefa5c256cfaba2159a31b9/a70f5c9df440d10213e93244e9eb7cad.jpeg,https://www.ubereats.com/es-en/city/chipiona-es-an,CC-MAIN-2023-23
2023-06-,Chipiona,Pizzería Da Dos,Uber Eats,"Avenida Del Cisne, 24, El Puerto De Sta María, 11500, El Puerto de Sta María, 11500",El Puerto de Sta María,Italiana,Italiana|Pizza,,,€,,,,False,False,,,https://www.ubereats.com/es-en/store/pizzeria-da-dos/e948a2a2-c8e7-4e33-8ab3-5402a6e3e441,https://tb-static.uber.com/prod/image-proc/processed_images/7a3a511cb0c2795200a3062e3a18da34/a70f5c9df440d10213e93244e9eb7cad.jpeg,https://www.ubereats.com/es-en/city/chipiona-es-an,CC-MAIN-2023-23
2023-06-,Chipiona,24H Diner,Uber Eats,"Av. De Fuentebravía, 1, 11500, El Puerto de Santa María, 11500",El Puerto de Santa María,Americana,Americana|Hamburguesas|Comida rápida,,,€,,,,False,False,,,https://www.ubereats.com/es-en/store/24h-diner/12bc7ea9-edec-4b8e-b65d-a7cd11489676,https://d1ralsognjng37.cloudfront.net/085fc8e8-f363-448d-824f-4dffbd46afc6.jpeg,https://www.ubereats.com/es-en/city/chipiona-es-an,CC-MAIN-2023-23
2023-06-,Chipiona,Sedona Puerto,Uber Eats,"Edificio Aguamarina , El Puerto De Santa María, AN 11500, El Puerto de Santa María, 11500",El Puerto de Santa María,Americana,Americana|Hamburguesas|Sándwiches,,,€,,,,False,False,,,https://www.ubereats.com/es-en/store/sedona-puerto/be49be56-64e1-5236-b481-bf778ae62e07,https://tb-static.uber.com/prod/image-proc/processed_images/404f15254ecfcabb370d232703fa69d6/a70f5c9df440d10213e93244e9eb7cad.jpeg,https://www.ubereats.com/es-en/city/chipiona-es-an,CC-MAIN-2023-23
2023-06-,Chipiona,Dulce Pasión,Uber Eats,"Calle Antillas, 2, El Puerto De Santa María, Andalucía 11500, El Puerto de Santa María, 11500",El Puerto de Santa María,Americana,Americana|Pasteles,,,€,,,,False,False,,,https://www.ubereats.com/es-en/store/dulce-pasion/09bf0ad8-b2c9-4677-bcd7-920d200fe6ad,https://d1ralsognjng37.cloudfront.net/42936daa-7f55-46a0-acf5-564432157dda.jpeg,https://www.ubereats.com/es-en/city/chipiona-es-an,CC-MAIN-2023-23
2023-06-,Chipiona,Kyoto Sushi Bar,Uber Eats,"Ctra. De Sanlucar, 4, , El Puerto De Santa María, AN 11500, El Puerto de Santa María, 11500",El Puerto de Santa María,Asiática,Asiática|Sushi,,,€,,,,False,False,,,https://www.ubereats.com/es-en/store/kyoto-sushi-bar/7ac33ed5-6396-45b8-8672-2e6f2bbe2346,https://tb-static.uber.com/prod/image-proc/processed_images/b9f9f6dc1863553ce24cb4937e08ead5/a70f5c9df440d10213e93244e9eb7cad.jpeg,https://www.ubereats.com/es-en/city/chipiona-es-an,CC-MAIN-2023-23
2023-06-,Chipiona,Yannat Kebab,Uber Eats,"Calle San Juan Bosco, 5, 11500, El Puerto de Santa María, 11500",El Puerto de Santa María,Turca,Turca|Pizza|Ensaladas,,,€,,,,False,False,,,https://www.ubereats.com/es-en/store/yannat-kebab/d81ffec3-1c4c-44bb-98c9-d3f9c51d4a95,https://d1ralsognjng37.cloudfront.net/03cf9404-03b4-44c7-99a4-0fdcc8cdb72e.jpeg,https://www.ubereats.com/es-en/city/chipiona-es-an,CC-MAIN-2023-23
2023-06-,Chipiona,ROD's,Uber Eats,"Calle P Manuel Prieto 8, El Puerto De Santa María, EMEA 11500, El Puerto de Santa María, 11500",El Puerto de Santa María,Americana,Americana|Hamburguesas|Pollo,,,€,,,,False,False,,,https://www.ubereats.com/es-en/store/rods/c4166c24-8eff-5805-8ef6-ecababb1bb9c,https://tb-static.uber.com/prod/image-proc/processed_images/ec0fcbfe1002a4ed94bb60150c8dc9ca/a70f5c9df440d10213e93244e9eb7cad.jpeg,https://www.ubereats.com/es-en/city/chipiona-es-an,CC-MAIN-2023-23
2023-06-,Chipiona,Bocatas Yoli,Uber Eats,"Calle Fernando Villalon N 4, El Puerto De Santa Maria, EMEA 11500, El puerto de santa maria, 11500",El puerto de santa maria,Sándwich,Sándwich|Española,,,€,,,,False,False,,,https://www.ubereats.com/es-en/store/bocatas-yoli/e47aa5dc-5dc7-563b-bdbe-450bb97d977d,https://tb-static.uber.com/prod/image-proc/processed_images/0bd72258593c18951193b9c0d2a2c4d1/a70f5c9df440d10213e93244e9eb7cad.jpeg,https://www.ubereats.com/es-en/city/chipiona-es-an,CC-MAIN-2023-23
2023-06-,Chipiona,HOTGRILL,Uber Eats,"Calle Manuel Álvaro Bonet, 4, El Puerto De Sta María, AL 11500, El Puerto de Sta María, 11500",El Puerto de Sta María,Comida rápida,Comida rápida|Sándwich|Tex Mex|Opciones para alergias,,,€,,,,False,False,,,https://www.ubereats.com/es-en/store/hotgrill/fdda5460-00fd-435d-ba05-44b1b449a1ae,https://d1ralsognjng37.cloudfront.net/57c80123-174f-4c49-a505-e5e0d1826c60.jpeg,https://www.ubereats.com/es-en/city/chipiona-es-an,CC-MAIN-2023-23
2023-06-,Chipiona,Freidor Asador La Abuela Maria,Uber Eats,"Calle Crucero Baleares, 30, 11500, El Puerto de Santa María, 11500",El Puerto de Santa María,Americana,Americana|Hamburguesas,,,€,,,,False,False,,,https://www.ubereats.com/es-en/store/freidor-asador-la-abuela-maria/73e76f1d-e9eb-4a74-ba5d-c3fb0d7c1244,https://d1ralsognjng37.cloudfront.net/935c8d74-d1ac-46e0-a5d3-c61f659cf2f2.jpeg,https://www.ubereats.com/es-en/city/chipiona-es-an,CC-MAIN-2023-23
2023-06-,Chipiona,Bienmesabe,Uber Eats,"Calle Del Arpa, El Puerto De Sta María, AL 11500, El Puerto de Sta María, 11500",El Puerto de Sta María,Americana,Americana|Hamburguesas,,,€,,,,False,False,,,https://www.ubereats.com/es-en/store/bienmesabe/61316bef-4541-451b-966d-a61a9c85502c,https://d1ralsognjng37.cloudfront.net/8750678c-159b-4c22-b99c-894cdf6d36ff.jpeg,https://www.ubereats.com/es-en/city/chipiona-es-an,CC-MAIN-2023-23
2023-06-,Chipiona,"La Nube, Voy Volando a domicilio",Uber Eats,"Av. De Las Américas, 1, El Puerto De Sta María, AL 11500, El Puerto de Sta María, 11500",El Puerto de Sta María,Mediterránea,Mediterránea|Pizza|Ensaladas,,,€,,,,False,False,,,https://www.ubereats.com/es-en/store/la-nube-voy-volando-a-domicilio/5e021f11-e5d8-49d2-acfe-9166a4e3a253,https://tb-static.uber.com/prod/image-proc/processed_images/40e2c202d808fe2ff6bc22d90f756a54/a70f5c9df440d10213e93244e9eb7cad.jpeg,https://www.ubereats.com/es-en/city/chipiona-es-an,CC-MAIN-2023-23
2023-06-,Chipiona,Dhoma Sushi,Uber Eats,"Calle Misericordia 9a Local Izquierda, El Puerto De Santa María, Andalucía 11500, El Puerto de Santa María, 11500",El Puerto de Santa María,Japonesa,Japonesa|Sushi,,,€,,,,False,False,,,https://www.ubereats.com/es-en/store/dhoma-sushi/bc65e019-7126-482b-be38-ff1bbf1c8273,https://d1ralsognjng37.cloudfront.net/0cd91031-dfce-4752-8369-9196b24a151d.jpeg,https://www.ubereats.com/es-en/city/chipiona-es-an,CC-MAIN-2023-23
2023-06-,Chipiona,Telepizza - El Puerto De Santa Maria,Uber Eats,"Av Micaela Aramburu De Mora 5, El Puerto De Santamaria, Spain, Spain 11500, El Puerto de Santamaria, Spain, 11500","El Puerto de Santamaria, Spain",Americana,Americana|Pizza|Alitas de pollo|Comida rápida,,,€,,,,False,False,,,https://www.ubereats.com/es-en/store/telepizza-el-puerto-de-santa-maria/59f52c15-4fb0-5be3-80b8-3899be2e2f4e,https://tb-static.uber.com/prod/image-proc/processed_images/56788f20be4fdf9e341e6be1e5ced74d/a70f5c9df440d10213e93244e9eb7cad.jpeg,https://www.ubereats.com/es-en/city/chipiona-es-an,CC-MAIN-2023-23
2023-06-,Chipiona,Bollywood Indian II,Uber Eats,"Calle Los Sauces Tres 1, Local 11, El Puerto De Santa María, AN 11500, El Puerto de Santa María, 11500",El Puerto de Santa María,Indonesia,Indonesia|Anglo-Indian|Curry indio,,,,,,,False,False,,,https://www.ubereats.com/es-en/store/bollywood-indian-ii/30609b72-b049-5421-bbef-646c42feb664,https://tb-static.uber.com/prod/image-proc/processed_images/b1860cc1bb1cf9f87e9cf590986f3272/a70f5c9df440d10213e93244e9eb7cad.jpeg,https://www.ubereats.com/es-en/city/chipiona-es-an,CC-MAIN-2023-23
2023-06-,Chipiona,Carl's Jr - Jerez,Uber Eats,"Ronda Aurora Boreal, S/N, Jeréz, Cádiz, Spain 11408, Jeréz, Cádiz, 11408","Jeréz, Cádiz",Americana,Americana|Hamburguesas|Comida rápida,,,€,,,,False,False,,,https://www.ubereats.com/es-en/store/carls-jr-jerez/ca042b8d-8497-52f2-8cc6-11af0b231de6,https://tb-static.uber.com/prod/image-proc/processed_images/1620801caa0daeff6264f926b5a638f5/820883a48567670acbd720bc76391291.jpeg,https://www.ubereats.com/es-en/city/chipiona-es-an,CC-MAIN-2023-23
2023-06-,Chipiona,Más que la cresta,Uber Eats,"Calle Novena 1, Bajo, Cadiz, AN 11001, Cadiz, 11001",Cadiz,Americana,Americana|Hamburguesas|Vegetariana,,,€,,,,False,False,,,https://www.ubereats.com/es-en/store/mas-que-la-cresta/86c3da1b-c547-4e37-97e4-92d396e5f00d,https://tb-static.uber.com/prod/image-proc/processed_images/d53d30230b3c25c93750fb21a50d1ffc/820883a48567670acbd720bc76391291.jpeg,https://www.ubereats.com/es-en/city/chipiona-es-an,CC-MAIN-2023-23
2023-06-,Chipiona,Barista Coffee Poke,Uber Eats,"Calle Océano Pacífico 13, El Puerto De Santa María, EMEA 11500, El Puerto de Santa María, 11500",El Puerto de Santa María,Ensaladas,Ensaladas|Marisco|Bebidas|Boles,,,€,,,,False,False,,,https://www.ubereats.com/es-en/store/barista-coffee-poke/545aa51c-e921-53e4-a101-d22b91d6d476,https://tb-static.uber.com/prod/image-proc/processed_images/7a6adbba8e7a3f3e49a20e0446f40110/a70f5c9df440d10213e93244e9eb7cad.jpeg,https://www.ubereats.com/es-en/city/chipiona-es-an,CC-MAIN-2023-23
2023-06-,Chipiona,DIA - Av Alcalde Eduardo Ruiz Golluri S/N,Uber Eats,"Av Alcalde Eduardo Ruiz Golluri S/N, Puerto De Santa María, El, Spain 11500, Puerto de Santa María, El, 11500","Puerto de Santa María, El",Tienda de comestibles,Tienda de comestibles|Supermarket,,,€,,,,False,False,,,https://www.ubereats.com/es-en/store/dia-av-alcalde-eduardo-ruiz-golluri-s-n/e86f90c3-85fb-51ae-b002-6b8402deef5e,https://tb-static.uber.com/prod/image-proc/processed_images/6bb4092665988658ac5efc497b62aeff/820883a48567670acbd720bc76391291.jpeg,https://www.ubereats.com/es-en/city/chipiona-es-an,CC-MAIN-2023-23
2023-06-,Chipiona,Mundo Kebab,Uber Eats,"Av. Del Puerto, 1, 11006, Cadiz, 11006",Cadiz,Turca,Turca|Pizza|Sándwich,,,€,,,,False,False,,,https://www.ubereats.com/es-en/store/mundo-kebab/1c5b0d04-7f59-40a6-b808-babf505d6afb,https://d1ralsognjng37.cloudfront.net/e7c6f21a-e044-434d-8564-745ea099a1e7.jpeg,https://www.ubereats.com/es-en/city/chipiona-es-an,CC-MAIN-2023-23
2023-06-,Chipiona,Bocateria Pizzeria adri,Uber Eats,"Plaza Del Cante Jondo N4, Jerez De La Frontera, EMEA 11404, Jerez de la Frontera, 11404",Jerez de la Frontera,Italiana,Italiana|Pasta|Tacos,,,,,,,False,False,,,https://www.ubereats.com/es-en/store/bocateria-pizzeria-adri/f1084bae-c290-5951-92d1-13d201369a36,https://tb-static.uber.com/prod/image-proc/processed_images/c36e3046267b7d766941b4850c01f144/69ad85cd7b39888042b3bbf1c22d630d.webp,https://www.ubereats.com/es-en/city/chipiona-es-an,CC-MAIN-2023-23
2023-06-,Chipiona,Taquería Villano,Uber Eats,"Calle Magnolias, 37, El Puerto De Santa María, 11500, El Puerto de Santa María, 11500",El Puerto de Santa María,Burritos,Burritos|De Latinoamérica,,,€,,,,False,False,,,https://www.ubereats.com/es-en/store/taqueria-villano/878c5baa-367d-48b5-bb11-c66654b3c824,https://d1ralsognjng37.cloudfront.net/420a4aa9-dd0b-48ca-a18a-31ba801ea632.jpeg,https://www.ubereats.com/es-en/city/chipiona-es-an,CC-MAIN-2023-23
2023-06-,Chipiona,El Mejicano Chiguagua,Uber Eats,"Calle Sedería, 1, Jerez De La Frontera, EMEA 11403, Jerez de la Frontera, 11403",Jerez de la Frontera,Burritos,Burritos|Mexicana|Tacos,,,€,,,,False,False,,,https://www.ubereats.com/es-en/store/el-mejicano-chiguagua/949a1163-a0df-4cee-97f9-a69c055ba02c,https://d1ralsognjng37.cloudfront.net/ee2d1626-3736-43ae-b991-11f320296536.jpeg,https://www.ubereats.com/es-en/city/chipiona-es-an,CC-MAIN-2023-23
2023-06-,Chipiona,Domino's - Jerez,Uber Eats,"Sevilla, 42 Edf. Seritium, Cadiz, Spain, Spain 11402, Cadiz, Spain, 11402","Cadiz, Spain",Americana,Americana|Comida rápida|Pizza,,,€,,,,False,False,,,https://www.ubereats.com/es-en/store/dominos-jerez/149e3371-160c-4b07-bc1f-e0dbc00fb5dd,https://d1ralsognjng37.cloudfront.net/96abd466-4069-4567-a3e7-f95fc6e67084.jpeg,https://www.ubereats.com/es-en/city/chipiona-es-an,CC-MAIN-2023-23
2023-06-,Chipiona,Yayo’s Pizza,Uber Eats,"Calle Doctor Santiago Ramón Y Cajal Edif. Calipso Local 7, Jerez De La Frontera, EMEA 11408, Jerez de la Frontera, 11408",Jerez de la Frontera,Americana,Americana|Pizza|Ensaladas,,,€,,,,False,False,,,https://www.ubereats.com/es-en/store/yayos-pizza/6c322001-0f6d-463c-a567-58c1623f8ddf,https://tb-static.uber.com/prod/image-proc/processed_images/a11bdb2a1e48236d0158b5cdb808c15c/a70f5c9df440d10213e93244e9eb7cad.jpeg,https://www.ubereats.com/es-en/city/chipiona-es-an,CC-MAIN-2023-23
2023-06-,Chipiona,Flanagan,Uber Eats,"Av Cruz Roja, 10, Jerez De La Frontera, Andalucía 11407, Jerez de la Frontera, 11407",Jerez de la Frontera,Americana,Americana|Ensaladas|Alitas de pollo,,,€€,,,,False,False,,,https://www.ubereats.com/es-en/store/flanagan/054bc291-887e-42bb-92dc-85c45b55f62a,https://tb-static.uber.com/prod/image-proc/processed_images/0c06d73f1f4d3a6b13758e2b73a0b468/f7e27f77a1abfdaa9fab9b4ae7dab7cb.jpeg,https://www.ubereats.com/es-en/city/chipiona-es-an,CC-MAIN-2023-23
2023-06-,Chipiona,Goiko - Jerez,Uber Eats,"Doña Blanca 3., Jerez De La Frontera,, EMEA 11402, Jerez de la Frontera,, 11402","Jerez de la Frontera,",Americana,Americana|Hamburguesas,,,,,,,False,False,,,https://www.ubereats.com/es-en/store/goiko-jerez/95d82f32-c8cf-5d18-906a-0204dc24e609,https://tb-static.uber.com/prod/image-proc/processed_images/7ef708f4ffeb14fc92e993a9edf6fa28/a70f5c9df440d10213e93244e9eb7cad.jpeg,https://www.ubereats.com/es-en/city/chipiona-es-an,CC-MAIN-2023-23
2023-06-,Chipiona,A Fuego Lento,Uber Eats,"Avenida De La Libertad 15a, El Puerto De Santa María, Andalucía 11500, El Puerto de Santa María, 11500",El Puerto de Santa María,Mediterránea,Mediterránea|Tapas,,,€,,,,False,False,,,https://www.ubereats.com/es-en/store/a-fuego-lento/8239bc66-bc49-5d75-bc02-9ebd2667d546,https://tb-static.uber.com/prod/image-proc/processed_images/334dd63accc2164dfa3e837ce6ac4268/f7e27f77a1abfdaa9fab9b4ae7dab7cb.webp,https://www.ubereats.com/es-en/city/chipiona-es-an,CC-MAIN-2023-23
2023-06-,Chipiona,Toito To,Uber Eats,"Plaza De La Labranza,16, El Puerto De Santa Maria, EMEA 11500, El Puerto de Santa Maria, 11500",El Puerto de Santa Maria,Comida rápida,Comida rápida|Española|Tapas,,,€,,,,False,False,,,https://www.ubereats.com/es-en/store/toito-to/e697605a-ec6a-5cb3-8e2d-8985cf689111,https://tb-static.uber.com/prod/image-proc/processed_images/e60bff7da67ef87dcf5260f9833b2093/a70f5c9df440d10213e93244e9eb7cad.jpeg,https://www.ubereats.com/es-en/city/chipiona-es-an,CC-MAIN-2023-23
2023-06-,Chipiona,Slice Of New York Pizza Vistahermosa,Uber Eats,"Avenida Eduardo, Local 1, 11500 El Puerto De Sta María, Cádiz, El Puerto De Santa María, EMEA 11500, El Puerto de Santa María, 11500",El Puerto de Santa María,Italiana,Italiana|Pasta|Comida reconfortante|Pizza|Americana,,,€,,,,False,False,,,https://www.ubereats.com/es-en/store/slice-of-new-york-pizza-vistahermosa/cdcd08d6-2497-528c-9bac-f2ff7f1534cb,https://tb-static.uber.com/prod/image-proc/processed_images/ef21f6229a41848ebaee6d70ae760519/a70f5c9df440d10213e93244e9eb7cad.jpeg,https://www.ubereats.com/es-en/city/chipiona-es-an,CC-MAIN-2023-23
2023-06-,Chipiona,American Movie Dinner,Uber Eats,"Plaza De Aníbal González &amp; Plaza Madre De Dios, Bajo, Jerez De La Frontera, AN 11401, Jerez de la Frontera, 11401",Jerez de la Frontera,Hamburguesas,Hamburguesas|Mexicana|Pizza,,,€,,,,False,False,,,https://www.ubereats.com/es-en/store/american-movie-dinner/ebef303c-6477-42e3-b52d-688eaae4f299,https://tb-static.uber.com/prod/image-proc/processed_images/99e96b0153e273d01414ba07af615ad3/820883a48567670acbd720bc76391291.jpeg,https://www.ubereats.com/es-en/city/chipiona-es-an,CC-MAIN-2023-23
2023-06-,Chipiona,Menos Smash,Uber Eats,"C/García Carrera 31, Cádiz, AN 11009, Cádiz, 11009",Cádiz,Americana,Americana|Hamburguesas,,,€,,,,False,False,,,https://www.ubereats.com/es-en/store/menos-smash/7e08d56b-2686-4e2a-86c7-45bca13207d5,https://tb-static.uber.com/prod/image-proc/processed_images/696fc21e21af3bc46240da0f169c7b47/69ad85cd7b39888042b3bbf1c22d630d.jpeg,https://www.ubereats.com/es-en/city/chipiona-es-an,CC-MAIN-2023-23
2023-06-,Chipiona,Asador Vista Hermosa,Uber Eats,"Calle De Enmedio Esquina Calle Paralela, El Puerto De Santa María, EMEA 11500, El Puerto de Santa María, 11500",El Puerto de Santa María,Ensaladas,Ensaladas|Española,,,€,,,,False,False,,,https://www.ubereats.com/es-en/store/asador-vista-hermosa/48518fe9-bd43-4fc5-8e02-e447f447b284,https://d1ralsognjng37.cloudfront.net/c982a50f-ae8c-4f9e-b7a3-53d4e5df3adf.webp,https://www.ubereats.com/es-en/city/chipiona-es-an,CC-MAIN-2023-23
2023-06-,Chipiona,Onoto,Uber Eats,"Avenida Juan Melgarejo, 11, El Puerto De Santa María, AN 11500, El Puerto de Santa María, 11500",El Puerto de Santa María,Americana,Americana|Hamburguesas,,,€,,,,False,False,,,https://www.ubereats.com/es-en/store/onoto/d6b3b01a-06dd-4cce-bf00-d693ac898723,https://d1ralsognjng37.cloudfront.net/02d4aab7-7e2d-4f9f-9af1-7bdc514c48f5.jpeg,https://www.ubereats.com/es-en/city/chipiona-es-an,CC-MAIN-2023-23
2023-06-,Chipiona,Taj Mahal V,Uber Eats,"Calle Girasol 7. C.C. Las Magnolias - Vistahermosa, El Puerto De Santa María, EMEA 11500, El Puerto de Santa María, 11500",El Puerto de Santa María,Asiática,Asiática|Fideos|Vegetariana,,,€,,,,False,False,,,https://www.ubereats.com/es-en/store/taj-mahal-v/6ff32910-fe07-4bbd-9fb8-eb784df9de7b,https://tb-static.uber.com/prod/image-proc/processed_images/962c3c61430a57fcc0cf6502ab067af6/820883a48567670acbd720bc76391291.jpeg,https://www.ubereats.com/es-en/city/chipiona-es-an,CC-MAIN-2023-23
2023-06-,Chipiona,"CBC Come, Bebe y Calla",Uber Eats,"Calle Fernández Ballesteros 2, Cádiz, EMEA 11009, Cádiz, 11009",Cádiz,Americana,Americana|Hamburguesas,,,,,,,False,False,,,https://www.ubereats.com/es-en/store/cbc-come-bebe-y-calla/e096caa4-2658-5dea-ab62-eefab66f542d,https://tb-static.uber.com/prod/image-proc/processed_images/7d68e48fd2b9bc18d19fa70b5144173a/69ad85cd7b39888042b3bbf1c22d630d.webp,https://www.ubereats.com/es-en/city/chipiona-es-an,CC-MAIN-2023-23
2023-06-,Chipiona,Sayonara Sushi,Uber Eats,"Calle Brasil, 1, Cádiz, 11009, Cádiz, 11009",Cádiz,Japonesa,Japonesa|Sushi,,,€,,,,False,False,,,https://www.ubereats.com/es-en/store/sayonara-sushi/fb31e2bb-d7f1-4e4a-b4a6-5854c89480c6,https://d1ralsognjng37.cloudfront.net/85121294-b8ae-4559-9f7e-63cea2b39b0d.jpeg,https://www.ubereats.com/es-en/city/chipiona-es-an,CC-MAIN-2023-23
2023-06-,Chipiona,Sibuya Urban Sushi Bar - Cadiz,Uber Eats,"Glorieta Ana Orantes 5, Cádiz, EMEA 11010, Cádiz, 11010",Cádiz,Japonesa,Japonesa|Ramen,,,,,,,False,False,,,https://www.ubereats.com/es-en/store/sibuya-urban-sushi-bar-cadiz/1e4ef53f-aea4-5249-b860-4f34013b2405,https://tb-static.uber.com/prod/image-proc/processed_images/e1befa4cb3dfd5bcd90541bcd8b067f4/a70f5c9df440d10213e93244e9eb7cad.jpeg,https://www.ubereats.com/es-en/city/chipiona-es-an,CC-MAIN-2023-23
2023-06-,Chipiona,Okado Sushi Bar,Uber Eats,"Calle Hermano Valeriano Leon, Ed. Capri, Local 5, Jerez De La Frontera, AN 11407, Jerez de la Frontera, 11407",Jerez de la Frontera,Asiática,Asiática|Sushi|Opciones para alergias,,,€,,,,False,False,,,https://www.ubereats.com/es-en/store/okado-sushi-bar/f2dd76b9-5663-5d29-87f0-ee5260eca909,https://tb-static.uber.com/prod/image-proc/processed_images/2a57c9d10f974075cf2828ed6dfaa090/f7e27f77a1abfdaa9fab9b4ae7dab7cb.webp,https://www.ubereats.com/es-en/city/chipiona-es-an,CC-MAIN-2023-23
2023-06-,Chipiona,Kebab House - Puerto,Uber Eats,"Pozos Dulces 20, El Puerto De Santa María, EMEA 11500, El Puerto de Santa María, 11500",El Puerto de Santa María,Kebab,Kebab|Turca|Ensaladas|Pollo,,,€,,,,False,False,,,https://www.ubereats.com/es-en/store/kebab-house-puerto/5837451d-fdc4-5213-aa9e-39afaedef2ad,https://tb-static.uber.com/prod/image-proc/processed_images/d6b49894ed068f93943a6f8685efb712/a70f5c9df440d10213e93244e9eb7cad.jpeg,https://www.ubereats.com/es-en/city/chipiona-es-an,CC-MAIN-2023-23
2023-06-,Chipiona,Great Day Coffee,Uber Eats,"Calle Cigueña, 1, El Puerto De Santa María, 11500, El Puerto de Santa María, 11500",El Puerto de Santa María,Café,Café,,,€,,,,False,False,,,https://www.ubereats.com/es-en/store/great-day-coffee/437e1068-d78c-49e3-9391-dcdf65a4cd3e,https://d1ralsognjng37.cloudfront.net/9e430388-8956-46b5-8247-265e33f911e3.jpeg,https://www.ubereats.com/es-en/city/chipiona-es-an,CC-MAIN-2023-23
2023-06-,Chipiona,La Cremería Gelato Italiano,Uber Eats,"Av. José León De Carranza, 6, 11011, Cadiz, 11011",Cadiz,Helados y yogurt helado,Helados y yogurt helado,,,€,,,,False,False,,,https://www.ubereats.com/es-en/store/la-cremeria-gelato-italiano/5730169c-9966-4b59-bddd-c944dd79df26,https://tb-static.uber.com/prod/image-proc/processed_images/8d5a9d92cbaf4d1ee3fffe60f0d99216/f7e27f77a1abfdaa9fab9b4ae7dab7cb.jpeg,https://www.ubereats.com/es-en/city/chipiona-es-an,CC-MAIN-2023-23
2023-06-,Chipiona,Salsachips,Uber Eats,"Calle Amberes, Jerez De La Frontera, Andalucía 11405, Jerez de la Frontera, 11405",Jerez de la Frontera,Americana,Americana|Hamburguesas,,,€,,,,False,False,,,https://www.ubereats.com/es-en/store/salsachips/ae330faf-1b30-416a-967f-0899035f647e,https://d1ralsognjng37.cloudfront.net/0b2e97d6-1096-41fd-9edf-4a761a7c4727.jpeg,https://www.ubereats.com/es-en/city/chipiona-es-an,CC-MAIN-2023-23
2023-06-,Chipiona,Cantina Zapata,Uber Eats,"Avda. Blas Infante, 8 , Puerto De Santa María, Andalucía 11500, Puerto de Santa María, 11500",Puerto de Santa María,Mexicana,Mexicana|Tacos,,,€,,,,False,False,,,https://www.ubereats.com/es-en/store/cantina-zapata/54d46e0b-6df0-466e-9670-9b94f3d8e812,https://tb-static.uber.com/prod/image-proc/processed_images/3609bb18c88b7e714d63ff32116fc7e6/a70f5c9df440d10213e93244e9eb7cad.jpeg,https://www.ubereats.com/es-en/city/chipiona-es-an,CC-MAIN-2023-23
2023-06-,Chipiona,Asador Los Cedros,Uber Eats,"Av. Olivar De Rivero, 2, Jerez De La Frontera, Andalucía 11406, Jerez de la Frontera, 11406",Jerez de la Frontera,Mexicana,Mexicana|Sándwich,,,€,,,,False,False,,,https://www.ubereats.com/es-en/store/asador-los-cedros/d3b2038f-5bb5-456d-812d-a25eef7a9925,https://tb-static.uber.com/prod/image-proc/processed_images/2973e00986b07cb98e96be239da1dd6a/a70f5c9df440d10213e93244e9eb7cad.jpeg,https://www.ubereats.com/es-en/city/chipiona-es-an,CC-MAIN-2023-23
2023-06-,Chipiona,Matteo's Pizza,Uber Eats,"Calle De José Cabral Galafate, Jerez De La Frontera, Es, 7, AN 11406, Jerez de la Frontera, 11406",Jerez de la Frontera,Italiana,Italiana|Pizza,,,€,,,,False,False,,,https://www.ubereats.com/es-en/store/matteos-pizza/5eb74f3c-b088-4a8e-9558-b225402643be,https://tb-static.uber.com/prod/image-proc/processed_images/12199264cb2282ee647346e58aa7ca24/a70f5c9df440d10213e93244e9eb7cad.jpeg,https://www.ubereats.com/es-en/city/chipiona-es-an,CC-MAIN-2023-23
2023-06-,Tomares,Fundación Infantil Ronald McDonald - Seville,Uber Eats,"Calle Tarifa, 50 Ctra. Se 617, Tomares, Sevilla, Seville, Spain, Spain 41490, Seville, Spain, 41490","Seville, Spain",Americana,Americana|Hamburguesas,,,€,,,,False,False,,,https://www.ubereats.com/es-en/store/fundacion-infantil-ronald-mcdonald-seville/c7a731df-5778-4228-b5a2-a1ea879884ae,https://d1ralsognjng37.cloudfront.net/88a84f1d-41cc-4943-92a6-757a778eabed.jpeg,https://www.ubereats.com/es-en/city/tomares-es-an,CC-MAIN-2023-23
2023-06-,Tomares,Mesón Casa Paco,Uber Eats,"Calle Bami 15, Sevilla, EMEA 41013, Sevilla, 41013",Sevilla,Española,Española|Tapas,,,€,,,,False,False,,,https://www.ubereats.com/es-en/store/meson-casa-paco/d8bdd225-08a9-4da1-a69b-86295f39ac00,https://tb-static.uber.com/prod/image-proc/processed_images/a31bdf1c22370001c7701ec6b55a9ac9/a70f5c9df440d10213e93244e9eb7cad.jpeg,https://www.ubereats.com/es-en/city/tomares-es-an,CC-MAIN-2023-23
2023-06-,Tomares,Bombon Boss - Sierpes,Uber Eats,"Calle Sierpes 9, Sevilla, EMEA 41004, Sevilla, 41004",Sevilla,Panadería,Panadería|Postres,,,,,,,False,False,,,https://www.ubereats.com/es-en/store/bombon-boss-sierpes/59a9f058-efb1-50b7-8e5a-db4d319cdc33,https://tb-static.uber.com/prod/image-proc/processed_images/ff312346abba93dd4434e1531b7d445b/a70f5c9df440d10213e93244e9eb7cad.jpeg,https://www.ubereats.com/es-en/city/tomares-es-an,CC-MAIN-2023-23
2023-06-,Tomares,Cafetería Pastelería La Canasta,Uber Eats,"Avenida De La Constitución Nº16., Sevilla, 41001, Sevilla, 41001",Sevilla,Mediterránea,Mediterránea|Pasteles|Ensaladas,,,,,,,False,False,,,https://www.ubereats.com/es-en/store/cafeteria-pasteleria-la-canasta/3ad0bc5e-eccf-42e5-9693-aa405c5989a7,https://d1ralsognjng37.cloudfront.net/57ec8ef0-ab11-445e-8c65-a8a6d661af5d.jpeg,https://www.ubereats.com/es-en/city/tomares-es-an,CC-MAIN-2023-23
2023-06-,Tomares,SHELL PALACIO DE CONGRESOS (G),Uber Eats,"Glorieta Palacio De Congresos &amp; Avenida Del Alcalde Luis Uruñuela, Avenida. ALCALDE LUIS URUÑUELA S/N, GLORIETA PALACIO DE CONGRESOS, Seville, AN 41020, Seville, 41020",Seville,Supermarket,Supermarket,,,€,,,,False,False,,,https://www.ubereats.com/es-en/store/shell-palacio-de-congresos-g/d408b63a-c85b-4341-816d-b8d901f87bbc,https://d1ralsognjng37.cloudfront.net/825135cb-2600-42b1-8b58-ec53ee152335.jpeg,https://www.ubereats.com/es-en/city/tomares-es-an,CC-MAIN-2023-23
2023-06-,Tomares,Burritos &amp; Poke - Sevilla,Uber Eats,"Avenida José Laguillo, Sevilla, EMEA 41003, Sevilla, 41003",Sevilla,Burritos,Burritos|Hawaiana|Saludable|Poke,,,,,,,False,False,,,https://www.ubereats.com/es-en/store/burritos-&amp;-poke-sevilla/7b4e2e5a-db1e-460f-a326-5f937f8ae9fd,https://d1ralsognjng37.cloudfront.net/30b3df67-91f3-4c08-9ee8-130b532dde69.jpeg,https://www.ubereats.com/es-en/city/tomares-es-an,CC-MAIN-2023-23
2023-06-,Tomares,McDonald's (Mairena del Aljarafe),Uber Eats,"Mcdonald'S, Poligono Pisa, Calle Tomares, S/N, 41927, Mairena del Aljarafe, 41927",Mairena del Aljarafe,Americana,Americana|Hamburguesas|Comida rápida,,,€,,,,False,False,,,https://www.ubereats.com/es-en/store/mcdonalds-mairena-del-aljarafe/9ea9faf4-217f-4ce2-9cd3-480b943e546c,https://tb-static.uber.com/prod/image-proc/processed_images/ecec6ad0ccf691a5f33a895d089d9f1c/a70f5c9df440d10213e93244e9eb7cad.jpeg,https://www.ubereats.com/es-en/city/tomares-es-an,CC-MAIN-2023-23
2023-06-,Tomares,Burger king - CC Cavaleri,Uber Eats,"Cl Severo Ochoa. Cc Cavaleri, Sevilla East, Spain, Spain 41920, Sevilla East, Spain, 41920","Sevilla East, Spain",Americana,Americana|Hamburguesas|Comida rápida,,,€,,,,False,False,,,https://www.ubereats.com/es-en/store/burger-king-cc-cavaleri/a929667c-bb51-4b2e-b7fa-717b6dccf9fc,https://tb-static.uber.com/prod/image-proc/processed_images/c4cdd979b73116a4c5cb78c5554b2fa6/a70f5c9df440d10213e93244e9eb7cad.jpeg,https://www.ubereats.com/es-en/city/tomares-es-an,CC-MAIN-2023-23
2023-06-,Tomares,KFC - Gines,Uber Eats,"Parque Comercial Gines Plaza, Calle Desarrollo, Av. De La Industria, S/N,, Spain 41960, Gines, 41960",Gines,Americana,Americana|Hamburguesas|Fried Chicken,,,€,,,,False,False,,,https://www.ubereats.com/es-en/store/kfc-gines/58ab2737-3b6e-44c3-aab6-4f6341de2dd1,https://tb-static.uber.com/prod/image-proc/processed_images/b8e12e0a2b8d9d113b339d83da94c51e/a70f5c9df440d10213e93244e9eb7cad.jpeg,https://www.ubereats.com/es-en/city/tomares-es-an,CC-MAIN-2023-23
2023-06-,Tomares,Sibuya Urban Sushi Bar - Sevilla,Uber Eats,"Calle Albareda, 10, Sevilla, Andalucía 41001, Sevilla, 41001",Sevilla,Asiática,Asiática|Sushi,,,€,,,,False,False,,,https://www.ubereats.com/es-en/store/sibuya-urban-sushi-bar-sevilla/54b91d05-d814-4e0b-a37b-4696df8539cf,https://tb-static.uber.com/prod/image-proc/processed_images/4d8fb269a04ebb12086c98e5f79c9c44/f7e27f77a1abfdaa9fab9b4ae7dab7cb.jpeg,https://www.ubereats.com/es-en/city/tomares-es-an,CC-MAIN-2023-23
2023-06-,Tomares,Bar La Espuela,Uber Eats,"Calle Del Alcalde Juan Sánchez Mesa 8, Castilleja De La Cuesta, AN 41950, Castilleja de la Cuesta, 41950",Castilleja de la Cuesta,Americana,Americana|Hamburguesas,,,€,,,,False,False,,,https://www.ubereats.com/es-en/store/bar-la-espuela/afdc5a1d-72fc-4d2a-bbb9-283d7e4b76dc,https://d1ralsognjng37.cloudfront.net/6cf1c52a-436c-4a09-a187-88d5b67197ff.jpeg,https://www.ubereats.com/es-en/city/tomares-es-an,CC-MAIN-2023-23
2023-06-,Tomares,Pizzería Gayra,Uber Eats,"Calle Atenea, 22, Mairena Del Aljarafe, Andalucía 41927, Mairena del Aljarafe, 41927",Mairena del Aljarafe,Italiana,Italiana|Pasta|Pizza,,,€,,,,False,False,,,https://www.ubereats.com/es-en/store/pizzeria-gayra/12efbe1e-d5d0-4ef8-a930-333247d7a39f,https://d1ralsognjng37.cloudfront.net/def8a664-5e9b-48a3-af86-8dca3d9c236a.jpeg,https://www.ubereats.com/es-en/city/tomares-es-an,CC-MAIN-2023-23
2023-06-,Tomares,Sgt Pepper,Uber Eats,"Calle Fernando Iv, 34, Sevilla, AL 41011, Sevilla, 41011",Sevilla,Italiana,Italiana|Pizza|Ensaladas,,,€,,,,False,False,,,https://www.ubereats.com/es-en/store/sgt-pepper/355f5460-2906-4415-86cf-0437c450a62a,https://d1ralsognjng37.cloudfront.net/b215b5ff-f152-4549-ab95-33c37113b7c3.jpeg,https://www.ubereats.com/es-en/city/tomares-es-an,CC-MAIN-2023-23
2023-06-,Tomares,Ginos - Ciudad Expo,Uber Eats,"Avenid De Cuba Local 1, Mairenas Del Aljarafe, Sevilla, Spain, Spain 41927, Sevilla, Spain, 41927","Sevilla, Spain",Italiana,Italiana|Pizza,,,€,,,,False,False,,,https://www.ubereats.com/es-en/store/ginos-ciudad-expo/781143f7-d09e-4aa4-9224-1cc99c3f0c09,https://tb-static.uber.com/prod/image-proc/processed_images/7c0a3b7eb95427cf7b978972e47f4fe1/a70f5c9df440d10213e93244e9eb7cad.jpeg,https://www.ubereats.com/es-en/city/tomares-es-an,CC-MAIN-2023-23
2023-06-,Tomares,Makana - Tomares,Uber Eats,"Av. Arboleda 28, Tomares, EMEA 41940, Tomares, 41940",Tomares,Hawaiana,Hawaiana|Poke|Sushi,,,€,,,,False,False,,,https://www.ubereats.com/es-en/store/makana-tomares/325e0116-a870-5631-9856-0c583b740fbd,https://d1ralsognjng37.cloudfront.net/11db3c98-8532-480a-95c0-f8486e595a47.jpeg,https://www.ubereats.com/es-en/city/tomares-es-an,CC-MAIN-2023-23
2023-06-,Tomares,Burrito Market,Uber Eats,"Calle Castilleja De La Cuesta, S/N, 41950, Castilleja de la Cuesta, 41950",Castilleja de la Cuesta,Burritos,Burritos|Comida rápida|Mexicana,,,€,,,,False,False,,,https://www.ubereats.com/es-en/store/burrito-market/d55e50ea-7ed0-415f-8c44-40f4e3224c67,https://d1ralsognjng37.cloudfront.net/f0942e9a-68b0-48da-9d4e-4f5400c8e274.jpeg,https://www.ubereats.com/es-en/city/tomares-es-an,CC-MAIN-2023-23
2023-06-,Tomares,THAI HOUSE,Uber Eats,"Glorieta Anibal Gonzalez, Tomares, Andalucía 41940, Tomares, 41940",Tomares,Asiática,Asiática|Sushi,,,€,,,,False,False,,,https://www.ubereats.com/es-en/store/thai-house/5f2d4825-34fc-4e74-bd59-a0ac1661e769,https://d1ralsognjng37.cloudfront.net/497578cd-112b-4835-b82f-95d2b52256e6.jpeg,https://www.ubereats.com/es-en/city/tomares-es-an,CC-MAIN-2023-23
2023-06-,Tomares,La Bella Napoli,Uber Eats,"Avenida Del Jardinillo 25, Local 2, Mairena Del Aljarafe, EMEA 41927, Mairena del Aljarafe, 41927",Mairena del Aljarafe,Italiana,Italiana|Pasta|Pizza,,,€,,,,False,False,,,https://www.ubereats.com/es-en/store/la-bella-napoli/64570bfe-8116-5fcf-a142-6b3bf9f39a74,https://tb-static.uber.com/prod/image-proc/processed_images/4c4255fedc8c5124404730bcf29e54f9/a70f5c9df440d10213e93244e9eb7cad.jpeg,https://www.ubereats.com/es-en/city/tomares-es-an,CC-MAIN-2023-23
2023-06-,Tomares,Chivuos - Tomares,Uber Eats,"Glorieta El Garrotal 6, Tomares, EMEA 41940, Tomares, 41940",Tomares,Italiana,Italiana|Comida reconfortante,,,€,,,,False,False,,,https://www.ubereats.com/es-en/store/chivuos-tomares/584199b5-14c3-53ea-90dc-b714f7bf833d,https://tb-static.uber.com/prod/image-proc/processed_images/7a11565d072a9d9f6559500e91021360/a70f5c9df440d10213e93244e9eb7cad.jpeg,https://www.ubereats.com/es-en/city/tomares-es-an,CC-MAIN-2023-23
2023-06-,Tomares,Heladería y Cafetería Roma,Uber Eats,"Campo Alegre 72 . Local 3, Mairena Del Aljarafe, EMEA 41927, Mairena del Aljarafe, 41927",Mairena del Aljarafe,Americana,Americana|Sándwich,,,€,,,,False,False,,,https://www.ubereats.com/es-en/store/heladeria-y-cafeteria-roma/68be75b1-66fa-45c1-aa16-5c4fe32cd91b,https://d1ralsognjng37.cloudfront.net/118c2658-f0ec-412b-a4e2-a6630a33f3c5.jpeg,https://www.ubereats.com/es-en/city/tomares-es-an,CC-MAIN-2023-23
2023-06-,Tomares,Sushi Boulevard Shop Aljarafe,Uber Eats,"Avenida Del Olivar 29, Tomares, EMEA 41940, Tomares, 41940",Tomares,Japonesa,Japonesa|Sushi,,,€,,,,False,False,,,https://www.ubereats.com/es-en/store/sushi-boulevard-shop-aljarafe/731a585c-4cbd-52d9-a0c9-598c2aa6ca8b,https://tb-static.uber.com/prod/image-proc/processed_images/b7a0f8c47549267ae7bddf8ba92ceb6c/a70f5c9df440d10213e93244e9eb7cad.jpeg,https://www.ubereats.com/es-en/city/tomares-es-an,CC-MAIN-2023-23
2023-06-,Tomares,Steve Dogs Burger,Uber Eats,"Avenida Del Jardinillo 25, Local 3, Mairena Del Aljarafe, EMEA 41927, Mairena del Aljarafe, 41927",Mairena del Aljarafe,Hamburguesas,Hamburguesas|Italiana|Pasta,,,€,,,,False,False,,,https://www.ubereats.com/es-en/store/steve-dogs-burger/4d9b5c79-42f6-5254-b1c8-47d19102759c,https://tb-static.uber.com/prod/image-proc/processed_images/08cf1274f483d0321fc0dd9a848446d4/a70f5c9df440d10213e93244e9eb7cad.jpeg,https://www.ubereats.com/es-en/city/tomares-es-an,CC-MAIN-2023-23
2023-06-,Tomares,Akashito Maki Sushi,Uber Eats,"López De Gómara, 23, Sevilla, EMEA 41010, Sevilla, 41010",Sevilla,Japonesa,Japonesa|Sushi,,,€,,,,False,False,,,https://www.ubereats.com/es-en/store/akashito-maki-sushi/cc56b3e0-9567-5dd6-b4b9-f7ac113c68f1,https://tb-static.uber.com/prod/image-proc/processed_images/7d2d2748788a3c2b9443c7389e6b6681/a70f5c9df440d10213e93244e9eb7cad.jpeg,https://www.ubereats.com/es-en/city/tomares-es-an,CC-MAIN-2023-23
2023-06-,Tomares,El palacio de las pizzas,Uber Eats,"Calle De San Sebastián 1, Camas, AN 41900, Camas, 41900",Camas,Pollo,Pollo|Italiana|Pizza,,,,,,,False,False,,,https://www.ubereats.com/es-en/store/el-palacio-de-las-pizzas/8ad3d28d-44c5-445d-9dfb-c0a70b388bc9,https://tb-static.uber.com/prod/image-proc/processed_images/7b50265c6673863c9f2e9a876fcd8f9d/820883a48567670acbd720bc76391291.jpeg,https://www.ubereats.com/es-en/city/tomares-es-an,CC-MAIN-2023-23
2023-06-,Tomares,Restaurante Japonés Sushi Court,Uber Eats,"Avenida Del Aljarafe 14, Tomares, Emea, 41940 ., Local 11,",,Japonesa,Japonesa|Sushi,,,€,,,,False,False,,,https://www.ubereats.com/es-en/store/restaurante-japones-sushi-court/75859676-6c17-583a-ae3f-0d9bef280535,https://tb-static.uber.com/prod/image-proc/processed_images/be323a1d95f1d6221ea3babd6d580e57/a70f5c9df440d10213e93244e9eb7cad.jpeg,https://www.ubereats.com/es-en/city/tomares-es-an,CC-MAIN-2023-23
2023-06-,Tomares,The Sushi Bastards,Uber Eats,"Avenida De Los Palomares &amp; Carretera De San Juan Palomares, San Juan De Aznalfarache, AN 41927, San Juan de Aznalfarache, 41927",San Juan de Aznalfarache,Japonesa,Japonesa|Sushi,,,€,,,,False,False,,,https://www.ubereats.com/es-en/store/the-sushi-bastards/d67e014d-4dba-4f32-b6ad-a1a96d174063,https://d1ralsognjng37.cloudfront.net/d4cbdf00-05f3-45fe-b11c-38549044d332.jpeg,https://www.ubereats.com/es-en/city/tomares-es-an,CC-MAIN-2023-23
2023-06-,Tomares,El Pizkito,Uber Eats,"Calle San Sebastián 57b, Mairena Del Aljarafe , Sevilla, AN 41927, Sevilla, 41927",Sevilla,Hamburguesas,Hamburguesas|Mediterránea|Sándwich,,,€,,,,False,False,,,https://www.ubereats.com/es-en/store/el-pizkito/5a59abb7-a4d3-4593-8095-d1b6f97f5f3c,https://tb-static.uber.com/prod/image-proc/processed_images/820645ec72b2a274bd11321eaa681dab/69ad85cd7b39888042b3bbf1c22d630d.jpeg,https://www.ubereats.com/es-en/city/tomares-es-an,CC-MAIN-2023-23
2023-06-,Tomares,Pico Rico,Uber Eats,"Avenida De Mairena 50, Mairena Del Aljarafe, EMEA 41927, Mairena del Aljarafe, 41927",Mairena del Aljarafe,Mexicana,Mexicana|Tacos|Opciones para alergias,,,€,,,,False,False,,,https://www.ubereats.com/es-en/store/pico-rico/5fbbe86e-bede-51a1-b99d-ee5cb808899d,https://tb-static.uber.com/prod/image-proc/processed_images/4b62231662e44765e7baccf463901c14/a70f5c9df440d10213e93244e9eb7cad.jpeg,https://www.ubereats.com/es-en/city/tomares-es-an,CC-MAIN-2023-23
2023-06-,Tomares,Milanesa Haus - Tomares,Uber Eats,"Glorieta El Garrotal 6, Tomares, EMEA 41940, Tomares, 41940",Tomares,Italiana,Italiana|Comida reconfortante,,,,,,,False,False,,,https://www.ubereats.com/es-en/store/milanesa-haus-tomares/a1c5a97e-8f37-5f9f-8e7d-8847ba0dcd10,https://tb-static.uber.com/prod/image-proc/processed_images/8271c86449a3c638e98f97dba9374bfa/a70f5c9df440d10213e93244e9eb7cad.jpeg,https://www.ubereats.com/es-en/city/tomares-es-an,CC-MAIN-2023-23
2023-06-,Tomares,The Keepers Irish Pub,Uber Eats,"Avda Del Aljarafe,14, Tomares,Sevilla, EMEA 41940, Tomares,Sevilla, 41940","Tomares,Sevilla",Hamburguesas,Hamburguesas|Sándwiches|Americana,,,€,,,,False,False,,,https://www.ubereats.com/es-en/store/the-keepers-irish-pub/9d33f1b7-fd31-4cb8-ab56-19ba5da16cab,https://tb-static.uber.com/prod/image-proc/processed_images/22c46893725f460d3acfa46e45e87a0c/820883a48567670acbd720bc76391291.jpeg,https://www.ubereats.com/es-en/city/tomares-es-an,CC-MAIN-2023-23
2023-06-,Tomares,MALAGGIGI,Uber Eats,"Calle Hacienda 21, Mairena Del Aljarafe, AN 41927, Mairena del Aljarafe, 41927",Mairena del Aljarafe,Pizza,Pizza|Italiana|Pasta,,,,,,,False,False,,,https://www.ubereats.com/es-en/store/malaggigi/e6f02e34-7db3-4316-afe0-f4ad27844de0,https://tb-static.uber.com/prod/image-proc/processed_images/0b8a1dac621be2f3d55b9c5ec8de64c5/f7e27f77a1abfdaa9fab9b4ae7dab7cb.webp,https://www.ubereats.com/es-en/city/tomares-es-an,CC-MAIN-2023-23
2023-06-,Tomares,Inn Coffee Metromar,Uber Eats,"Avenida De Los Descubrimientos, Mairena Del Aljarafe, EMEA 41927, Mairena del Aljarafe, 41927",Mairena del Aljarafe,Americana,Americana|Ensaladas|Sándwich,,,€,,,,False,False,,,https://www.ubereats.com/es-en/store/inn-coffee-metromar/78e3e5b7-306a-4faa-a86d-1b7faf984a18,https://d1ralsognjng37.cloudfront.net/c988f281-8cef-43c2-bd92-f9d17aa69e4a.jpeg,https://www.ubereats.com/es-en/city/tomares-es-an,CC-MAIN-2023-23
2023-06-,Tomares,Puro Burger Street Food,Uber Eats,"Avenida De Mairena 50, Mairena Del Aljarafe, EMEA 41927, Mairena del Aljarafe, 41927",Mairena del Aljarafe,Americana,Americana|Hamburguesas,,,€,,,,False,False,,,https://www.ubereats.com/es-en/store/puro-burger-street-food/f2731ef9-906d-5210-b5f0-9944ded7780e,https://tb-static.uber.com/prod/image-proc/processed_images/92fc07473f8133b9d275c484bac51335/a70f5c9df440d10213e93244e9eb7cad.jpeg,https://www.ubereats.com/es-en/city/tomares-es-an,CC-MAIN-2023-23
2023-06-,Tomares,La Gitana Loca - Mairena Sevilla,Uber Eats,"Plaza De Las Naciones, Mairena Del Aljarafe, AN 41927, Mairena del Aljarafe, 41927",Mairena del Aljarafe,Mediterránea,Mediterránea|Sándwich|Vegetariana,,,€,,,,False,False,,,https://www.ubereats.com/es-en/store/la-gitana-loca-mairena-sevilla/41b4d507-fa13-556f-bbf3-a803310efdcd,https://tb-static.uber.com/prod/image-proc/processed_images/da52494875e9470e5277a044c1580b43/a70f5c9df440d10213e93244e9eb7cad.jpeg,https://www.ubereats.com/es-en/city/tomares-es-an,CC-MAIN-2023-23
2023-06-,Tomares,Mama Chicken - Sevilla,Uber Eats,"Av. Del Aljarafe, N°14, Local 2, 41940 Tomares, Sevilla,",,Americana,Americana|Pollo,,,€,,,,False,False,,,https://www.ubereats.com/es-en/store/mama-chicken-sevilla/2da2cd9e-133a-5507-a7ac-b122b088e0aa,https://tb-static.uber.com/prod/image-proc/processed_images/a2f335bb1eefe54c8ed11753aa9b5aa5/820883a48567670acbd720bc76391291.jpeg,https://www.ubereats.com/es-en/city/tomares-es-an,CC-MAIN-2023-23
2023-06-,Tomares,La Taberna Alemana,Uber Eats,"Calle De Las Navas De Tolosa 5, San Juan De Aznalfarache, AN 41920, San Juan de Aznalfarache, 41920",San Juan de Aznalfarache,Europea,Europea|Sándwich,,,€,,,,False,False,,,https://www.ubereats.com/es-en/store/la-taberna-alemana/9484ccd0-cd59-540b-b11a-db974daeed57,https://tb-static.uber.com/prod/image-proc/processed_images/1a69425f1f4f379b33cdd172af77b8c8/f7e27f77a1abfdaa9fab9b4ae7dab7cb.webp,https://www.ubereats.com/es-en/city/tomares-es-an,CC-MAIN-2023-23
2023-06-,Tomares,La Mafia Se Sienta A La Mesa Tomares,Uber Eats,"Glorieta Fernando Quiñones, Local 1, Sevilla, EMEA 41940, Sevilla, 41940",Sevilla,Mediterránea,Mediterránea|Pasta|Tapas,,,€,,,,False,False,,,https://www.ubereats.com/es-en/store/la-mafia-se-sienta-a-la-mesa-tomares/6b161bf4-6285-4975-b919-92c8199dd382,https://tb-static.uber.com/prod/image-proc/processed_images/d7500fc3b8dc1b2dce6397d00f1facd6/820883a48567670acbd720bc76391291.jpeg,https://www.ubereats.com/es-en/city/tomares-es-an,CC-MAIN-2023-23
2023-06-,Tomares,De Tapeo,Uber Eats,"Av. Del Jardinillo, 25, 41927, Mairena del Aljarafe, 41927",Mairena del Aljarafe,Española,Española|Ensaladas,,,€,,,,False,False,,,https://www.ubereats.com/es-en/store/de-tapeo/873836e0-a440-40e3-912a-807dc147acbe,https://d1ralsognjng37.cloudfront.net/b32fd789-09aa-491d-a56e-d94034e9cd33.jpeg,https://www.ubereats.com/es-en/city/tomares-es-an,CC-MAIN-2023-23
2023-06-,Tomares,Serranitos XL,Uber Eats,"Calle Margarita, 6, Tomares, Sevilla, EMEA 41940, Sevilla, 41940",Sevilla,Mediterránea,Mediterránea|Tapas,,,€,,,,False,False,,,https://www.ubereats.com/es-en/store/serranitos-xl/7939a7c1-2db0-4a62-a782-853aed9cda9a,https://d1ralsognjng37.cloudfront.net/63c5a5a3-2ac7-4bd1-8e71-a3742539fd01.jpeg,https://www.ubereats.com/es-en/city/tomares-es-an,CC-MAIN-2023-23
2023-06-,Tomares,Mupanky Bowls (Sevilla Centro),Uber Eats,"Calle Julio César 5, Sevilla, EMEA 41001, Sevilla, 41001",Sevilla,Hawaiana,Hawaiana|Poke|Ensaladas,,,,,,,False,False,,,https://www.ubereats.com/es-en/store/mupanky-bowls-sevilla-centro/a4c7cf6c-34bd-4987-b886-2291f96ab4c1,https://tb-static.uber.com/prod/image-proc/processed_images/319a9cd9295e04b262df735f41c0c529/a70f5c9df440d10213e93244e9eb7cad.jpeg,https://www.ubereats.com/es-en/city/tomares-es-an,CC-MAIN-2023-23
2023-06-,Tomares,Royal King Kebab - Tomares,Uber Eats,"Calle Navarro Caro 83, Tomares, EMEA 41940, Tomares, 41940",Tomares,Turca,Turca|Kebab|Ensaladas|Pollo|Platos con arroz|Bebidas,,,€,,,,False,False,,,https://www.ubereats.com/es-en/store/royal-king-kebab-tomares/3999b929-5c37-5314-b536-b48308d32c14,https://tb-static.uber.com/prod/image-proc/processed_images/b0cbb10c7fe409d5a03aa05b9d93b5db/a70f5c9df440d10213e93244e9eb7cad.jpeg,https://www.ubereats.com/es-en/city/tomares-es-an,CC-MAIN-2023-23
2023-06-,Tomares,La Chida by Keepers,Uber Eats,"Avda Del Aljarafe,14, Tomares,Sevilla, EMEA 41940, Tomares,Sevilla, 41940","Tomares,Sevilla",De Latinoamérica,De Latinoamérica|Tacos,,,€,,,,False,False,,,https://www.ubereats.com/es-en/store/la-chida-by-keepers/4e5f4e0b-3358-4ec8-8b92-3aeef4ba974e,https://tb-static.uber.com/prod/image-proc/processed_images/4222788a85185fefeafca82cb25cac40/820883a48567670acbd720bc76391291.jpeg,https://www.ubereats.com/es-en/city/tomares-es-an,CC-MAIN-2023-23
2023-06-,Tomares,Delhi by keepers,Uber Eats,"Avenida Del Aljarafe 14, Tomares, Es, AN 41940, Tomares, 41940",Tomares,Asiática,Asiática|Alitas de pollo|Vegetariana,,,€,,,,False,False,,,https://www.ubereats.com/es-en/store/delhi-by-keepers/38e1defa-5a07-420d-ae50-87275c27957f,https://tb-static.uber.com/prod/image-proc/processed_images/2cd8a1462f7716ad1179091d8d16b8de/a70f5c9df440d10213e93244e9eb7cad.jpeg,https://www.ubereats.com/es-en/city/tomares-es-an,CC-MAIN-2023-23
2023-06-,Tomares,Cafeteria Ambrosia,Uber Eats,"Av. De La Arboleda, 2, Tomares, Andalucía 41940, Tomares, 41940",Tomares,Mediterránea,Mediterránea|Tapas,,,€,,,,False,False,,,https://www.ubereats.com/es-en/store/cafeteria-ambrosia/49887dee-dd9f-4db3-a83b-d55b438d34e7,https://d1ralsognjng37.cloudfront.net/9ac87470-5be1-41a8-b661-b8d8a74913fe.jpeg,https://www.ubereats.com/es-en/city/tomares-es-an,CC-MAIN-2023-23
2023-06-,Tomares,"DIA - Ctra. Mairena-Palomares, 3",Uber Eats,"Ctra. Mairena-Palomares, 3, Mairena Del Aljarafe, Spain 41927, Mairena del Aljarafe, 41927",Mairena del Aljarafe,Tienda de comestibles,Tienda de comestibles|Supermarket,,,€,,,,False,False,,,https://www.ubereats.com/es-en/store/dia-ctra-mairena-palomares-3/6baaff61-387c-54e0-933d-9bedf547a0be,https://tb-static.uber.com/prod/image-proc/processed_images/6bb4092665988658ac5efc497b62aeff/820883a48567670acbd720bc76391291.jpeg,https://www.ubereats.com/es-en/city/tomares-es-an,CC-MAIN-2023-23
2023-06-,Tomares,La Calle Burger (Mairena del Aljarafe),Uber Eats,"Av. De Cuba, 11, Mairena Del Aljarafe, Andalucía 41927, Mairena del Aljarafe, 41927",Mairena del Aljarafe,Americana,Americana|Hamburguesas|Comida rápida,,,€,,,,False,False,,,https://www.ubereats.com/es-en/store/la-calle-burger-mairena-del-aljarafe/0b4594d8-5a72-4c6c-a558-dee15bafc48a,https://tb-static.uber.com/prod/image-proc/processed_images/cbc1429af2b14fd39b5a934752de0eac/f7e27f77a1abfdaa9fab9b4ae7dab7cb.jpeg,https://www.ubereats.com/es-en/city/tomares-es-an,CC-MAIN-2023-23
2023-06-,Tomares,TGB - Martín Villa,Uber Eats,"Calle Martín Villa, 4, Sevilla, Andalucía 41003, Sevilla, 41003",Sevilla,Americana,Americana|Comida rápida|Ensaladas,,,€,,,,False,False,,,https://www.ubereats.com/es-en/store/tgb-martin-villa/f66ecadb-10bd-47a0-8124-739aa0979f40,https://tb-static.uber.com/prod/image-proc/processed_images/d58f2b67688c49b8e653d8c82ba22b86/f7e27f77a1abfdaa9fab9b4ae7dab7cb.jpeg,https://www.ubereats.com/es-en/city/tomares-es-an,CC-MAIN-2023-23
2023-06-,Tomares,Papa John's - Tomares,Uber Eats,"Calle Rafael Alberti 1, Tomares, AN 41940, Tomares, 41940",Tomares,Americana,Americana|Pizza|Comida rápida,,,€,,,,False,False,,,https://www.ubereats.com/es-en/store/papa-johns-tomares/482f59e1-dc4c-44b2-888a-f968f7137af7,https://tb-static.uber.com/prod/image-proc/processed_images/16348ae9a5cb7fa2ac31ffd443e2ef63/a70f5c9df440d10213e93244e9eb7cad.jpeg,https://www.ubereats.com/es-en/city/tomares-es-an,CC-MAIN-2023-23
2023-06-,Tomares,Pomodoro - Mairena del Aljarafe,Uber Eats,"Avenida De Cuba 19, Mairena Del Aljarafe, Spain 41927, Mairena del Aljarafe, 41927",Mairena del Aljarafe,Comida rápida,Comida rápida|Mediterránea|Pizza|Sándwich,,,€,,,,False,False,,,https://www.ubereats.com/es-en/store/pomodoro-mairena-del-aljarafe/6c6bc734-f4ba-4c1e-ade1-acbabde56f06,https://d1ralsognjng37.cloudfront.net/bc541a6e-34dc-4852-ae6b-58ee420a40d0.jpeg,https://www.ubereats.com/es-en/city/tomares-es-an,CC-MAIN-2023-23
2023-06-,Tomares,Apetitoso,Uber Eats,"Calle San Isidro Labrador, 20, Mairena Del Aljarafe, AL 41927, Mairena del Aljarafe, 41927",Mairena del Aljarafe,Hamburguesas,Hamburguesas|Sándwich|Española,,,€,,,,False,False,,,https://www.ubereats.com/es-en/store/apetitoso/9ba744e6-cbe2-453c-b956-e372ab36fa29,https://d1ralsognjng37.cloudfront.net/8f9b5d8c-59f4-4f42-8aa7-5aec3359675c.jpeg,https://www.ubereats.com/es-en/city/tomares-es-an,CC-MAIN-2023-23
2023-06-,Tomares,Pizzería Bresaola,Uber Eats,"Avenida Francisco Manuel Gonzalez Paloyo 7, San Juan De Aznalfarache, AN 41920, San Juan de Aznalfarache, 41920",San Juan de Aznalfarache,Pizza,Pizza|Italiana|Ensaladas,,,€,,,,False,False,,,https://www.ubereats.com/es-en/store/pizzeria-bresaola/c0d9c9ec-9bf8-5cf6-b794-a2e53ece01d4,https://tb-static.uber.com/prod/image-proc/processed_images/7a1bc1bfc9c04407d775eaeb16f929a2/a70f5c9df440d10213e93244e9eb7cad.jpeg,https://www.ubereats.com/es-en/city/tomares-es-an,CC-MAIN-2023-23
2023-06-,Tomares,Tony Roma's - Torre Sevilla,Uber Eats,"Calle Gonzalo Jimenez De Quesada, 2, Local 72, Sevilla, Andalucía 41092, Sevilla, 41092",Sevilla,Americana,Americana|Barbacoa|Hamburguesas|Comida rápida,,,€,,,,False,False,,,https://www.ubereats.com/es-en/store/tony-romas-torre-sevilla/437addec-3e76-4aae-ac1c-d632da122d5d,https://d1ralsognjng37.cloudfront.net/a5677da4-fd11-4e27-aacc-44bbff0d1af5,https://www.ubereats.com/es-en/city/tomares-es-an,CC-MAIN-2023-23
2023-06-,Tomares,WOW Smash Burger,Uber Eats,"Calle Ramón Soto Vargas 1, Camas, EMEA 41900, Camas, 41900",Camas,Americana,Americana|Hamburguesas,,,€,,,,False,False,,,https://www.ubereats.com/es-en/store/wow-smash-burger/951e5751-7c06-5faa-9b56-8c35c0920ec6,https://tb-static.uber.com/prod/image-proc/processed_images/6c6215ee75845c947d9cb24df76d16b2/a70f5c9df440d10213e93244e9eb7cad.jpeg,https://www.ubereats.com/es-en/city/tomares-es-an,CC-MAIN-2023-23
2023-06-,Tomares,Las Delicias,Uber Eats,"Av De Juan Carlos I Rey De España, 1, Castilleja De La Cuesta, Andalucía 41950, Castilleja de la Cuesta, 41950",Castilleja de la Cuesta,Americana,Americana|Pizza|Comida rápida,,,€,,,,False,False,,,https://www.ubereats.com/es-en/store/las-delicias/80e6b4a6-968e-4825-91b5-3da2207a80be,https://tb-static.uber.com/prod/image-proc/processed_images/207932b5bbd179e783dc4514464de5ab/820883a48567670acbd720bc76391291.jpeg,https://www.ubereats.com/es-en/city/tomares-es-an,CC-MAIN-2023-23
2023-06-,Tomares,The Burger Shop,Uber Eats,"Ronda De Triana, 11a, 41010, Seville, 41010",Seville,Americana,Americana|Hamburguesas,,,€,,,,False,False,,,https://www.ubereats.com/es-en/store/the-burger-shop/11ab95f3-7241-44b7-a2f5-4349188e5f28,https://tb-static.uber.com/prod/image-proc/processed_images/fbfcfcab0ba9460bcb8f8dddbd953674/a70f5c9df440d10213e93244e9eb7cad.jpeg,https://www.ubereats.com/es-en/city/tomares-es-an,CC-MAIN-2023-23
2023-06-,Tomares,No Piqui (Tomares),Uber Eats,"Glorieta Fernando Quiñones, Tomares, Andalucía 41940, Tomares, 41940",Tomares,Americana,Americana|Hamburguesas|Saludable|Pizza,,,€,,,,False,False,,,https://www.ubereats.com/es-en/store/no-piqui-tomares/13c0d207-48fa-447b-bac3-4d94c01483a0,https://tb-static.uber.com/prod/image-proc/processed_images/64dc71fc502fd9df019ca27b069ef841/f7e27f77a1abfdaa9fab9b4ae7dab7cb.jpeg,https://www.ubereats.com/es-en/city/tomares-es-an,CC-MAIN-2023-23
2023-06-,Tomares,TAMPEI POKE,Uber Eats,"Rotonda De Los Descubrimientos &amp; Avenida De Los Descubrimientos, Mairena Del Aljarafe, AN 41927, Mairena del Aljarafe, 41927",Mairena del Aljarafe,Hawaiana,Hawaiana|Poke|Sushi,,,€,,,,False,False,,,https://www.ubereats.com/es-en/store/tampei-poke/a20ae6d1-9d31-4cb3-97f6-a2df8779c5d8,https://tb-static.uber.com/prod/image-proc/processed_images/529c0ee11418926f7bc1baf33b9ed073/a70f5c9df440d10213e93244e9eb7cad.jpeg,https://www.ubereats.com/es-en/city/tomares-es-an,CC-MAIN-2023-23
2023-06-,Tomares,Pizzeria Adriano,Uber Eats,"Av. De La Arboleda, 80, Tomares, Andalucía 41940, Tomares, 41940",Tomares,Italiana,Italiana|Pasta|Pizza,,,€,,,,False,False,,,https://www.ubereats.com/es-en/store/pizzeria-adriano/003ef9de-4805-46da-959c-8b9beb89515b,https://d1ralsognjng37.cloudfront.net/cd4437a0-712a-48ee-90d6-029b226abff9.jpeg,https://www.ubereats.com/es-en/city/tomares-es-an,CC-MAIN-2023-23
2023-06-,Tomares,SUSHI MÚDAKÍ,Uber Eats,"Conjunto 10, Local 3, Bda. Cdad. Del Aljarafe, Mairena Del Aljarafe, EMEA 41927, Mairena del Aljarafe, 41927",Mairena del Aljarafe,Japonesa,Japonesa|Ramen,,,€,,,,False,False,,,https://www.ubereats.com/es-en/store/sushi-mudaki/c5413672-4b18-5af2-91b5-72b11bd31cfd,https://tb-static.uber.com/prod/image-proc/processed_images/c5dc40d093ffa900b800a06aea013b2f/a70f5c9df440d10213e93244e9eb7cad.jpeg,https://www.ubereats.com/es-en/city/tomares-es-an,CC-MAIN-2023-23
2023-06-,Tomares,Da Teresa restaurante venezolano y pizzas,Uber Eats,"Glorieta El Garrotal, 6, Tomares, AL 41940, Tomares, 41940",Tomares,Italiana,Italiana|Pizza,,,€,,,,False,False,,,https://www.ubereats.com/es-en/store/da-teresa-restaurante-venezolano-y-pizzas/8ef92586-6ba4-4666-b16b-1018c1f426b0,https://d1ralsognjng37.cloudfront.net/60bb6c6f-692e-496c-9509-31813bfbc763.jpeg,https://www.ubereats.com/es-en/city/tomares-es-an,CC-MAIN-2023-23
2023-06-,Tomares,La Granja - Pollos a la Leña,Uber Eats,"Calle Campo Alegre 72, Mairena Del Aljarafe, EMEA 41927, Mairena del Aljarafe, 41927",Mairena del Aljarafe,Americana,Americana|Pollo,,,€,,,,False,False,,,https://www.ubereats.com/es-en/store/la-granja-pollos-a-la-lena/382fb2e7-15f6-5181-8ea6-df1574a36ff3,https://tb-static.uber.com/prod/image-proc/processed_images/c84d8c971e44594ce994728859ed56cd/a70f5c9df440d10213e93244e9eb7cad.jpeg,https://www.ubereats.com/es-en/city/tomares-es-an,CC-MAIN-2023-23
2023-06-,Tomares,La Vecchia Toscana,Uber Eats,"Calle Justo Monteseirín González 6, Castilleja De La Cuesta, EMEA 41950, Castilleja de la Cuesta, 41950",Castilleja de la Cuesta,Italiana,Italiana|Pasta|Pizza,,,€,,,,False,False,,,https://www.ubereats.com/es-en/store/la-vecchia-toscana/8d212de7-ffcd-5dd2-8c2a-5c5958b4cba1,https://tb-static.uber.com/prod/image-proc/processed_images/43c45f03970527be29c48498b24b7fba/69ad85cd7b39888042b3bbf1c22d630d.jpeg,https://www.ubereats.com/es-en/city/tomares-es-an,CC-MAIN-2023-23
2023-06-,Tomares,Pizzamania,Uber Eats,"Calle Fuente Del Castaño, Local 7, Bormujos, EMEA 41930, Bormujos, 41930",Bormujos,Pizza,Pizza|Americana|Italiana,,,€,,,,False,False,,,https://www.ubereats.com/es-en/store/pizzamania/66cde271-f7d4-4526-859d-df3e7ae51cf0,https://d1ralsognjng37.cloudfront.net/33d48c94-8672-4483-9b58-dcbffdb6dd2e.jpeg,https://www.ubereats.com/es-en/city/tomares-es-an,CC-MAIN-2023-23
2023-06-,Tomares,Bodega Simeón,Uber Eats,"Calle De Vicente Aleixandre 37, Bormujos, AN 41930, Bormujos, 41930",Bormujos,Mediterránea,Mediterránea|Marisco,,,€€,,,,False,False,,,https://www.ubereats.com/es-en/store/bodega-simeon/6e3d505a-706a-5729-9813-2b4ebceaa4e9,https://tb-static.uber.com/prod/image-proc/processed_images/e005bf1e50ea71bb751437c3534a5912/a70f5c9df440d10213e93244e9eb7cad.jpeg,https://www.ubereats.com/es-en/city/tomares-es-an,CC-MAIN-2023-23
2023-06-,Tomares,BocaBoca,Uber Eats,"Avenida Bormujos 6, EMEA 41930, Bormujos, 41930",Bormujos,Española,Española|Marisco|Mediterránea,,,€,,,,False,False,,,https://www.ubereats.com/es-en/store/bocaboca/d4a28b2b-df07-5fb8-a65d-6bd4fe1ab68f,https://tb-static.uber.com/prod/image-proc/processed_images/19068df48809f02bbda262a9b744a26a/a70f5c9df440d10213e93244e9eb7cad.jpeg,https://www.ubereats.com/es-en/city/tomares-es-an,CC-MAIN-2023-23
2023-06-,Tomares,Restaurante Hermanos Buxo,Uber Eats,"Calle Concordia 16, San Juan De Aznalfarache, EMEA 41920, San Juan de Aznalfarache, 41920",San Juan de Aznalfarache,Tapas y raciones,Tapas y raciones|Comida reconfortante,,,€€,,,,False,False,,,https://www.ubereats.com/es-en/store/restaurante-hermanos-buxo/8aa740f8-e0dd-5535-909d-f51bd3b67a13,https://tb-static.uber.com/prod/image-proc/processed_images/2771097a138a0cdb926a7c30b49b7122/a70f5c9df440d10213e93244e9eb7cad.jpeg,https://www.ubereats.com/es-en/city/tomares-es-an,CC-MAIN-2023-23
2023-06-,Tomares,Robles Mic Mic - Aljarafe,Uber Eats,"Ctra. Bormujos, 2, Castilleja De La Cuesta, Sevilla, EMEA 41950, Sevilla, 41950",Sevilla,Europea,Europea|Europea moderna|Tapas|Bar Food|Postres|Española|Mediterránea|Asiática,,,,,,,False,False,,,https://www.ubereats.com/es-en/store/robles-mic-mic-aljarafe/18662a3f-111b-407a-8174-f209cf4fede6,https://d1ralsognjng37.cloudfront.net/8e1ba144-442d-4542-81bd-babfae2b7c4d.jpeg,https://www.ubereats.com/es-en/city/tomares-es-an,CC-MAIN-2023-23
2023-06-,Tomares,Kebab Cavaleri,Uber Eats,"Calle Atenea, 12, 41927 Mairena Del Aljarafe, Sevilla, España, No, AL 41927, Mairena del Aljarafe, 41927",Mairena del Aljarafe,Kebab,Kebab|Libanesa,,,€,,,,False,False,,,https://www.ubereats.com/es-en/store/kebab-cavaleri/50ed25da-a80f-4ea4-af5d-1bbacc4cbee0,https://d1ralsognjng37.cloudfront.net/15a43947-3979-44fc-be82-d98227b7529b.jpeg,https://www.ubereats.com/es-en/city/tomares-es-an,CC-MAIN-2023-23
2023-06-,Tomares,Motocopas,Uber Eats,"Avenida De Montes Sierra 28, Seville, AN 41007, Seville, 41007",Seville,Alcohol,Alcohol,,,€,,,,False,False,,,https://www.ubereats.com/es-en/store/motocopas/4ba71f53-7330-478d-bbca-c2f514ff4488,https://tb-static.uber.com/prod/image-proc/processed_images/827795bba652a679e64a1343b35a13f0/a70f5c9df440d10213e93244e9eb7cad.jpeg,https://www.ubereats.com/es-en/city/tomares-es-an,CC-MAIN-2023-23
2023-06-,Tomares,Kebab Castilleja,Uber Eats,"Calle Real 140, Castilleja De La Cuesta, AN 41950, Castilleja de la Cuesta, 41950",Castilleja de la Cuesta,Alcohol,Alcohol,,,€€,,,,False,False,,,https://www.ubereats.com/es-en/store/kebab-castilleja/b664a9fa-a442-5145-bd49-a6c07fc4e8f3,https://tb-static.uber.com/prod/image-proc/processed_images/71346ebc38d6e885d65493e595ecfe73/69ad85cd7b39888042b3bbf1c22d630d.webp,https://www.ubereats.com/es-en/city/tomares-es-an,CC-MAIN-2023-23
2023-06-,Tomares,Break Bar Restaurant,Uber Eats,"Av. De Mairena, 1, San Juan De Aznalfarache, Sevilla, 41920, Sevilla, 41920",Sevilla,Caribeña,Caribeña|Pollo|Saludable,,,,,,,False,False,,,https://www.ubereats.com/es-en/store/break-bar-restaurant/284c4d22-10c7-426a-aa07-5e97c1200824,https://d1ralsognjng37.cloudfront.net/ae91b234-c6ec-4aaf-bee7-a5ef93332375.jpeg,https://www.ubereats.com/es-en/city/tomares-es-an,CC-MAIN-2023-23
2023-06-,Tomares,Empanadas Malvón - Asunción,Uber Eats,"Calle Asunción 63, Seville, AN 41011, Seville, 41011",Seville,Comida rápida,Comida rápida|De Latinoamérica|Sándwich,,,€,,,,False,False,,,https://www.ubereats.com/es-en/store/empanadas-malvon-asuncion/4b480fbf-91be-42bc-a95a-984bdc587e83,https://tb-static.uber.com/prod/image-proc/processed_images/da1838d72693449ffb203f8817eaf002/a70f5c9df440d10213e93244e9eb7cad.jpeg,https://www.ubereats.com/es-en/city/tomares-es-an,CC-MAIN-2023-23
2023-06-,Tomares,Comilón Mairena,Uber Eats,"Calle Barcelona 39, Mairena Del Aljarafe, EMEA 41927, Mairena del Aljarafe, 41927",Mairena del Aljarafe,Mediterránea,Mediterránea|Tapas,,,€,,,,False,False,,,https://www.ubereats.com/es-en/store/comilon-mairena/a644b415-3b8b-5858-9bd1-6178e946de8f,https://tb-static.uber.com/prod/image-proc/processed_images/45fb637b2f10351ca12d4634b326b746/f7e27f77a1abfdaa9fab9b4ae7dab7cb.webp,https://www.ubereats.com/es-en/city/tomares-es-an,CC-MAIN-2023-23
2023-06-,Tomares,Domino's - Mairena,Uber Eats,"Avenida De Los Descubrimientos S/N (Rotonda Ciudad Expo), Locales 15 A, 15 B, 16 A Y 16 B 41927, Seville, Spain, Spain 41927, Seville, Spain, 41927","Seville, Spain",Americana,Americana|Comida rápida|Pizza,,,€,,,,False,False,,,https://www.ubereats.com/es-en/store/dominos-mairena/b5d528b2-ff26-4ead-a1db-9269ebd85fa8,https://d1ralsognjng37.cloudfront.net/96abd466-4069-4567-a3e7-f95fc6e67084.jpeg,https://www.ubereats.com/es-en/city/tomares-es-an,CC-MAIN-2023-23
2023-06-,Tomares,La Trianera de Pepe,Uber Eats,"Avenida De Alvar Núñez &amp; Calle Del Arcángel San Rafael, 3, Sevilla, EMEA 41010, Sevilla, 41010",Sevilla,Pizza,Pizza|Italiana,,,€,,,,False,False,,,https://www.ubereats.com/es-en/store/la-trianera-de-pepe/7baf1b3d-8908-4a6e-83c1-02955c6ae7ab,https://d1ralsognjng37.cloudfront.net/ed2198a7-9ed1-4017-83e4-e625cb3f8b12.jpeg,https://www.ubereats.com/es-en/city/tomares-es-an,CC-MAIN-2023-23
2023-06-,Tomares,Todo Por La Pasta - Camino de Ginés,Uber Eats,"Calle Del Camino De Ginés 16, Bormujos, AN 41930, Bormujos, 41930",Bormujos,Italiana,Italiana|Pasta|Pizza,,,€,,,,False,False,,,https://www.ubereats.com/es-en/store/todo-por-la-pasta-camino-de-gines/a9171cda-8957-4110-b748-7cbdb60b04b6,https://d1ralsognjng37.cloudfront.net/e683415c-a5cb-4227-a3d3-ef9a28314525,https://www.ubereats.com/es-en/city/tomares-es-an,CC-MAIN-2023-23
2023-06-,Tomares,Telepizza - Mairena,Uber Eats,"Avenida De Las Civilizaciones &amp; Avenida De Los Olmos, 107, Mairena Del Aljarafe, AN 41927, Mairena del Aljarafe, 41927",Mairena del Aljarafe,Americana,Americana|Pizza|Alitas de pollo|Comida rápida,,,€,,,,False,False,,,https://www.ubereats.com/es-en/store/telepizza-mairena/d791e2fd-412c-5110-b0ca-feec41fbe3b7,https://tb-static.uber.com/prod/image-proc/processed_images/56788f20be4fdf9e341e6be1e5ced74d/a70f5c9df440d10213e93244e9eb7cad.jpeg,https://www.ubereats.com/es-en/city/tomares-es-an,CC-MAIN-2023-23
2023-06-,Tomares,Fusión&amp;Tradición Pinchos Morunos,Uber Eats,"Plaza De San Martín De Porres 8, Seville, AN 41010, Seville, 41010",Seville,Mediterránea,Mediterránea|Tapas,,,€,,,,False,False,,,https://www.ubereats.com/es-en/store/fusion&amp;tradicion-pinchos-morunos/8b8ffa6e-f2bd-5f15-858d-732fcdb09cf4,https://tb-static.uber.com/prod/image-proc/processed_images/9ccea64ebc9d9918882084df3bc18518/a70f5c9df440d10213e93244e9eb7cad.jpeg,https://www.ubereats.com/es-en/city/tomares-es-an,CC-MAIN-2023-23
2023-06-,Tomares,Stilo Kebab - Camas,Uber Eats,"Calle Poeta Muñoz San Román &amp; Calle Del Poeta Muñoz San Román, 21 Local, Camas, AN 41900, Camas, 41900",Camas,Española,Española|Kebab,,,€,,,,False,False,,,https://www.ubereats.com/es-en/store/stilo-kebab-camas/a1c69020-bdd1-4625-bbcc-4b8331ca6c1e,https://tb-static.uber.com/prod/image-proc/processed_images/4b65a8efea1ae1c4240bf7422819b8b8/a70f5c9df440d10213e93244e9eb7cad.jpeg,https://www.ubereats.com/es-en/city/tomares-es-an,CC-MAIN-2023-23
2023-06-,Tomares,Abaceria Salvatierra,Uber Eats,"López De Gómara 20, Sevilla, EMEA 41010, Sevilla, 41010",Sevilla,Mediterránea,Mediterránea|Tapas,,,€,,,,False,False,,,https://www.ubereats.com/es-en/store/abaceria-salvatierra/7fb10f0b-0ee3-5d95-ad9f-8d93ddf02742,https://tb-static.uber.com/prod/image-proc/processed_images/f1debae9460be2becbed06f7283c1807/a70f5c9df440d10213e93244e9eb7cad.jpeg,https://www.ubereats.com/es-en/city/tomares-es-an,CC-MAIN-2023-23
2023-06-,Guadalajara,Fundación Infantil Ronald McDonald - Guadalajara,Uber Eats,"Av. Eduardo Guitián, 13-19 , Guadalajara, Guadalajara, Spain, Spain 19002, Guadalajara, Spain, 19002","Guadalajara, Spain",Americana,Americana|Hamburguesas,,,€,,,,False,False,,,https://www.ubereats.com/es-en/store/fundacion-infantil-ronald-mcdonald-guadalajara/83cd3bb2-c350-410e-9afd-c564ceb3e387,https://d1ralsognjng37.cloudfront.net/88a84f1d-41cc-4943-92a6-757a778eabed.jpeg,https://www.ubereats.com/es-en/city/guadalajara-es-cm,CC-MAIN-2023-23
2023-06-,Guadalajara,Taco Bell - Guadalajara,Uber Eats,"C. Toledo, 8, Guadalajara, Spain 19002, Guadalajara, 19002",Guadalajara,Pollo,Pollo|Comida rápida|Mexicana|Tacos,,,€,,,,False,False,,,https://www.ubereats.com/es-en/store/taco-bell-guadalajara/c4d25eaa-b449-517e-a0b0-8710c4655cc0,https://tb-static.uber.com/prod/image-proc/processed_images/b84985078ed512e09abd655bbf2bd09c/a70f5c9df440d10213e93244e9eb7cad.jpeg,https://www.ubereats.com/es-en/city/guadalajara-es-cm,CC-MAIN-2023-23
2023-06-,Guadalajara,Papa John's - Guadalajara,Uber Eats,"Calle De Rufino Blanco 22, Guadalajara, Es, Castilla-La Mancha 19002, Guadalajara, 19002",Guadalajara,Americana,Americana|Pizza|Comida rápida,,,€,,,,False,False,,,https://www.ubereats.com/es-en/store/papa-johns-guadalajara/1b2a0d5e-de1d-43ad-aebd-7c83e24a4776,https://tb-static.uber.com/prod/image-proc/processed_images/6a23d9d7ff3cfad62b04f951b15b4b04/a70f5c9df440d10213e93244e9eb7cad.jpeg,https://www.ubereats.com/es-en/city/guadalajara-es-cm,CC-MAIN-2023-23
2023-06-,Guadalajara,Bocadilleria PK2,Uber Eats,"Calle Del Cardenal González De Mendoza 8, Guadalajara, EMEA 19001, Guadalajara, 19001",Guadalajara,Americana,Americana|Sándwich|Vegetariana,,,€,,,,False,False,,,https://www.ubereats.com/es-en/store/bocadilleria-pk2/b9b87afc-1372-52db-9e26-994b76db5843,https://tb-static.uber.com/prod/image-proc/processed_images/20a4b8f3ffa591b930decf6089b4eb71/a70f5c9df440d10213e93244e9eb7cad.jpeg,https://www.ubereats.com/es-en/city/guadalajara-es-cm,CC-MAIN-2023-23
2023-06-,Guadalajara,Gingko Sushi,Uber Eats,"Calle Señorío De Molina 2, Guadalajara, Castilla-La Mancha 19005, Guadalajara, 19005",Guadalajara,Japonesa,Japonesa|Sushi|Fish &amp; Seafood|Marisco|Teppanyaki,,,€,,,,False,False,,,https://www.ubereats.com/es-en/store/gingko-sushi/38d71615-e816-4e5f-9d05-e30d712f670a,https://tb-static.uber.com/prod/image-proc/processed_images/a6a0a574883078e13e0fa2df628f8cba/a70f5c9df440d10213e93244e9eb7cad.jpeg,https://www.ubereats.com/es-en/city/guadalajara-es-cm,CC-MAIN-2023-23
2023-06-,Guadalajara,Telepizza - Guadalajara Bulevar de Entrepeñas,Uber Eats,"Av. Beleña, 6, Guadalajara, Spain 19005, Guadalajara, 19005",Guadalajara,american,american|fastfood|pizza|wings,,,€,,,,False,False,,,https://www.ubereats.com/es-en/store/telepizza-guadalajara-bulevar-de-entrepenas/469dcd4e-1ea6-5071-8665-d20e45e283b7,https://tb-static.uber.com/prod/image-proc/processed_images/56788f20be4fdf9e341e6be1e5ced74d/a70f5c9df440d10213e93244e9eb7cad.jpeg,https://www.ubereats.com/es-en/city/guadalajara-es-cm,CC-MAIN-2023-23
2023-06-,Guadalajara,Green Bowl - Todo en un Bowl,Uber Eats,"C. Teresa Claramunt, 3, Local 10,, Guadalajara,, EMEA 19005, Guadalajara,, 19005","Guadalajara,",Mediterránea,Mediterránea|Carne,,,€,,,,False,False,,,https://www.ubereats.com/es-en/store/green-bowl-todo-en-un-bowl/b2e9bdc9-cb98-5ee1-8829-f8581cfe7418,https://tb-static.uber.com/prod/image-proc/processed_images/37782f0d29597a3acae124e4645a0483/a70f5c9df440d10213e93244e9eb7cad.jpeg,https://www.ubereats.com/es-en/city/guadalajara-es-cm,CC-MAIN-2023-23
2023-06-,Guadalajara,DIA - Av Del Ejercito,Uber Eats,"Av Del Ejercito 6, Guadalajara, Spain, Spain 19004, Guadalajara, Spain, 19004","Guadalajara, Spain",Tienda de comestibles,Tienda de comestibles|Supermarket,,,€,,,,False,False,,,https://www.ubereats.com/es-en/store/dia-av-del-ejercito/d2198a8b-a24b-491c-b6e8-802e88601ef9,https://d1ralsognjng37.cloudfront.net/b874ff7f-faa1-4acc-b6bf-3ea95bcf1feb.jpeg,https://www.ubereats.com/es-en/city/guadalajara-es-cm,CC-MAIN-2023-23
2023-06-,Guadalajara,Foster's Hollywood (C.C.El Ferial),Uber Eats,"Av. Eduardo Guitián, 13, 19, 19002, Guadalajara, 19002",Guadalajara,Americana,Americana|Hamburguesas|Comida rápida,,,€,,,,False,False,,,https://www.ubereats.com/es-en/store/fosters-hollywood-ccel-ferial/7be4b141-b28d-4d9b-841c-9642a69762f9,https://d1ralsognjng37.cloudfront.net/89bc0e5b-5e5b-4ff1-a367-3d83b39df5d3.jpeg,https://www.ubereats.com/es-en/city/guadalajara-es-cm,CC-MAIN-2023-23
2023-06-,Guadalajara,Restaurante Asiatico Fu,Uber Eats,"Bulevar Clara Campoamor, 2, Guadalajara, EMEA 19005, Guadalajara, 19005",Guadalajara,Asiática,Asiática|Sushi,,,€,,,,False,False,,,https://www.ubereats.com/es-en/store/restaurante-asiatico-fu/ec038b62-720c-52a6-8d5d-5eeb0746c5cf,https://tb-static.uber.com/prod/image-proc/processed_images/4e2dcbc3804aedd0df57b6933bbeb5a0/a70f5c9df440d10213e93244e9eb7cad.jpeg,https://www.ubereats.com/es-en/city/guadalajara-es-cm,CC-MAIN-2023-23
2023-06-,Guadalajara,Burger King - Virgen del Amparo,Uber Eats,"Virgen Del Amparo,51 (19002)Guadalajara, Spain 19002, Guadalajara, 19002",Guadalajara,Americana,Americana|Hamburguesas|Comida rápida,,,€,,,,False,False,,,https://www.ubereats.com/es-en/store/burger-king-virgen-del-amparo/4db4c410-5d28-46a2-b0bf-886fc993525c,https://tb-static.uber.com/prod/image-proc/processed_images/c4cdd979b73116a4c5cb78c5554b2fa6/a70f5c9df440d10213e93244e9eb7cad.jpeg,https://www.ubereats.com/es-en/city/guadalajara-es-cm,CC-MAIN-2023-23
2023-06-,Guadalajara,VIPS Ferial Plaza,Uber Eats,"C.C. Ferial Plaza C/ Eduardo Guitian Revuelta, S/N. Guadalajara, Guadalajara, Spain, Spain 19002, Guadalajara, Spain, 19002","Guadalajara, Spain",Comida rápida,Comida rápida|Mediterránea|Sándwich,,,€,,,,False,False,,,https://www.ubereats.com/es-en/store/vips-ferial-plaza/b9aef108-77eb-4730-a6da-df9e4b7bc784,https://tb-static.uber.com/prod/image-proc/processed_images/697512b776a2fc5fb773b8fa4b5b8c55/820883a48567670acbd720bc76391291.jpeg,https://www.ubereats.com/es-en/city/guadalajara-es-cm,CC-MAIN-2023-23
2023-06-,Guadalajara,Popeyes - Guadalajara,Uber Eats,"Calle De Rufino Blanco 14, Guadalajara, Castille-La Mancha 19002, Guadalajara, 19002",Guadalajara,Americana,Americana|Fried Chicken,,,€,,,,False,False,,,https://www.ubereats.com/es-en/store/popeyes-guadalajara/b1303e08-91b2-4ed9-983f-fef57ba6b490,https://tb-static.uber.com/prod/image-proc/processed_images/913ace086fa39464b32b9ff417b9a10c/a70f5c9df440d10213e93244e9eb7cad.jpeg,https://www.ubereats.com/es-en/city/guadalajara-es-cm,CC-MAIN-2023-23
2023-06-,Guadalajara,Mister Gyoza,Uber Eats,"Calle De Rufino Blanco 8, Guadalajara, EMEA 19003, Guadalajara, 19003",Guadalajara,Asiática,Asiática|Sushi,,,€,,,,False,False,,,https://www.ubereats.com/es-en/store/mister-gyoza/c4693935-5f2f-55bf-91d7-16d0d5a34650,https://tb-static.uber.com/prod/image-proc/processed_images/8429fd336903901e1b6c10f9ad15fc62/820883a48567670acbd720bc76391291.jpeg,https://www.ubereats.com/es-en/city/guadalajara-es-cm,CC-MAIN-2023-23
2023-06-,Guadalajara,Dall'Italiano,Uber Eats,"Calle Pedro Pascual 9, Guadalajara, EMEA 19001, Guadalajara, 19001",Guadalajara,Hamburguesas,Hamburguesas|Italiana|Pizza|Opciones para alergias,,,€,,,,False,False,,,https://www.ubereats.com/es-en/store/dallitaliano/49af9e1c-c920-5cca-b677-78c599eec4e6,https://d1ralsognjng37.cloudfront.net/68d930a7-9909-44ea-82c0-6ad8b14258d9.webp,https://www.ubereats.com/es-en/city/guadalajara-es-cm,CC-MAIN-2023-23
2023-06-,Guadalajara,100 Montaditos - Avenida Eduardo Gutian,Uber Eats,"Avenida Eduardo Guitian 13-19, Guadalajara, Spain, Spain 19002, Guadalajara, Spain, 19002","Guadalajara, Spain",Europea,Europea|Comida rápida|Ensaladas|Sándwich,,,€,,,,False,False,,,https://www.ubereats.com/es-en/store/100-montaditos-avenida-eduardo-gutian/b016ddd1-f887-4e8b-bbfd-262ab5083493,https://d1ralsognjng37.cloudfront.net/fa740de7-ac00-48e1-8e8f-c7ff00d94fa5.jpeg,https://www.ubereats.com/es-en/city/guadalajara-es-cm,CC-MAIN-2023-23
2023-06-,Guadalajara,Cantina &amp; Co,Uber Eats,"Avenida De Eduardo Guitián 5, Guadalajara, Castille-La Mancha 19002, Guadalajara, 19002",Guadalajara,Americana,Americana|Hamburguesas|Sándwich,,,€,,,,False,False,,,https://www.ubereats.com/es-en/store/cantina-&amp;-co/1a965de5-8674-4a44-8636-018d1dd18ccb,https://d1ralsognjng37.cloudfront.net/9950dff7-95b6-4281-b08b-000aa1f3e0b6.jpeg,https://www.ubereats.com/es-en/city/guadalajara-es-cm,CC-MAIN-2023-23
2023-06-,Guadalajara,Plan B,Uber Eats,"Calle De Felipe Solano Antelo 14, Guadalajara, Castille-La Mancha 19002, Guadalajara, 19002",Guadalajara,Mediterránea,Mediterránea|Sándwich,,,€,,,,False,False,,,https://www.ubereats.com/es-en/store/plan-b/74f2ce7c-a305-5753-a053-39c0b56cf2fd,https://tb-static.uber.com/prod/image-proc/processed_images/c2398f49091f3bd5da1a0280a08c7866/69ad85cd7b39888042b3bbf1c22d630d.webp,https://www.ubereats.com/es-en/city/guadalajara-es-cm,CC-MAIN-2023-23
2023-06-,Guadalajara,Kebab Guada,Uber Eats,"C. Zaragoza, 15, Guadalajara, EMEA 19005, Guadalajara, 19005",Guadalajara,Pollo,Pollo|De Oriente Medio|Kebab,,,€,,,,False,False,,,https://www.ubereats.com/es-en/store/kebab-guada/b03cb5b5-25a4-57ff-95fe-fee113d0e60c,https://tb-static.uber.com/prod/image-proc/processed_images/e0bf0e9f870ed2e795585eb7d2800e82/a70f5c9df440d10213e93244e9eb7cad.jpeg,https://www.ubereats.com/es-en/city/guadalajara-es-cm,CC-MAIN-2023-23
2023-06-,Guadalajara,Indian Aroma,Uber Eats,"Nuevo Alamin Local. No 10, Guadalajara, Castille-La Mancha 19005, Guadalajara, 19005",Guadalajara,India,India|Rice &amp; Curry|Vegetariana|Bar Food|Parrilla|Biryani|Platos con arroz,,,€,,,,False,False,,,https://www.ubereats.com/es-en/store/indian-aroma/3d01e7ab-6899-4a2c-8a65-9e37f2cedb0a,https://tb-static.uber.com/prod/image-proc/processed_images/7b279f04500047658d6c22ac0d09130e/a70f5c9df440d10213e93244e9eb7cad.jpeg,https://www.ubereats.com/es-en/city/guadalajara-es-cm,CC-MAIN-2023-23
2023-06-,Guadalajara,Kebab Istanbul,Uber Eats,"Avenida De Eduardo Guitián 19, Guadalajara, Castille-La Mancha 19002, Guadalajara, 19002",Guadalajara,Kebab,Kebab|Turca|Comida rápida|Ensaladas|Alitas de pollo|Postres|Bebidas|Alcohol,,,€,,,,False,False,,,https://www.ubereats.com/es-en/store/kebab-istanbul/5ffa57e1-e519-4795-9b28-143e8c49ebfe,https://d1ralsognjng37.cloudfront.net/b24e5ed5-f821-4375-b360-6a15b7beb33e.jpeg,https://www.ubereats.com/es-en/city/guadalajara-es-cm,CC-MAIN-2023-23
2023-06-,Guadalajara,Plan B Market Express,Uber Eats,"Calle De Felipe Solano Antelo 13, Guadalajara, Castille-La Mancha 19002, Guadalajara, 19002",Guadalajara,,,,,€,,,,False,False,,,https://www.ubereats.com/es-en/store/plan-b-market-express/f7263314-bf72-510f-885b-c4d75920a132,https://tb-static.uber.com/prod/image-proc/processed_images/a1a6c2e427aaa2a79eec563dceebed7b/a70f5c9df440d10213e93244e9eb7cad.jpeg,https://www.ubereats.com/es-en/city/guadalajara-es-cm,CC-MAIN-2023-23
2023-06-,Guadalajara,Kebab Pak,Uber Eats,"Calle De Segovia 1, Guadalajara, Castille-La Mancha 19005, Guadalajara, 19005",Guadalajara,Kebab,Kebab|De Oriente Medio,,,€,,,,False,False,,,https://www.ubereats.com/es-en/store/kebab-pak/74f35197-ed4e-4680-b5c5-32a2f4b80571,https://d1ralsognjng37.cloudfront.net/41aa84c4-ef21-4a6b-9686-473f48dcb6b1.jpeg,https://www.ubereats.com/es-en/city/guadalajara-es-cm,CC-MAIN-2023-23
2023-06-,Guadalajara,Restaurante el Cisne,Uber Eats,"Plaza Bejanque, 12, Guadalajara, EMEA 19005, Guadalajara, 19005",Guadalajara,Desayuno y brunch,Desayuno y brunch,,,€,,,,False,False,,,https://www.ubereats.com/es-en/store/restaurante-el-cisne/b859c1a9-bbd8-4531-b182-57ad3443ccdc,https://tb-static.uber.com/prod/image-proc/processed_images/318aeabd2bb8734ed7604962c23c3b70/a70f5c9df440d10213e93244e9eb7cad.jpeg,https://www.ubereats.com/es-en/city/guadalajara-es-cm,CC-MAIN-2023-23
2023-06-,Guadalajara,Play Burger,Uber Eats,"Calle Del Doctor Layna Serrano 2, Guadalajara, Castilla-La Mancha 19002, Guadalajara, 19002",Guadalajara,Americana,Americana|Hamburguesas,,,,,,,False,False,,,https://www.ubereats.com/es-en/store/play-burger/afeadb84-441c-4959-aed8-1fdc0d9d9b4e,https://tb-static.uber.com/prod/image-proc/processed_images/ad329b3782f0da74279811656fb9ee2e/a70f5c9df440d10213e93244e9eb7cad.jpeg,https://www.ubereats.com/es-en/city/guadalajara-es-cm,CC-MAIN-2023-23
2023-06-,Guadalajara,Pizzeria Carlos Guadalajara,Uber Eats,"Bulevar De Entrepeñas Nº16, Madrid, Spain 19005, Madrid, 19005",Madrid,Italiana,Italiana,,,€,,,,False,False,,,https://www.ubereats.com/es-en/store/pizzeria-carlos-guadalajara/a3b4e068-ca46-541a-b04f-bf3a3d56aae0,https://tb-static.uber.com/prod/image-proc/processed_images/6c94701019cc54ef3a16bef6f0f0caf7/a70f5c9df440d10213e93244e9eb7cad.jpeg,https://www.ubereats.com/es-en/city/guadalajara-es-cm,CC-MAIN-2023-23
2023-06-,Guadalajara,KEBAB PARSA,Uber Eats,"Calle Virgen De La Soledad 35, C, Guadalajara, EMEA 19002, Guadalajara, 19002",Guadalajara,Halal,Halal|De Oriente Medio|Kebab,,,€,,,,False,False,,,https://www.ubereats.com/es-en/store/kebab-parsa/297dd1bd-dae2-477f-a09a-e653b7e1bf97,https://tb-static.uber.com/prod/image-proc/processed_images/8d8fcbf008c17a6194fc59bb156e3eda/a70f5c9df440d10213e93244e9eb7cad.jpeg,https://www.ubereats.com/es-en/city/guadalajara-es-cm,CC-MAIN-2023-23
2023-06-,Guadalajara,Shalimar Doner Kebab,Uber Eats,"Avenida De Beleña 6a, 19005, Guadalajara, EMEA 19005, Guadalajara, 19005",Guadalajara,Kebab,Kebab|Turca|Vegetariana,,,€,,,,False,False,,,https://www.ubereats.com/es-en/store/shalimar-doner-kebab/c8955bc9-1aeb-46db-96df-4fe8bcbd2c79,https://d1ralsognjng37.cloudfront.net/264cb1f0-9e91-43ff-9149-292a3f085d0d.jpeg,https://www.ubereats.com/es-en/city/guadalajara-es-cm,CC-MAIN-2023-23
2023-06-,Guadalajara,RESTAURANTE CASA DE FU,Uber Eats,"Av Del Castilla La Mancha P7 Nave3, Cabanillas Del Campo, EMEA 19171, Cabanillas del Campo, 19171",Cabanillas del Campo,Asiática,Asiática|Sushi,,,€,,,,False,False,,,https://www.ubereats.com/es-en/store/restaurante-casa-de-fu/54d964d9-9479-5c7b-927c-f630ef81bfa1,https://d1ralsognjng37.cloudfront.net/94aa81d4-3bf7-495f-b972-29a60246b6e6.webp,https://www.ubereats.com/es-en/city/guadalajara-es-cm,CC-MAIN-2023-23
2023-06-,Guadalajara,Dia Avda. Maria de las Mercedes,Uber Eats,"Avda. Maria De Las Mercedes, 2, Alovera, EMEA 19208, Alovera, 19208",Alovera,Supermarket,Supermarket,,,,,,,False,False,,,https://www.ubereats.com/es-en/store/dia-avda-maria-de-las-mercedes/537d6cdb-55af-51fe-96d4-c7ad73a9fce6,https://tb-static.uber.com/prod/image-proc/processed_images/16dcc4941c3c6b7b3905364477dc5a43/a70f5c9df440d10213e93244e9eb7cad.jpeg,https://www.ubereats.com/es-en/city/guadalajara-es-cm,CC-MAIN-2023-23
2023-06-,Guadalajara,"Dia Avda. Maria de las Mercedes, 2",Uber Eats,"Avda. Maria De Las Mercedes, 2, Alovera, Spain 19208, Alovera, 19208",Alovera,Vino,Vino|Convenience Store with Alcohol|Supermarket|Tienda de comestibles|Alcohol|Aperitivos|Fruta,,,€,,,,False,False,,,https://www.ubereats.com/es-en/store/dia-avda-maria-de-las-mercedes-2/340ff7c9-7e50-5405-9e0f-b93d716489b1,https://tb-static.uber.com/prod/image-proc/processed_images/16dcc4941c3c6b7b3905364477dc5a43/a70f5c9df440d10213e93244e9eb7cad.jpeg,https://www.ubereats.com/es-en/city/guadalajara-es-cm,CC-MAIN-2023-23
2023-06-,Guadalajara,McDonald's (Azuqueca de Henares),Uber Eats,"Calle Rafa Pascual, Azuqueca De Henares, Spain 19200, Azuqueca de Henares, 19200",Azuqueca de Henares,Americana,Americana|Hamburguesas|Comida rápida,,,€,,,,False,False,,,https://www.ubereats.com/es-en/store/mcdonalds-azuqueca-de-henares/c3ef1cf2-c4fd-46cc-b942-e7575e66c8ed,https://tb-static.uber.com/prod/image-proc/processed_images/ecec6ad0ccf691a5f33a895d089d9f1c/a70f5c9df440d10213e93244e9eb7cad.jpeg,https://www.ubereats.com/es-en/city/guadalajara-es-cm,CC-MAIN-2023-23
2023-06-,Guadalajara,Hungrys - Azuqueca,Uber Eats,"Avenida La Constitución 17, Azuqueca De Henares, EMEA 19200, Azuqueca de Henares, 19200",Azuqueca de Henares,Americana,Americana|Pizza,,,€,,,,False,False,,,https://www.ubereats.com/es-en/store/hungrys-azuqueca/7869bb04-4bfd-42ab-a188-9c26a388c002,https://d1ralsognjng37.cloudfront.net/8311ff9a-3fde-4530-b4a5-fce494acd40b.jpeg,https://www.ubereats.com/es-en/city/guadalajara-es-cm,CC-MAIN-2023-23
2023-06-,Guadalajara,Masa Padre,Uber Eats,"Av. De La Alcarria, 19200 Azuqueca De Henares, Guadalajara, Spain, Castille-La Mancha 19200, Azuqueca de Henares, 19200",Azuqueca de Henares,Española,Española|Tapas,,,€,,,,False,False,,,https://www.ubereats.com/es-en/store/masa-padre/ecb886bc-8501-5cd2-95dc-008ddd280bf2,https://tb-static.uber.com/prod/image-proc/processed_images/f980e5863ed4c450b1bc64e051baf2d1/a70f5c9df440d10213e93244e9eb7cad.jpeg,https://www.ubereats.com/es-en/city/guadalajara-es-cm,CC-MAIN-2023-23
2023-06-,Guadalajara,Bar Taperia El Eden,Uber Eats,"Avd Alcala 2, Azuqueca De Henares, EMEA 19200, Azuqueca de Henares, 19200",Azuqueca de Henares,Hamburguesas,Hamburguesas|Pollo|Pizza|Comida rápida,,,€,,,,False,False,,,https://www.ubereats.com/es-en/store/bar-taperia-el-eden/b80d65a8-3920-5b09-8428-5fbda1bd63dc,https://tb-static.uber.com/prod/image-proc/processed_images/f9f0efcaf95200fcebb3706a158f829a/69ad85cd7b39888042b3bbf1c22d630d.webp,https://www.ubereats.com/es-en/city/guadalajara-es-cm,CC-MAIN-2023-23
